PersonKey,Account.FirstName,Account.LastName,Account.Biography,Account.Photo
,,,,
3fefdd99-4bb8-4e7e-87b0-000ec6969383,Fabio,Molin,,
e04a5f73-9964-4762-b11d-0010ad690283,Karch,Smith,Current orthopaedic resident at UC San Diego with a background in shoulder and elbow research and a current interest in pursuing shoulder and elbow vs. sports medicine for fellowship training. ,
e2fe3acb-7cfc-40d5-a286-001232f2a953,Charbel,Issa,,
122264d6-24a0-4d5b-8884-001a3e10e81b,Richard,Peluso,,
7e51cefd-bceb-4d03-81ca-004c5a1ea008,Nicholas,Morriss,,
a79f0f2a-cf10-4e54-83fc-005499cb3a29,Terry,Axelrod,,
e6c859c0-7217-4b28-9036-0058acbeef80,Mayek ,Gupta,,
a1e518ad-bba5-4d92-9650-0066d45abcad,Antonio,Madrazo-Ibarra,,
d73dfff1-aa92-48d0-be5b-006b09b17114,Jason,Hsu,,
e8333547-ccae-4f06-bda1-0079668bd9cb,John,Ranson,,
a84940cd-667c-423c-8da1-007f884ede2c,Qihuang,Qin,"Dr. Qihuang Qin is an orthopedic surgeon specializing in shoulder surgery and sports medicine at Beijing Jishuitan Hospital, China. His academic work focuses on clinical and basic research, with particular interests in shoulder instability, rotator cuff disorders, and osteochondral lesions.",https://files.abstractsonline.com/assocphotos/2656/a84940cd-667c-423c-8da1-007f884ede2c.profile.jpg
49f0e6cf-8799-4f3b-aad3-00833c85e468,Austin,Witt,,
e4b22de6-26fb-4df5-87b8-0094436076c3,Blake,Hajek,,
e88307d6-2966-4cc0-835a-009fcb031d2e,Jason,Ho,"Staff Shoulder & Elbow Surgeon - Cleveland Clinic, Assistant Professor of Orthopedic Surgery - Cleveland Clinic Lerner College of Medicine of Case Western Reserve University, specializing in primary and revision shoulder and elbow surgery",
206cc31b-51f2-42c5-a475-00a9a2dbf8cf,Blaine,Sophia,,
226fda19-a99f-4888-b7ce-00ab35d24866,Kevin,Heo,,
00156865-bff1-41be-9942-00cfbe35e5f6,Isabella,Capin,,
53d09d0c-acf5-4f7b-81c1-00e249e5e828,Charles,Gallagher,,
5fe68e26-e668-4ff9-bed6-013e4edd07a4,Ram,Yaron,,
cdc33991-dbbd-41ba-a9bf-013fbca8ffcc,Pearce,Haldeman,,
33ecd1e1-2f98-475f-bafd-01561f7b107c,Joo,Sunwoo,,
8f386628-d77f-4507-ad6e-0159bf537303,Madeleine,Orringer,,
098aeded-a8c6-4f2a-8e4f-017144754637,Toavs,Trevor,,
6a1033ae-bed2-48f8-95cd-01a4f2233cd4,Darren,Drosdowech,,
6b97c7cb-0c7d-41d5-b10e-01ac5cd3221e,Haluk,Yaka,,
e899b3f7-2be0-405b-9d0c-01b2316d0942,Graham,Kerr,,
e19298ee-b87c-4e85-8a4a-01c9fb0f3134,GUILHERME,AZEVEDO,,
e24a66b8-6150-4b7b-b64a-01ca612a07a4,Sven,Benken,,
cd739ca4-ba1d-4e13-9235-01cd0eb7280f,Matthew,McKinley,,
25ba3ac0-7957-4e3b-9b67-01d3bdaff470,Kenny,Chang,,
531b88a1-b770-421f-bd93-01dee80c7577,Andrea,Palazzolo Ray,,
73fe5b51-5534-4071-b17a-01dfafd4d117,Tiago,Martinho,,
1328e599-cf4a-4076-8c07-01e3282f6f3c,Tae Kang,Lim,,
f7c3b4a7-10f3-4548-821a-01e458c33448,Jesus,Davila,,
951280a0-155f-4fd8-b03f-01e597274391,Marina,Hitz,,
76d65615-eb61-4925-8652-02136abae893,Joaquin,Sarmiento,,
da82f5e9-6e12-4d85-8b0f-0224c5b1be1e,Greg,Nicholson,,
e3ac1b68-f2af-4fa8-9b8e-022eefdfe5f3,Danielle,Dagher,,
09946c7e-f086-4ac4-859d-0239369c720c,Max,Sullivan,,
db8f332b-8045-40ff-b6f5-02440bad3af0,Amit,Modi,,
7eb49c1e-095d-47b9-85ff-02664faf932e,Grzegorz,Slota,,
0384e3e0-b186-431e-af22-028043e7787e,Jarret,Weinrich,,
d866a712-3587-4661-9f65-02840098a342,Ramakanth,Rajagopalakrishnan,,
f3b3e51f-a163-40f2-8bf4-0295653fe08e,Samuel,Rosenberg,,
fd4f2256-0231-40c6-8948-02a42296e7be,Patrick,Carroll,,
e69caf57-7242-4b09-9585-02a8fe615993,Jasraj,Raghuwanshi,Orthopaedic Research FellowMusculoskeletal Education and Research Center (MERC)Carilion Clinic Department of Orthopaedics,
ce855ff8-3c7a-49b1-b5e2-02afff1dba59,Azadeh,Ghouchani,,
ee9146b9-f050-43a4-b5b0-02b40ba0fcc3,Robert,Reis,,
c68e194c-04e8-42f9-a208-02e088e8820e,Yves,Schäfer,,
639b2f2f-4a08-4da8-8ace-0303f6b4e93d,Vidushan,Nadarajah,,
57a3fe95-4d2a-4dbb-9fe1-03051fc3169f,Victor,Cardona Pérez,,
b7edc5f0-b3a8-4092-ab4f-0308dfe9e4e6,Victor,Martinez,,
8658de9f-f6bc-444f-ac4a-030ce1059444,Jan-Philipp,Imiolczyk,,
72879d9d-b2aa-4907-a57b-032a7326ad67,John,Dibato,,
7b73cc7a-6d06-4fcb-a00e-0337a685c566,Hunter,Gutting,,
72432c0b-798e-4475-ac70-0338e86b1a09,marius,espag,,
0f56cbf1-ab3e-4f13-9a83-035d07502c87,Patrick,Castle,,
825278ae-5af3-46ec-b7be-03859b540bd7,Anish,Gangavaram,,
b32caf6b-dc7e-4749-ad56-038aa6c2e043,Daniel,You,,https://files.abstractsonline.com/assocphotos/2656/b32caf6b-dc7e-4749-ad56-038aa6c2e043.profile.jpg
0beb1814-2684-4208-8a7b-038bcb97831c,Heinz,Redl,,
87314626-e87e-43d9-a94c-03a09f681534,Elena,Montgomery,,
a85477ff-bab3-4f3e-b3d4-03aa3491d484,Kentaro,Ise,,
c1d5188d-4f34-43ae-9c31-03b63b037993,Cemil,Gedik,,
12dc79d2-6dab-47ab-9725-03b7f47d7c8c,John,Moore,,
a0894240-18f9-4231-9a56-03bdae5324fe,Michael,Fu,,
1468ddae-5d61-4219-abb4-03bdb62de07a,Benjamin,Brej,,
84c878d5-e4db-46a4-801d-03df291f5a4f,Julian,Wier,,
3430447c-36f0-43df-bb9c-03e949554bba,Samuel,Taylor,,
d0003807-2cba-49cb-8493-03e9ab2c9c9c,Jorge,Ascencio Aragon,,
acd81eba-87b4-4d87-bb36-03fc7fbe61c9,Subhasis,Basu,,
ea4ac3c7-9528-4acd-b146-04060eba15ed,Sai Prasada Rao,Manikonda,,
072c7d4a-8e10-4bc9-8df1-040c50352bf0,Marcus,Lee,,
a1bd070c-5706-45f0-9cb5-042ac9957e45,Michael,Hajjar,,
f551495f-2414-49a9-85bd-042c740bd5d3,Luís,Gomez-Vieira,,
38d34547-249f-45d4-b2d0-042d6f080894,Megan,Anderson,,
89cb8b54-616b-418d-9343-043cc65c2686,Alberto,Rivera Rosado,"Fellow 2009-2010 Plancher Orthopedics and Sports Medicine, Past President Puerto Rico Orthopedic Society, Founder and Past President Puerto Rico Shoulder and Elbow Society, Associate Professor Ponce School of Medicine, 1st Vice- President  Latin American Shoulder and Elbow Society",https://files.abstractsonline.com/assocphotos/2656/89cb8b54-616b-418d-9343-043cc65c2686.profile.jpg
8d66def8-cde7-4f12-ae11-043cf03841e6,Labib,Syed,,
ddf329b9-2d9c-4d0e-8cb0-04469a24f334,Yasutaka,Yoshimura,,
552f7179-806c-4f60-9e92-044b81cdfba0,Andrew,Davies,"Mr Andrew Davies is a Trauma and Orthopaedic surgery trainee (ST8) in London, U.K., with a PhD from Imperial College London and FRCS (Tr Orth). His main research focus is shoulder arthroplasty and outcomes of the National Joint Registry. He represented the Great Britain Age Group Triathlon Team in 2022.",https://files.abstractsonline.com/assocphotos/2656/552f7179-806c-4f60-9e92-044b81cdfba0.profile.jpeg
ea28c73a-b71e-4e9b-8d6b-048fd07150e7,Bo taek,Kim,,
1f0d2134-f0a3-4e49-9e7a-04a4002466ab,Lydia,Hetznecker,,
1de39387-8e45-4e41-9ccc-04b060596924,Noah,DiNapoli,,
2f23eb4c-e591-4ab0-901e-04b71ae1a81d,Camilo,Hernandez Joya,,
94e81ffd-031f-469c-8dc4-04bd6ade18bb,Ty,Agaisse,,
24bb4443-3c12-4cb6-b519-04ced3125096,Euan,Stubbs,,
4e3655bf-d0ee-42c8-8355-04d8c5e012be,Renato,Andrade,,
7c166394-8e73-4349-9e3c-04dc37becdde,Ayomide Michael,Ade-Conde,,
020b8803-8a39-4fdd-939d-04e0f17f670f,Rachel,Price,,
0d5c2acc-021d-4b68-a38b-04f1bf41b23b,Alexandre,Hardy,,
2ea2f202-28ba-4f24-b8a9-04f4f05c1c12,Emi,Mizushima,,
a160bc8e-a136-4d05-90d8-04f57e429b50,Moeed,Akbar,,
addba425-8214-4075-8ec5-0502b9115cae,Ermyas,Kahsai,,
3586e980-bac2-4035-82a1-05050dc026f7,Katsuhiko,Maezawa,,
7d835848-151f-4bf4-b11f-0513178c6e77,Steven,Grindel,,
c776ffa7-f859-4bdb-a80e-05270b5a70f6,Piotr,Lukasiewicz,,
0cb50a23-2da4-4f34-9099-053364d1b2d0,David,DeWitt,,
8db851df-4588-4e84-b443-053b213bd48f,Eddie,Lo,,
4aa63c36-86c2-4966-aa44-0550d56558fe,María Jesús,Lira,,
0011525c-1e95-41d5-95ba-05577a9c48ad,Gloria,Coden,,
fb9df38d-3c2e-4175-b5c9-055ce1c401d7,Cristobal,Lopez,,
f85191e1-d892-4b1a-81b2-0582a70a79fa,Stefan,Guiloff,,
79280563-446b-4e77-906b-0582ffeca464,Burhan,Mirza,,https://files.abstractsonline.com/assocphotos/2656/79280563-446b-4e77-906b-0582ffeca464.profile.jpg
7db0eba5-546a-4558-bc29-058441801ecc,Kevin,Valdes,,
da764de7-1557-488a-a7fd-058a1557095c,Angela,Kedgley,,
aafeabe0-2b42-4621-bbc9-059b4ed7f40d,Jonah,Hammerstedt,,
d5350b86-21a0-46da-ba6b-059ee8aed22b,Young-Min,Kwon,,
3f9755a3-1eaa-49e9-99be-05bacf181db2,Kevin,Eng,,
c2f090a5-465b-4b87-96c3-05c3501c8535,Hady,Ezzeddine,,
05edce98-9af8-4118-b029-05c77e3f4f01,Aron ,Kuroiwa,,
65d943ed-1e48-46af-a8e2-05d0de74b890,Jonathan,Barlow,,
988da4b2-6008-4922-867b-05e22dd0ffc8,Yuxuan,Jin,,
645a93ec-af4c-4510-84ff-05e393923617,Linda,Zhang,,
3965df75-48b7-465a-8973-05e4998ac3fe,Luc,Petitclerc,,
918a24c7-ccef-4b5b-899a-05f2171e95e7,Dominic,Farronato,,
2ba31f59-bf60-4ac9-bfbe-05f6c153d61d,Lana,Smith,,
98eb73a6-4514-4dec-9798-05fe4381925d,Ali,Kiapour,,
27cb515c-0476-4beb-b396-05ffeb25ce02,Brienna,Buchanan,,
487fb791-a4ed-4f5b-a0ae-0636228f8d3c,Alec,Riehl,,
e1d59308-5ea9-4983-a19a-0639be54f654,Nicholas,Trasolini,,
5af1157e-5a7c-45ea-9a34-063fd4b9cd29,Ayomide,Ade-Conde,,
a47a3d1c-523f-4319-8ffa-06442e9e4501,Olivia ,O'Malley,Ms O'Malley is a Trauma & Orthopaedic Specialist Registrar and is currently completing her PhD at Imperial College London focusing on the clinical and patient outcomes associated with the increasing use of Reverse Shoulder Arthroplasty. ,https://files.abstractsonline.com/assocphotos/2656/a47a3d1c-523f-4319-8ffa-06442e9e4501.profile.png
3aced1bb-3a59-4e26-a2d7-064b407fae48,Christopher,Bayne,,https://files.abstractsonline.com/assocphotos/2656/3aced1bb-3a59-4e26-a2d7-064b407fae48.profile.png
b66b625c-fdc7-44a9-996f-068119336205,Raahil,Patel,,https://files.abstractsonline.com/assocphotos/2656/b66b625c-fdc7-44a9-996f-068119336205.profile.jpeg
0ab24a36-70d9-4017-9ed5-068d51df35d0,Yuichiro,Miura,,
6be0b852-6bbf-4493-b061-068d784af4ff,Maika,YAMAMOTO,,
7c6247de-5a0e-4ed5-ab5c-068df150ee6a,Noel,Carlos,,
2cf9b21a-23fc-4e2f-8748-068ee4ec01ba,Ansaba,Naseer,,
b37a3b01-9c4e-4dad-8f53-069c6f29c4d1,Ryan,Bicknell,"Dr. Bicknell is an Associate Professor of Surgery and Mechanical and Materials Engineering at Queen’s University with a clinical interest in shoulder and elbow reconstruction, arthroplasty, arthroscopy and sports injuries.  He is also the Paul B. Helliwell Chair in Orthopaedic Research. His research interests include arthroplasty design, biomechanics, computer-assisted surgery and clinical outcome studies.  Dr. Bicknell completed subspecialty training in shoulder and elbow surgery in Sydney, Australia, Nice and Lyon, France, and Seattle, Washington. He is currently a member of the American Shoulder and Elbow Surgeons (ASES), the European Society for Surgery of the Shoulder and Elbow (SECEC) and the Canadian Shoulder and Elbow Society (CSES).",https://files.abstractsonline.com/assocphotos/2656/b37a3b01-9c4e-4dad-8f53-069c6f29c4d1.profile.jpg
234ec2cf-c605-42d0-baf3-06bb52ef1735,Ruth,Delaney,,https://files.abstractsonline.com/assocphotos/2656/234ec2cf-c605-42d0-baf3-06bb52ef1735.profile.JPG
c051feb2-191f-4c08-b59a-06d061b3704b,Lauren,Wessel,,
79b14ede-2235-45cc-b4a6-06dda5a9d214,Daniel,Donato,,
55812092-4656-4ac4-9fcc-06e12195256f,Takayuki,Kawasaki,,
204972f1-2dbc-44ce-a4eb-06e7620a563d,Justin,Givens,,
86a544e9-43a1-4c7b-afac-06f64202a13c,Andrew ,Zhou,NIHR academic resident in Trauma and Orthopaedic Surgery | Cambridge University Medical Graduate ,
3f11673e-7e6c-48a9-ab11-07114bc035ec,Ben,Langley,,
9c029edf-c0f6-4eb6-9691-071e41157583,André,Godinho,,
6f3063a2-563e-4535-8efa-07276ad71207,Mark,Dillon,,
6614d0d0-14a2-4959-aefe-0744b33b723d,Matthew,Karam,,
7f9bc314-98f9-456b-b822-074a4d0d5164,Daniel,Park,,
208a9530-9413-4584-88a3-075f007c9ae2,James,Friedman,,
ace71d1b-b779-43a1-90f8-075ff02a07b5,Sadhbh,McCay,,
abcde95f-67f2-476d-98fd-078acd59cc79,Tomoshige,Tamaki,,
a9365829-d4de-4e41-850d-07a3c7082278,Scott,Brunet,,
10bf0421-e270-44d6-9654-07a5b7af1079,Kaja,Leslie,,
7610a9d3-c1b1-4628-8c40-07ab17ff8de1,James,Richard,,
74fb1a7e-24df-4461-a09e-07b95fca3d73,Ronak,Mahatme,,
46300f67-9063-4562-90cb-07c5d38ba772,Arun,Prashanth,,
ba819f96-cc01-47ce-87cf-07cfe79ee134,Ryosuke,Ozawa,"I am a radiologic technologist in Japan with a particular focus on the shoulder. My research interests include CT- and MRI-based assessment of the rotator cuff and deltoid muscle, as well as imaging evaluation of outcomes after reverse shoulder arthroplasty.",https://files.abstractsonline.com/assocphotos/2656/ba819f96-cc01-47ce-87cf-07cfe79ee134.profile.jpg
af7a2cd6-a8d4-4ecc-9487-07d86c8db42e,Stephan,Pill,,
bbda647c-dfe2-4c77-88b2-07e4972eca03,Elizabeth,Hebert,,
5e6577ff-fcf9-4e9d-9fa6-08109e66fd7d,Silvampatti,Sundararajan,,
e394c98a-ade5-441f-a6a6-081eb1347c42,Jean,Gaillard,,
ca11fa28-8dd3-4fe0-83e7-0825049bb854,Kelsey,Loyd,,
4203ba10-3762-4957-bdb7-084d7f4772c9,Panagiotis,Anastasopoulos,,
76a645a3-dd2d-4f88-9874-085701ee27c5,Alejandro,Benito,,
733adcd4-1b58-4198-a332-0862adffc4b2,Katherine,Burns,,
c14c5fc0-4ed7-4dd6-87fc-086af9bda289,Theodorakys,Marin Fermin,,
0e12a343-0ab1-4c8d-a1ac-086f3aa5a7da,Alex,Macfarlane,,
5bc13f97-522e-41be-bacd-087780658a3e,Tim,Schneller,,
9b0008e8-902f-4473-a1e7-087e6142ee80,Ioannis,Aifantis,,
14fadfa7-7860-48e5-8d6e-08807482a8d6,Eike,Martens,,
d1242676-a064-49f8-abb8-088785ba0f85,Chuck,Lam,,
9945df26-1bee-4937-9f4d-0898793bd537,Joshua,Taylor,,
d03f03a3-7b82-4860-8ca5-08a9576733f4,Umer,Nasir,,
65a44a11-a864-4fd0-bd36-08d2d04a93a8,Siddarth,Raj,,
dacf0f04-fbe3-4770-953f-08dd554fe39c,Perra,Razoky,,
27493e72-ac61-407d-974b-08e43aca07b4,Martina,Coppola,,
086d2625-1fbd-43b3-8bf8-08f578b82e2d,Christine,Silva,"Christine Maria Muniz Silva, MD, MSc, PhD*- Medical Doctor, Federal University of Ceará - Residency in Orthopedics and Traumatology, Dr. José Frota Institute - Board-Certified Specialist in Orthopedics and Traumatology, Brazilian Society of Orthopedics and Traumatology - Board-Certified Specialist in Shoulder and Elbow Surgery, Brazilian Society of Shoulder and Elbow Surgery - MSc in Medical-Surgical Sciences, Federal University of Ceará - PhD in Medical-Surgical Sciences, Federal University of Ceará - Residency Supervisor, Orthopedics and Traumatology, General Hospital of Fortaleza",
e23a513f-b4a6-48eb-a942-090cf3d006cf,Mazda,Farshad,,
5e018ff0-db2c-47aa-95be-09100639e86d,Andrew,Miller,,
301355ae-27a8-4a5a-8ab2-0938ff855721,Kristofer,Hallberg,,
28383526-4089-4eda-be5b-093f57e6974e,McFarland,Edward,,
16c61262-af90-4461-a31a-09714553f71d,Crystal,Yu,,
4db6cd74-a932-4367-bf5f-0978e98f617b,Neal,Millar,,
f32d7ecb-a3dc-42d3-afde-0985934576e3,Eric,Belzile,,
c0c7f933-ff21-4c07-bf3b-09aecc6a4456,Robert,Potra,,
425e6706-0585-4e3d-a5b8-09be6cd16720,Alberto,Izquierdo,,
96110a95-72a9-429b-bba8-09c0a15c8c67,Delaney,MacIntosh,,
1c890bd8-970b-4406-b520-09c414bef127,Anish,Gangavaram,,
f9d88ccb-5228-4af7-b491-09cf23cbea60,Christopher,Mehallo,,
60620d6b-ae77-4a25-8859-09da9919aebb,Cassandra,Lee,,
e5182f49-2028-41d5-9d8b-09ddb03530c2,Ulrich,Stockle,,
6b9682de-0e9a-44b9-beab-09e191ae8acf,David,Endell,,https://files.abstractsonline.com/assocphotos/2656/6b9682de-0e9a-44b9-beab-09e191ae8acf.profile.png
190430a3-2ecb-4380-9c7a-09e4aa5b3599,Piotr,Lukasiewicz,,
363b4601-fe07-48a1-995d-0a105a30e5bf,PIERRE,METAIS,Shoulder surgery; education and researchPast-president of the French Society of Shoulder and Elbow Surgery (SoFEC),
1949993a-04bb-4337-9ca0-0a18ea4dbbea,Michael,Anderson,,
0d9270d5-762c-4678-830c-0a1b8ada6d74,Anthony,Smyth,,
da39b3c7-e5bf-402b-bdd7-0a419221b254,Daniel,Acevedo,,
846b0f02-4ba2-42c0-b18a-0a4f910326e2,Hiroyuki,Kitagawa,,
1c4d588d-f362-4f84-9bd7-0a6c4b40396e,Hugo,Giambini,,
30e387a8-aa0d-4709-9afa-0a7308ecb038,Ling,Chen,,
50c37a08-4364-4d81-89f2-0a7c6fed4dc2,Harrison,Fellheimer,,
871a1263-7324-4af5-83ad-0a848d041e8b,Hanseok,Ko,,
c6feaddb-ff7f-48e0-8b06-0a86948d52ef,Dean,Ziegler,,
9082e124-36ae-4a3d-941c-0a99cf6a9b84,Joel,Peterson,,
39317359-7611-4930-8b93-0abbdacc7a8d,Antti,Joukainen,,
29affd0c-6834-4dc2-96e0-0ac544ef7615,Takahiro,Honda,,
1d8c74ba-d60c-46bd-883f-0ac5492ecb51,Andrew,Liu,,
5f3b4a93-08f1-4040-8a21-0ac55601fd72,Grant,Jones,,
44f2f3a4-feb6-42bc-81a4-0ad5f8daab42,marina ferreira borges alves ,alves,"EducationDoctor of Medicine (MD equivalent)Federal University of Pernambuco (UFPE), Brazil2006 – 2012Postgraduate TrainingResidency in Orthopedic Surgery and TraumatologyHospital Otávio de Freitas, Brazil2014 – 2017Fellowship (R4) in Shoulder and Elbow SurgeryShoulder Group, Clínica ARTHRO and Center for Trauma and Orthopedics (CTO), Real Hospital Português, BrazilMarch 2017 – March 2018Supervisor: Fabio Brandão, MDFull-time position (40 hours per week)Clinical ExperienceObservership in Shoulder and Elbow SurgeryOctober 2016 – November 2016Preceptor: Glaydson Godinho, MDInternational Observership in Shoulder and Elbow SurgeryPrinceton Orthopaedics, PA, New Jersey, USAOctober 2017Preceptor: Jeffrey S. Abrams, MDProfessional MembershipsBrazilian Society of Orthopedics and Traumatology (SBOT)Brazilian Society of Arthroscopy and Sports Traumatology (SBRATE)Professional ExperienceOrthopedic Surgeon – Shoulder and ElbowArthro Clínica, Recife, BrazilOrthopedic Surgeon – Shoulder and ElbowIncore, Recife, BrazilOrthopedic Surgeon – Shoulder and ElbowOrtocentro, Recife, BrazilTeaching and Academic ExperienceInstructor in shoulder and elbow surgery courses, including the Orthoserv Shoulder Course (Naples, Florida, USA) and Arthrex educational programs across South America and the United States",https://files.abstractsonline.com/assocphotos/2656/44f2f3a4-feb6-42bc-81a4-0ad5f8daab42.profile.JPG
73cec5bd-deb2-4651-aa5d-0ad88d4f14ee,Joo Han,Oh,"Professor, Dept. of Orthopedic Surg, Seoul National University College of MedicineFormer Chairman, Dept. of Orthopedic Surg, Seoul National University Bundang Hospital Chairman, Board of the Directors, The Korean Orthopaedic AssociationPresident, The Korean Orthopaedic Ultrasound SocietyFormer President, The Korean Shoulder and Elbow Society (2019. 4 ~ 2021. 3) Former President, The Korean Arthroscopy Association (2024. 10 ~ 2025. 10)Secretary General, 2016 13th International Congress of Shoulder Elbow SurgeonsNational Academy of Medicine of Korea, Active member since 2020. 1. 10Chairman of Medical Advisory CommitteeKorean Baseball OrganizationKorean Skating Organization Corresponding member of the Development Commission, FIMS (Fédération Internationale de Médecine du Sport, International Federation of Sports Medicine) since 2019Vice President and Executive member, AFSM (Asian Federation of Sports Medicine) since 2023. 01Board Member, APKASS (Asia-Pacific Knee, Arthroscopy and Sports Medicine Society since 2023. 06Basic Science Editor of JSESEditorial Board of AJSM Winner of 2013 & 2025 Charles S Neer Award by American Shoulder Elbow Surgeons NIRA Winner in 2016 Orthopaedic Research Society Award Winners for Excellence in Basic Science Research by Arthroscopy: The Journal of Arthroscopic and Related Surgery More than 240 SCI papers as a first / corresponding author17 Books as a main author or co-author or chapter author",https://files.abstractsonline.com/assocphotos/2656/73cec5bd-deb2-4651-aa5d-0ad88d4f14ee.profile.jpg
df2c7c32-c49b-409d-82f6-0ad88eee9549,Kenta,Takatsuji,,
4a13f7df-5585-4b53-baef-0ae57549cfb4,In wook,Yeo,,
60696914-769c-48cf-823b-0b03473b55f9,Aron,Kuroiwa,,
a27e49a0-0272-48b8-b9be-0b066113c4c0,Philipp,Streubel,,
1fe9405b-3528-4161-abc7-0b073c3144a8,Sai,Devana,,
00dc5c22-192c-4999-9f7d-0b1a46be2480,Sebastian,Lappen,,
1d66014b-4bb2-43cf-965e-0b54d5768a93,Audrey,Manceron,,
f47f561f-5bdf-4b45-8be3-0b5b9196455b,Carter,Lane,,
b0066638-2d17-4264-a11c-0b71ae787e82,Brandon,Fisher,,
1a1494e3-cc96-43f4-9095-0b7bdeedd24c,Juan ,Peralta Vera,,
5fa2d50d-c313-4005-887d-0b7f70481e06,Haoyang,Li,,
ad95925d-92c8-409b-8119-0b800f9bbb6b,Emma,Badowski,,
41ed6078-2300-4602-8692-0bbed7e73c01,tim,cresswell,,
3873f7e3-4378-4813-91fa-0bc1cbe30bd5,Jennifer,Riccobene,,
8eb8d7b3-1511-4f2c-8bd2-0bdc505b67ae,Neal,Patel,,
af64d366-3fec-499e-9a7d-0be699f98552,Youngjae,Lee,,
fd586c49-6741-4b19-a18f-0beec424c3e2,Kodi,Kojima,,
697a99c3-ed45-4438-b1f9-0bf318cf63b6,Salvatore,Capotosto,,
cabb9ae9-a8f6-42ab-b0b7-0bf6844ad567,Michael,OBrien,"Dr. Michael O’Brien is a Professor of Clinical Orthopaedics at Tulane University, Director of Shoulder and Elbow Surgery, and the Residency Program Director for the Tulane Orthopaedic Surgery Residency Program. He is an Active Member of the American Shoulder & Elbow Surgeons (ASES), the Arthroscopy Association of North America (AANA), and the Association of Clinical Elbow and Shoulder Surgeons (ACESS). He serves on the Board of Directors for AANA and the Southern Orthopaedic Association. He treats all conditions in the shoulder and elbow. He lectures and teaches courses nationally and internationally and has published numerous articles on shoulder and elbow topics. He lives in New Orleans with his wife and two daughters.",
3626823a-f2df-4fd3-a414-0c0da3d32ef9,Addie,Majed,,
cca18a96-c378-4256-808b-0c1a91308d2a,Eran,Maman,,
ee04ce32-2e33-45b1-ae07-0c4b0596e309,Alexandra,Ross,"Lexie Ross is currently a resident surgeon in the Department of Orthopaedic Surgery at Stanford University. Having played varsity water polo at Stanford as an undergraduate student, Lexie developed a keen interest in orthopaedic sports medicine and shoulder surgery early on in her education. She completed her medical education at the University of Colorado School of Medicine, and is grateful to have continual opportunities to learn from the experts in the sports and S&E fields.",https://files.abstractsonline.com/assocphotos/2656/ee04ce32-2e33-45b1-ae07-0c4b0596e309.profile.png
1f63697a-fd03-44c7-9854-0c568e05ef73,Eva,Gusnowski,"Shoulder Reconstruction and Sports Medicine in Saint John, NB, Canada",https://files.abstractsonline.com/assocphotos/2656/1f63697a-fd03-44c7-9854-0c568e05ef73.profile.jpg
693769a0-9a62-45de-9770-0c5964857e8b,Rodrigo,Beraldo,"Specialist in Shoulder and Elbow Surgery from IOT-HCFMUSP. Master's and Doctorate degrees from IOT-HCFMUSP. Currently an attending physician in the Shoulder and Elbow Group at IOT-HCFMUSP and the Shoulder and Elbow Group at IJOT. Has experience in the field of Medicine, with an emphasis on Shoulder and Elbow Surgery.",https://files.abstractsonline.com/assocphotos/2656/693769a0-9a62-45de-9770-0c5964857e8b.profile.jpg
158b7596-66ed-4658-be7e-0c602f16872d,James,Pruneski,,
ce287724-da76-4cd2-b03f-0c8fad02cc05,Timothy,Buchanan,,
6ecb89bf-7bbe-48d5-82b4-0cc113a0a592,Adam,Bowler,,
1a5330b1-9696-4355-a6ec-0cce43f6af6b,Ignacio,Viedma,,
aa10a304-93b2-47c2-87be-0cd946690c33,Wassim,Aldebeyan,,https://files.abstractsonline.com/assocphotos/2656/aa10a304-93b2-47c2-87be-0cd946690c33.profile.jpeg
190e6156-0266-4a90-bd77-0cedb0fd2d65,Rodrigo,Brandariz,,
d2f71aa2-bcaa-43b1-8b2c-0d2e90209f9d,Jeffrey,Dela Cruz,,
7195067d-06b1-4738-8eed-0d400368a3bf,Tyler,Brolin,,
ca125f3a-bbcd-4217-8722-0d6082c67f83,Ali,Karpousis,,
1bbff237-163b-4b17-b555-0d926548e2f5,Jonas,Vorbau,,
ff066fe4-3124-4b37-b9f7-0d9f0f701ef2,Noah,Wasserbeck,,
54ffba02-585d-43f0-842f-0da50981aeaa,Alexander,Jurayj,,
bb21062a-edfc-47f1-b92c-0db0d050df0a,Faheem,Bhatti,,
532b95b0-5151-4093-8d5a-0dcc98f0d6d2,Kevin,Hao,,
4cb49e39-ad66-469f-bcee-0dd3d49dedd6,Melissa,Merritt,,
cee649b2-3bef-48c2-a836-0dd43ac994c4,Janina,Kaarre,,
c61a7862-26d4-406b-af42-0dea50064f69,Brian,Tao,,
a6c4106c-9bec-4298-8dd4-0df832658587,Roberto,Calbi,,
9ac373b1-e625-45d5-ba41-0df92e068090,philippe,clavert,,
d8911a8b-a505-4982-9a58-0e0da3a8e09c,Patrick,Lam,,
d8cdb386-561d-4109-9f77-0e5a29d86e25,Joaquin,De la Paz,,
b85ca481-db00-4c8a-842c-0e6215bdc29f,Kevin,Bonner,,
182f2e64-54d0-4542-9b20-0e95da3aee0e,Steve,Papp,Dr. Steve Papp is an orthopedic surgeon that specializes in orthopedic trauma and upper extremity surgery. He is currently head of orthopedics at the University of Ottawa.,https://files.abstractsonline.com/assocphotos/2656/182f2e64-54d0-4542-9b20-0e95da3aee0e.profile.jpeg
7694e538-7f97-41ec-a899-0e962daa650b,Marthel,Zamora-GutierrezMD,,
acfdabca-5dd1-4798-8fea-0e97442c4115,David,Graham,,
c0b49a88-10ff-4733-a7d2-0eab56a61310,nicolas,lopez,,
756b009a-2f1f-4e37-9e03-0edb4d617312,G,Huffman,,
cac77783-6211-4f99-9124-0effdb268c8e,Niloofar,Dehghan,Orthopaedic trauma and shoulder/elbow surgeon with dual fellowship training ,https://files.abstractsonline.com/assocphotos/2656/cac77783-6211-4f99-9124-0effdb268c8e.profile.jpg
3c6a8929-21bb-4078-8af9-0f1651736e60,Alice,Lee,,
81eb3c66-00ae-4e49-a157-0f1ec0c41b52,Frederik,Bellmann,,
1732d3a9-7a82-4282-989f-0f3358f98efc,Daisuke,Kurokawa,,
14eaf80d-b93c-41c2-a09c-0f4a441f64c7,Frances,Bengtson,,
f594704d-826c-4a4e-924b-0f5aeedf14ea,He,Fan,,
0bae70a7-344c-4431-bc1a-0f5ebee4af59,Sharika,Kaul,,
b3e631d9-d664-4bdb-88d6-0f6961774587,Dilkeerat,Dhillon,,
da97cba7-3d0f-4b47-825e-0f859552ad63,Ankur,Gupta,,
e5293852-22f0-47ca-af83-0f9a9404f816,Juan,Porollan,,
bbf1f522-a168-4055-bd99-0fb0593900d6,Kanji,Furuya,,
aff5b580-0a40-429f-aa98-0fb093f2074b,Ross,Sian,"ST6 T&O Registrar, Chair of East Midlands North Orthopaedic Committee ",
1fbf36d5-8d8d-464e-8ff2-0fd70055845f,Harshavardhan,Bollepalli,,
ef156911-b9e4-4640-b335-0fe67149890e,Marcin,Dzianach,,
73425ac1-19d4-4255-80b2-0ff9db25f450,Marco Giuseppe,Branni,"Marco Giuseppe Branni is a Senior Biomedical Engineer at Akunah, specializing in advanced finite element analysis and patient-specific digital twins applied to orthopaedics. He holds a PhD in Biomechanics, with research focused on the trabecular microstructure of the human femur and its role in load transfer, bone resorption, and fracture risk. His work centers on the development and validation of computational biomechanics models to predict implant failure, implant instability, and bone resorption under physiological and surgical loading conditions, with particular emphasis on shoulder arthroplasty and complex revision scenarios. His broader experience includes finite element modelling of the knee and hip, as well as cadaveric mechanical testing for experimental validation of numerical models.",
09a48a89-585c-4fbf-994b-0ffa110dd74d,Bashiar,Thejeel,,
073507d6-d26d-4390-992d-10289736139a,Xiang,Lei,,
052995ce-bd38-4cc4-a4c2-103b7811901d,Roya,Khorram,,
9eee7dce-04b0-48d5-966f-10887f6281e0,Reyhan,Meetheen,,
56322b82-861a-41d4-993c-109da4d98423,Bryan,Heard,,
5666ef8a-b1d4-44f6-9624-10b03420c4cf,Jose,Gutierrez Naranjo,,
691aa577-7d81-4695-ab0a-10b82c69c26f,Arun,Ramappa,,
b0de4e32-ecbd-4547-bc46-10c1a751f9a2,Chung-Liang,Kuo,,
c7ac037b-c44a-4e6a-9475-10d03bee8236,Jacob,Keeley,,
4b8d2fea-e8d8-49d2-a641-10f85e266ba2,Faeq,Zaman,,
0d0b7574-e12b-4405-b3c8-11120c168e5c,Brett,Wiater,,
cc9d40ed-9b5d-49b0-8e59-1132a9d91a26,Matthew,Budge,,
c16364c6-61b2-4d94-afab-113b66d3d46a,Thiago,Oliveira,,
a6be066c-b7fd-4b35-8247-11423fbf7063,Danielle,Anderson,,
b50a9180-7827-4bb9-8f47-11551a849009,Bryan,Saltzman,,
c5e7dd16-0378-4f73-8420-115be3f9f234,Ryohei,Sawada,,
637eb7bd-d354-4aa4-a952-1160babbb8db,Paulo,Piluski,,
b80de1ce-a7d0-4483-9d64-11618a46abc5,Colton,Mowers,,
75a496ac-0de8-44be-870a-116d097a7e8c,Ghislain,Maquer,,
b4ef274b-1727-4b63-8364-1187783f066e,Hayden,Schuette,,
e616075d-1422-4a76-8660-1188559c9855,Jan,Niziński,,
d58a0e58-dbf0-4516-af1b-119623db17be,Margaret,Sinkler,,
6346477a-a94d-4da2-b222-1199f2717dea,Olgar,Birsel,,
7e5cc7cb-faa0-4704-8bc2-11bcf9dc143a,Simon,MacLean,"Mr Simon MacLean is a Consultant Orthopaedic and Upper Limb Surgeon based in Tauranga, New Zealand, and holds an Honorary Senior Lectureship at the University of Auckland. His clinical expertise includes elbow trauma, wrist instability, advanced arthroscopy, and complex reconstructive procedures. He has a research interest and is an active contributor to international orthopaedic societies, serving in leadership roles within Asia-Pacific organisations and as a founding member of the Global Elbow Network.",https://files.abstractsonline.com/assocphotos/2656/7e5cc7cb-faa0-4704-8bc2-11bcf9dc143a.profile.jpg
bc44ba7a-c5ef-4335-a0df-11d7500d7482,Lin,Feng,,
1cb61cba-b8c2-4c8c-a83b-11d996816ae8,Laura,Morales,,
05907384-7edc-472e-afc0-11e6ff6604ee,Raymond,Guo,,
78ad6120-8adb-4972-be3f-11f17c6f52e5,Jose,Montenegro Vargas,,
2e081479-1a06-4c3a-afb0-1201a271e18d,Owain,Critchley,,
2405dc46-cd24-4715-bb50-1214dac03eec,Doria,Weiss,,
cbc3bb0d-5808-49ce-b8ed-1217b9ac1982,Joshua,Wang,,
253c623b-05c7-4d32-bb61-1221d57fe2a9,John,Tyler,Third-year medical student at Loyola Stritch School of Medicine.,https://files.abstractsonline.com/assocphotos/2656/253c623b-05c7-4d32-bb61-1221d57fe2a9.profile.JPG
8ee57b3e-2d27-4440-b6fa-12319fa44e65,Edward,Craig,,
02f58dbf-fbca-4571-830e-123337199cf8,Lambert,Li,,
d3ddb2e7-dc94-485e-a92c-12370237f43e,Juan Eduardo,Santorcuato,,
8c00943b-b6c5-45ae-967e-124762b97be8,Joydeep,Sinha,,
0d41e06e-a142-4bcf-b1b7-12497217c259,Surena,Namdari,,https://files.abstractsonline.com/assocphotos/2656/0d41e06e-a142-4bcf-b1b7-12497217c259.profile.jpg
8de943d0-5095-4b8a-80a1-124b80b57a03,Dean,Taylor,,
9cc5a28b-4a08-4acf-80fe-12671b658d32,Erel,Ben-Ari,,
87057891-8c3a-45ee-aef0-127ca4ba2891,Russell,Edafetanure-Ibeh,,https://files.abstractsonline.com/assocphotos/2656/87057891-8c3a-45ee-aef0-127ca4ba2891.profile.jpeg
6cb30bbf-9f0c-4955-9cd1-128105f533b0,Drew,Lansdown,,
b6c2cfb0-6e58-4eb8-8d97-12a2389d0c2e,Suguru,Mori,,
1c498dac-2ad7-46e9-8a74-12a5ac8c025e,Raffaele,Garofalo,,
bfe64b0e-c096-4f66-8fe3-12cb8e0ab100,Leonardo,Metsavaht,,
a62188de-2f32-43d8-a4ac-12e1f7cb7f47,Alexander,Hysong,,
378e88fc-ab5e-4d45-9a6c-12f52066117b,Daniele,Mazza,,
4d1f8ee8-6014-4790-9c8a-1327da27cdc7,Jason,Koh,,
61fd412e-511e-4f40-95b0-1344263cf2db,Hsien-Hao,Chang,,
6141c4ec-2a92-4d07-86d7-134775e90a66,Luis,Palacios Díaz,,
60e717ff-c636-45ab-870f-13495209a9d5,Michele,Neff,,
a75dd2af-546f-4bab-b3af-134a965f3295,Yacine,Ameziane,,
e381e00a-5a58-4fd7-b805-13595d690dd2,Jacob,Kirsch,,
8c63dc66-7cd5-43d2-8b42-135fe33d303b,Andrew,Valiquette,,
b9e24906-b820-47c9-a638-13608feb4e1f,Sukhdeep,Gill,,
3b27dcb5-c981-4b64-acad-136942cad443,Mark,Morrey,,
42bb3706-569d-4597-83c9-1376600c90cc,Joseph,Sabbag,,
39530884-2f0c-4dbb-bf15-138755d43d36,Jacqueline,Kobayashi,,
e9155901-8cc5-4a23-991d-13906e0bb8a0,Jake,Checketts,Shoulder and Elbow Surgeon and Faculty at Oklahoma State University,https://files.abstractsonline.com/assocphotos/2656/e9155901-8cc5-4a23-991d-13906e0bb8a0.profile.jpg
5c2f703e-5fca-450e-83f4-13988454415b,Masahiro,Yoneda,,
df5737ed-646a-46ea-9c48-139892fd3e85,Nadhaporn,Saengpetch,Sports medicine surgeon and Thailand team physician ,https://files.abstractsonline.com/assocphotos/2656/df5737ed-646a-46ea-9c48-139892fd3e85.profile.jpg
b803fb95-7e5b-4845-84ad-139de7ffaa1c,Carla ,du Toit,,
59e1b092-7864-40b1-8358-139e5874116b,James,Sibrel III,,
f4662089-74d5-468a-99d2-13af1822ebb3,Menduri,Hoessly,,
1e4ccfb7-d4ed-4137-874e-13c6757d53ae,Sohan Kumar,Jakkaraju,,
848406b1-a560-4206-a125-13d12e47acde,Luke,Oh,,
e367ac36-d006-4d00-81b3-13d181cdb2bb,Chuene,Mathiba,,
422563a9-f8cc-4929-959f-13de3e2052e0,Facundo,Galich,,
8fe00d0b-534b-4c69-b710-13e8c1538b5f,Brandon,Ziegen,,
3884b2b1-b522-4867-80d2-13eb3daf7534,Michael,Sandow,,https://files.abstractsonline.com/assocphotos/2656/3884b2b1-b522-4867-80d2-13eb3daf7534.profile.jpg
8421cbe0-c0c4-4902-bdd0-1401034e56d7,Karimdad,Otarodi,,
901b25ed-0725-41ef-a486-141244e0f66d,Chang Soo,Lee,,
71b91e13-0e81-47fc-bff2-1415d46f204e,Alexander,Zhu,,
fbdc3265-be26-4c10-97cf-1424f20df753,Arthur,Malkani,,
0744d588-08ac-42e0-9314-144ab58d3098,Alexander,Oles,,
1511f3de-ef31-4f58-8db1-144d5282d32e,Betina,Hinckel,,
2c6c6a3f-7245-4dc6-9242-145151df88e0,Matias,Croxatto,,
9c618f9b-2b18-4552-89ff-14565bd29e8f,Arjun,Verma,,
4b35bb17-0455-44db-90be-1464eca30bc0,Yoshitake,Yamada,,
29d48cce-79e6-416f-aab8-148e71c8a5b1,Tal,David,,
eceebca3-d7d2-43ca-9499-149b7fab4bb5,Alvin,Ouseph,,
dbbe5b0a-d696-472f-bf70-149e1b8f73f1,Hyeon Jang,Jeong,,
4d592000-7c27-479f-a586-14aec4287542,Amelia,Hummel,,
c8af406e-bfb7-4848-b5a9-14af3c811638,Andrew,Homere,,
f59fb465-c06a-4b71-9730-14b6791484c4,Tomer,Gazit,,
3e2f6b80-2f28-4d32-a888-14b9e27bc6e8,Armodios,Hatzidakis,,
aaea1e70-5da6-484d-8ec2-14cb18f5964f,Jacquelyn,Xu,,
7c799c8f-42bf-4d08-88c1-14cd179ae11e,Juan,Becerra Garzón,,
22d23a67-723e-479d-9a21-14cdf8492f20,Jonathan,Morris,,
9b3182af-8b0e-40d5-b23f-14cf7d74902d,Johannes,Bosch,"Orthopaedic Registrar at Tygerberg Hospital, South Africa ",
cdc4fc54-fdb3-4047-8e34-14df97d8cb49,Emma,Smolev,,
15a273c8-c981-4848-a69e-14e60e7d835e,Geoffroy,Nourissat,,
bd8eef2f-b6f9-471f-bfa4-14f126b9b692,Musab,Gulzar,,
bcd7d0ec-5f57-4e6b-be82-14f29091290f,Zohaib,Khan,,
67297c81-39c6-4ba3-87d1-14fb5dca9f44,Rodrigo,Amarante,,
ea762126-2fa0-4c6f-a4e1-1515ae4fff06,THIAGO,DOTTA,"Dr. Thiago Dotta graduated from the University of São Paulo (USP), where he also completed his residency in Orthopedics and Traumatology at the Institute of Orthopedics and Traumatology. He pursued further subspecialty training in Shoulder and Elbow Surgery at the same institute. Dr. Dotta later completed his PhD at the University of São Paulo, strengthening his academic foundation and commitment to advancing orthopedic care.",
3be4dc0e-058a-40b3-83b1-153c651978aa,Italia,Kristine,,
363aba13-bc4b-4cbf-8e2e-15482f72925f,Constance,Sullivan,,
fc51c2b5-10e2-4558-b5a9-1552baf68f9f,Vansh,Patel,,
9f964c4e-5736-47dd-ae7a-1554e3fb14ff,Kotaro,Nishi,,
d346a0e4-6fb8-4944-8ef9-1561c1939e65,Jeffrey,Olson,,
93116159-67bf-46f8-b058-15b253bf40c1,Jordan,Manning,,
714af75d-4aeb-4a16-9b98-15b3a4a8c248,Lutul,Farrow,,
38ffb081-a50d-4321-bed7-15cdd9064f15,Shrishti,Jain,,
be043e95-bc7d-4d5b-8d71-15dea90b7b59,Luis,Garegnani,,
fe15ec8b-96bf-4b47-84f4-160d0d496bba,Kyle,Norton,,
b888ca9f-d30e-45bd-a071-168431b576da,Madelyn,Kumar,,
a930f56a-3747-4e9a-9d98-1696fbe25820,Lars,Adolfsson,,
1b6ce34d-0bcc-4876-b76b-16d0793a6323,Patrick,Tansey,,
53576384-0f65-4cbe-a59b-16e46c87931a,Richard,Dallalana,"Shoulder and Elbow surgeon practicing in Melbourne, Australia. Fields of expertise include management of sports injuries and use of advanced technologies in shoulder arthroplasty. Fellowship supervisor and executive member of the Australian shoulder and elbow society.",https://files.abstractsonline.com/assocphotos/2656/53576384-0f65-4cbe-a59b-16e46c87931a.profile.jpg
ff50f259-0bad-4e78-bb00-16efa4ac6aec,Andrew,Ker,,
bbbca2d7-9420-431e-b391-170586c77245,Gyu Rim,Baek,,
36168a21-cf7b-48a7-b2cd-171261d24e4b,Benjamin,King,,
3a93e3b3-60f5-494f-8880-1719e759b836,Jonathan,Yamaguchi,,
9686cecb-1464-441e-a60e-171b3df3be04,Armin,Badre,"Dr. Armin Badre is an Associate Clinical Professor in the Division of Orthopaedic Surgery at the University of Alberta and an orthopaedic surgeon at the Western Hand and Upper Limb Facility (WULF), Edmonton, Alberta, Canada. His clinical and research focus is exclusively in elbow, hand and wrist surgery, with particular interest in trauma, post-traumatic conditions and reconstruction. He completed fellowship training at the Roth-McFarlane Hand and Upper Limb Centre, and holds an MSc in elbow biomechanics. Dr. Badre is a Board Member and Founding Member of GEN, an executive member of WECAN and CSES, and active in ASES and ASSH.",https://files.abstractsonline.com/assocphotos/2656/9686cecb-1464-441e-a60e-171b3df3be04.profile.jpg
e5afb98e-6281-427a-9132-17232ae14e71,Tyler,Staten,,
c640c2b4-a282-4299-8e75-1737ba241535,Adel,Altarkait,,
3107235c-d504-481f-bc71-17487378cad7,Rui,Imamura,,
d3302a32-61e7-45e9-bc8e-175f2451bfba,Michael,Boyd,,
3e16ee20-307b-4c22-95ee-17b4cc7ed4cc,Mio,Tsutsui,,
e8ca5393-357f-4067-87dc-17b73d06160c,Natalie,Guggenbach,,
e9712aca-3d43-4f81-8fd5-17b978b48cfc,Matthew,Smith,,
75cc12ca-8cfa-45d7-a882-17c7b5793fb2,Yan,Guoqiang,,
bebe14c1-50ae-4818-bef4-17c7d519e175,Deniz,Erbulut,,
397f045c-f6a4-4678-a75f-17e4b742946f,Shane,Barton,,
32f6d9bf-6f41-4a14-ae2b-17eb019e809c,Sung-Hyun,Cho,,
90515287-529c-4b8a-85cc-17f30fccf867,Juan Pablo,Simone,,
83a4941f-9ac2-4926-b9ea-17fd9bbde705,Sheila,McRae,,
412b6a75-3dbe-430a-8667-1810c92576d0,Jin Kyu,Kang,,
73e098b2-71eb-4f7d-85db-1819b7c071c0,Jesse,Seilern und Aspang,,
41abb4a1-7aba-4f61-aff0-18322fbf59aa,Jeffrey,Shin,,
280249f0-479b-4e74-b06a-1846523b1750,Yoshihiro,Hirakawa,,
63f48494-5db5-4ddd-95ab-184881c1e1d3,Ahmad,Hany,,
c339a0a5-3eb6-489f-8816-18603765db14,Mehmet,Cay,,
22c39c48-975f-4f92-9e7b-1864b559b887,Jeff,Hassebrock,,
df6747df-a1ef-4145-a80a-188a8a471cdd,Tomoya,Manaka,,
c278cfbf-aa1b-405a-8585-188e5fd8aef9,Aariz,Sardar,,
b8f2d990-efd5-4fb4-9230-188f4b7e9950,Giorgio,Ippolit,,
94a8fa33-fe77-460f-9364-18954f9b9a48,José Carlos,Díaz,,
33bc4f87-b902-46c3-a552-1899db83d42d,Julian,Hasler,,
c99a2689-339d-47cc-9865-189b579f882c,Ziad,Alkhamis,,
1aaff0f6-e72a-433a-84a9-18a2d924bc03,Hemant,Singh,,
4e37a2a0-6e14-4876-88a3-18ae439aa2ae,Joseph,Sliepka,,
982b2069-2fb4-46dc-958c-18b76f9a4f47,Pududu,Rachuene,"Orthopaedics Shoulder and Elbow Surgeon, Adjunct Professor, Head of Orthopaedic Department, PhD Candidate",https://files.abstractsonline.com/assocphotos/2656/982b2069-2fb4-46dc-958c-18b76f9a4f47.profile.jpg
5e58caa4-a418-4836-bb1b-18b8b09cc5cf,Estefania,Fontecha,,
49f0b004-64e8-47bd-8e03-18ba224d7160,Peter,MacDonald,"Professor, Department of Surgery, University of Manitoba.  Medical Director Pan am Clinic Winnipeg.  Past President ASES and COA, HEad Team Physician, Winnipeg Jets, Head Orthopedic Surgeon, Winnipeg Blue Bombers",
a61ef01f-e5f5-4e8d-8c67-18be6b041ba6,Jaime,Chova,,
5372b812-1c13-43ac-a2f2-18d7873f22b9,Ashraf,Hantouly,,https://files.abstractsonline.com/assocphotos/2656/5372b812-1c13-43ac-a2f2-18d7873f22b9.profile.JPG
c7eca483-b7a4-4f62-ad17-18deb734d4c4,Caio,Checchia,,
e29507f0-8e64-4879-8e80-18e6b82a65d8,Andrew,Jeong,,
2821d6fa-b7a5-4f8e-a526-18e8ca6e986c,Alexander,Pieringer,,
d93cd207-936b-4e00-b879-18f2c82cd209,Mark,A Mighell,"Dr. Mighell is board certified by the American Board of Orthopaedic Surgery, and he serves his profession as a national board examiner. He specializes in the treatment of injuries and disorders of the shoulder and elbow, and, having been trained in an American Shoulder and Elbow Surgeons fellowship, he now trains three fellows each year. Additionally, Dr. Mighell treats patients using advanced surgical techniques including elbow arthroscopy, reverse total shoulder replacement, SWAT technique for shoulder arthroplasty, and shoulder reconstruction as well as robotically assisted arthroplasty.Prior to joining Florida Orthopaedic Institute in 2001, Dr. Mighell served on active duty in the Department of Orthopaedic Surgery at Portsmouth Naval Medical Center for seven years, and as Medical Director for the United States Navy during the previous four years receiving a Navy Commendation for duties performed. He is an active member of the American Orthopaedic Association, American Arthroscopy Association of North America, and the American Shoulder and Elbow Surgeons.Multi-lingual in English, Spanish, French, Russian, and German. Dr. Mighell has authored dozens of publications and has delivered numerous poster and oral presentations relating to his medical expertise.In his spare time, Dr. Mighell enjoys the outdoors, including boating, kayaking, and skiing with his family.",https://files.abstractsonline.com/assocphotos/2656/d93cd207-936b-4e00-b879-18f2c82cd209.profile.jpg
08138ba8-3c47-406c-b9d8-1902c844ef5a,Jose Luis,Agullo,,
b305b98f-7d23-493d-8bb7-19076c3a724b,Mustafa,Özer,,
ac9645cc-fc24-4d45-8530-191da6d915a2,Atsushi,Arino,,
13fa1e97-dba9-444e-ad2a-191fed7acfb3,Ritwik,Kejriwal,"Dr Ritwik Kejriwal is an orthopaedic surgeon in New Zealand with a specialist practice in shoulder and knee surgery. His shoulder expertise includes advanced arthroscopic rotator cuff repair, shoulder stabilisation procedures, and primary and revision shoulder arthroplasty. He combines clinical experience with a strong commitment to education and research, with a special interest in rotator cuff repair outcomes and shoulder replacement planning and execution.  ",https://files.abstractsonline.com/assocphotos/2656/13fa1e97-dba9-444e-ad2a-191fed7acfb3.profile.png
454688fa-f8f1-4992-9a28-192438bbb9b3,Sushil,Chapai,,
b2b5255b-09ea-4aa4-8503-192bdd7f34ea,Casandra,Smith,,
0534e480-32b2-46e9-bcb2-1931de7ca451,Fanny,Kampmann,,
e288ef79-44e2-4817-87e9-193e86c32a00,Antonio,Colombini,,
26eb12ca-e0fe-4faf-8f53-19481ce2c8bd,Steven,Kurapaty,,
8be9f1c8-bf90-496c-8eae-195bb7cee118,Chhabra,Vijay,,
1fb1b212-b454-4866-8070-1974e683cad5,xavier,Ohl,,
b14e4864-6d21-4aad-88e7-197b8d4993b7,Brian,Zukotynski,,
209d31f6-a897-4abd-a71f-197ff85962c5,Jared,Zitnay,,
40a4af99-05de-4f62-a979-199c370665db,Yohei,Ono,,
7efc4845-8e2e-4de3-b528-19a9649df27e,Andrew,Andrew,,
86288a69-b993-4444-9e96-19acad0d4302,Georgios,Mamarelis,,
33da51f6-30d2-4113-852f-19b1d5200dae,Omid,Jamei-Martel,,
3d0c537f-791a-415c-b63a-19be936b9591,Jung Hyun,Lee,,
8cee6d79-2be3-4f3f-b22c-19d628878f4b,Elias,Schwartz,"Mr. Schwartz is a second-year medical student at the University of Michigan, with a strong foundation in musculoskeletal research developed through both clinical and translational projects. His academic background includes a bachelor's in science degree from Brown University. He has contributed to several peer-reviewed publications and podium presentations, particularly in the areas of knee surgery, sports medicine, and healthcare outcomes. His prior experiences include involvement in retrospective cohort studies and national quality database analyses, demonstrating a commitment to advancing orthopedic knowledge and evidence-based care.",
7c9ef4cb-a6ac-4a25-b02a-19ddad75b88d,Michael,Tamar,,
6b7da03c-a0aa-4ec8-92a4-19ddba8efc93,Maximiliano,Ranalletta,,
e0c4205e-deca-436d-9dce-19ec1804e763,Howard,Routman,"Director, Palm Beach Shoulder Service at Atlantis Orthopedics - Palm Beach County, FLAssociate Professor, Orthopedic Surgery. Nova-Southeastern UniversityProgram Director, HCA/JFK University of Miami Consortium Orthopedic Surgery ResidencyDivision Chairman, Orthopedic Surgery HCA/JFK and HCA/JFK North Hospitals",https://files.abstractsonline.com/assocphotos/2656/e0c4205e-deca-436d-9dce-19ec1804e763.profile.jpg
d34c43cb-912c-40cf-a9e7-19f798f811aa,Aakash,Chauhan,,https://files.abstractsonline.com/assocphotos/2656/d34c43cb-912c-40cf-a9e7-19f798f811aa.profile.webp
3bf2cc85-435f-4476-a252-1a10f255564f,Senthilvelan,Rajagopalan,,
0e4e744e-2959-4780-b260-1a135671b0e9,Kwonyoung ,Kwak,,
ca1524db-b42a-4003-b6a2-1a1e27245af3,Matthew,Laroche,,
e29df532-bc34-4b2e-abf9-1a20993f1c1e,Roy,Romem,,
a100815f-29c1-4249-a0f4-1a22e4a3acdd,Vani,Sabesan,,
46cfa2d2-383c-49df-b916-1a3659e002ca,Brian,Lau,,
3d4052b5-63bd-4ef4-9498-1a3c5dfeb99a,Daniel,Badin,,
3adf4896-efa4-4f75-a77b-1a3e7a0ef88e,Amine,Mellal,,
6af99981-06c3-4828-9214-1a5741252a5a,Paula,Szymanski,,
ef2ff62b-ff8c-46c9-a68f-1a817f7a07ee,Wekunga,Solomon,,
626bb761-ea44-4790-98ed-1a864195aa61,Daisuke,Ishii,,
dd6c127d-c399-4bee-8755-1a8cd3987382,Jaden,Hardrick,,
79a01b96-0d18-4256-a2d2-1a9df2a6cb3e,Zhaorui,Wang,,
a733fbab-1457-49af-a3a5-1aab3d2b03d2,Jonathan,Bravman,,
25af3d8e-efdd-4b4b-ba4e-1ac66c4fb598,Jaynie,Criscione,"Jaynie is an aspiring orthopaedic surgeon in her fourth year of medical school with interests in reconstruction, implant technology, and equitable care.",https://files.abstractsonline.com/assocphotos/2656/25af3d8e-efdd-4b4b-ba4e-1ac66c4fb598.profile.png
afb6fbcd-57b4-4ce2-9c04-1ac8d994b7ca,Diego,Solís,,
adb60ea5-9aae-43e2-87d7-1adc83a35ab0,Yousy,Sauvanell,,
290548a5-712a-4a19-bc8f-1ae623de8b3d,Jeong Hun,Cheo,,
36e11f38-130f-4582-82c9-1af4ad6a20dd,Baris,Kocaoglu,,
073b4827-3ff1-491e-9b0a-1af6b7c69280,Ron,Gilat,,
87f1261b-6df6-4fd6-a069-1b0494d87a64,William,Harkin,,
b5c4f555-8dea-4a66-9473-1b1036628b2a,Arno,Macken,,
586ead5c-1ea1-467f-811c-1b2f4c5258e0,Jae-Myeung,Chun,,
dc42f850-64fd-4e40-8750-1b3766b4b72c,Kanghun,Yu,,
01118ae3-c4a7-4d5b-9f19-1b421a70f4a2,Valerio,Antonini,,
f9400845-c1e4-45d7-9cf2-1b493a1862e9,Jules,Descamps,,
b833ed32-f249-448f-b1db-1b6596707d60,Mikhail,Bethell,,
c20d86b4-d6dd-49d5-b4f5-1b768b79b768,Kazuki,Yoshida,,
935eefdb-8d1a-44e5-9410-1b86144855cb,Nathan,Miner,,
f0b7c402-34ad-48e8-b08c-1b89014f4eb3,Mark,Ross,"Immediate Past President of the Australian Hand Surgery Society and Immediate Past President of the Shoulder and Elbow Society of Australia, Mark Ross is a Professor of Orthopaedic Surgery at the University of Queensland. Currently he is the Chair of the Scientific Committee of the International Wrist Arthroscopy Society ( IWAS). He is the Director of the Upper Limb Fellowship Programme at Princess Alexandra Hospital, and a founder and co-director of the Brisbane Hand and Upper Limb Research Institute. He has a special interest in distal radius fractures, carpal instability, complex reconstructive and revision surgery, and is actively involved in the development of new surgical techniques and new joint replacement technologies, and advocating for specialist staff in the public hospital.Professor Ross graduated from The University of Queensland with MBBS in 1987. He completed his FRACS in Orthopaedic Surgery in 1996 and undertook a fellowship in Hand and Upper Limb Surgery at the Princess Alexandra Hospital in 1997, before travelling to the USA to undertake a 12-month Fellowship at the Kleinert Institute for Hand and Microsurgery in Louisville, Kentucky.",https://files.abstractsonline.com/assocphotos/2656/f0b7c402-34ad-48e8-b08c-1b89014f4eb3.profile.jpg
ac17b4c9-5199-4e8b-9b94-1ba45feb0c3f,antoine,baltassat,,
dbe6e1f0-dbea-4b82-b58d-1baf907c0dde,Miriam,Weisberg-Tannenbaum,,
501070e8-467f-42eb-a73d-1bc620f57939,Sergio,Ferraro,,
043a933a-f919-4273-8ed9-1bca059444d8,Chase,Burzynski,,
a1ee3eb4-96d9-4806-9c9d-1bcf05e27f76,Paolo,Arrigoni,,
8e788b72-7a4e-4671-a416-1be264a80541,Isadora,Kobayashi,,
f9eaa660-af25-4e24-8374-1bf3f9303c1e,Akshat,Parekh,,
80757d16-f4d1-48ae-8286-1c08e1de05ed,Yusuke,Kobayashi,,
20b2b265-d02e-45f3-9351-1c1899953532,Jens,Agneskirchner,"SpecialistSince 07/2005Consultant of Orthopeadic Surgery in Henriettenstiftung Hannover, Deputy of Chief of Department,Head of Arthroscopy and Shoulder Surgery ServiceSince 10/2009Consultant and Partner of Sportsclinic Germany, HannoverConsultant, Partner and Chief of Service of Gelenkchirurgie Orthopädie Hannover, 1000-1100 shoulder operations personally performed per year (per year: more than 250 total shoulder arthroplasties / revision arthroplasties, more than 300 rotator cuff repairs, in total more than 1200 arthroscopic Latarjet procedures performed)Since 2006 Yearly listed as recommended shoulder specialist in “Focus” and “Stern” list Frequent speaker and live surgery surgeon in international meetingsInternationally renowned shoulder surgeon",https://files.abstractsonline.com/assocphotos/2656/20b2b265-d02e-45f3-9351-1c1899953532.profile.jpg
1a882ff6-bd5f-4cbc-8f14-1c24517d84cc,Kaisa,Lehtimäki,,
db3d8b5c-dffa-4906-90dc-1c5b5da2ff27,Sameer,Nagda,"Dr. Sameer Nagda is a Shoulder and Elbow Surgeon at the Anderson Orthopaedic Clinic in Arlington, Virginia. He is the Chief of Shoulder and Elbow Surgery for the Inova Health System and a two-time recipient of the prestigious Charles Neer Award. In addition to his clinical practice, he is a former team physician for the United States Women’s National Soccer Team and was part of the FIFA Women’s World Cup Champion Team in 2019. He was also selected as a physician for Team USA for the Rio 2016 Summer Olympics and the Tokyo 2020 Summer Olympics. He also served as a physician for the Washington Nationals Baseball Club for 9 years. He is a founding member of the Mid-Atlantic Shoulder and Elbow Society and past president of the Indian American Shoulder and Elbow Surgeons. ",https://files.abstractsonline.com/assocphotos/2656/db3d8b5c-dffa-4906-90dc-1c5b5da2ff27.profile.jpg
fcccef43-58f2-4719-9ad0-1c655bdec120,Joshua,Sykes,,
7b410fbc-5769-417c-be17-1c6fcfd34e73,Richard,Friedman,,
8e0bf49c-3902-4930-9b85-1c8b347cfe54,Dries,Boulidam,,
b3174362-ac06-4efd-af49-1c8ca85357f7,Tomoshige,Tamaki,"Dr. Tomoshige Tamaki is an orthopedic surgeon and researcher at Funabashi Orthopedic Sports Medicine & Joint Center in Japan, with clinical and research interests in shoulder and elbow surgery.",
e2e2d601-8467-4d31-ab12-1c8f6b9a5d81,Kai-nan,An,,
ad6f11c5-2596-4ccf-bf77-1ca26f31f2b9,Matthew,Rohl,,
dff15d74-30ec-4778-a0bc-1ca65ec27cf8,Luis,Gil,,
69198894-9993-4211-8368-1ca89ed1490b,Amanda,Isaac,,
f57ed162-6da2-4eb4-9714-1caa37aa632e,Changmin,Song,,
314c2dac-830a-46a6-bb95-1cba47b6dcf2,Cesar,Junior,,
2bc2b3be-7f60-47fa-abc0-1cc410edb0a3,parag,shah,,
06795d39-5b3d-4947-b6ab-1ccfcf79e6ed,Ketan,Sharma,,
99314680-f196-4798-85e3-1ce6e80668a4,Chunfeng,Zhao,,
3c3ad1e5-2a79-49a3-bed8-1cf9f28fa91f,Amir,Boubekri,,
173ba5df-0802-43d4-8cab-1d07b9b0aac1,Gregory,Nicholson,,
7ccbb83d-2be4-497a-a23a-1d08f97f1bd8,Margaux,Courgeon,,
c0b2cbb4-7cd4-4dc7-8b80-1d2f47c5fd9c,charlie,Cogan,,
97e0a46f-0590-4b64-90e2-1d461d1132d9,Nicholas,Banks,,
110fbc1e-3fbb-463a-9df1-1d5647d80c1b,Tarishi,Parmar,,
ad57befe-5c24-40ef-a0a5-1d58320d5481,Harvinder ,Singh,"Prof Harvinder Pal Singh is a Consultant Orthopaedic surgeon at University Hospitals of Leicester NHS Trust with a special interest in Shoulder & Elbow Surgery. He holds a Honorary Associate Professor position at University of Leicester and has a PhD in Health Sciences. He serves as a Communications and Digital Officer in BESS council. He is also a Surgeon member of the BESS Journal Steering committee for Shoulder & Elbow journal. He is the Chief Investigator for NIHR funded DIDACT Distal Clavicle trial and is a Shoulder Panel member for the ODEP Orthopaedic Data Evaluation panel. He was part of the UK contingent which was part of The International Consensus Meeting on Infection (ICMI) 2025 Istanbul and helped formulate the International Guidelines for prevention, diagnosis, and treatment of prosthetic joint infections and other orthopaedic-related infections.As a Trustee, he will support the BOA’s work in enhancing clinical research infrastructure across trauma and orthopaedics, promoting diversity, inclusion, and sustainability within the workforce, strengthening our role in implant safety and regulatory policy and encouraging early career engagement and equitable opportunities in training.",https://files.abstractsonline.com/assocphotos/2656/ad57befe-5c24-40ef-a0a5-1d58320d5481.profile.jpg
f5eb85a7-1469-416a-b265-1d6a7fdc8a23,Benno,Ejnisman,,
02cd2b74-d71f-4f88-8203-1d6ca6cdc173,Rachel,Frank,,
984dc88a-c3a2-4d35-bd44-1d77a1ef7642,Biagio,Palmisano,,
f65dcb85-4259-49b0-821d-1d8414e35394,Pinkawas,Kongmalai,,
ca832a96-7d2b-46fe-814f-1da241e622e8,Minoru,Takeshima,,
29318da8-4a42-4745-ab84-1db2ec4c8c2e,Justin,Childers,,
fd5c51e7-d9ff-47fc-9b90-1db2f3ddd019,Kenta,Sato,,
55a843c0-c5cd-471b-a938-1db84dd705ae,John,Erickson,,
cc0d20a2-446f-4d03-bfa6-1dc1965bba29,Se-Ra,Hwang,,
288c6151-1dec-43ae-8aa4-1dcc1329d41e,Alexa,Streicher,,
67400ffe-9413-4a0a-8393-1dd657959671,Paul,Siegert,,
c012f813-82b8-4c85-849b-1de1dfd484d8,foor,lambers,,
d5ebbe59-c0d6-465b-bf4b-1e1f5952f661,Masayuki,Higashida,,
2275d8ff-0788-4dfb-9b32-1e21e993524d,misumi,sinya,,
f4468c61-88a7-45c3-a8cd-1e3b1100ac85,Manaal,Fatima,,
d2b19e3e-9e95-41bc-803c-1e62362fa3c6,Kazutomo,Onishi,,
37cb26d8-9e69-4433-81ff-1e80ca7a7f7a,Thomas,Wickiewicz,,
333a0e60-2527-4806-9144-1e858799269e,David,Dallas-Orr,,
7d8bcbce-1621-4193-b9c4-1e86a24dbc8e,Francesca,Colangelo,,
c68f45b5-5827-451e-8844-1e8dc4646a54,Waleed,Abdalla,,
e06cf907-5102-4f26-bc07-1e8e8049f4c5,Rohit,Nayak,,
366fc4f0-7a73-47d7-bb92-1e91604b0a4c,Ahlam,Ashkar,,
239a7e7c-a85b-48c6-9afb-1e9699cdfee9,Christopher,Colasanti,,
b1079c41-e14b-4e4e-921c-1ecafabb4c5f,Clelia,Rota,,
0ee8e07e-81e3-4a84-864d-1ed994c6f2e7,Mauricio,Gonzalez Sanchez,,
3dcac031-f3b1-41f6-b3f7-1edb80403398,Marvin,Carr,,
0c45872d-6e78-4b19-9cfc-1f0751fa8c59,Jonathan,Lopez,,
1fe133f1-a173-496e-ae29-1f0f49f6d52a,Andrew,Qi,,
b1633809-f636-47cc-9604-1f12651488ac,Vijay,Bhardwaj,,https://files.abstractsonline.com/assocphotos/2656/b1633809-f636-47cc-9604-1f12651488ac.profile.jpg
b0e59a52-8362-429c-85b1-1f156e4030b5,Umberto,Ambra,,
c8357e43-400a-4885-af86-1f1717cdf8c5,Nitesh,Gahlot,,
2055ed9d-6456-40d3-9938-1f33378622de,Kyu Ho,Lee,,
6d60b09d-5899-4331-88ce-1f3b2a2cf7ae,Michael,Livesey,,
568ba929-8128-446b-9669-1f3e9b0b3a0a,Eliane,Willemsen,,
57fd8af6-b8b2-4251-aa98-1f445b2691a1,Krishna,Chopra,,
a2ad1ce6-ebcb-41cf-96ad-1f4b2b03c4a1,Alexis,Sandler,,
9edc86af-bcf7-4de4-baf7-1f4e3066baf1,Hyung Jun,Koo,,
14207b15-ccf8-4ea4-a243-1f895fbf6ff9,Flo,Kim,,
1ac655bc-e3b2-4faa-a7cb-1f904b085f51,Stefano,Gumina,,
afc4db89-e247-4c20-8e6c-1f90b165ce07,Dani,Rotman,,
5575113f-9461-4b52-ab72-1f91e340c271,Qingfa,Song,,
45b2517c-57a3-4110-96c0-1f962aee6ba5,Hugo,Bothorel,,
35669dcd-9fe5-461e-bdc3-1fa958d86a2f,Rodrigo,Loque,,
c6b969fa-fafe-41ae-95e5-1fc378aaf0ed,Jung,Amaury,,
f022c7c0-149e-4f1c-be31-1fd5629b390b,Laurent,Obert,,
52df3220-a47d-4930-a998-2004709b6d43,Molly,Piper,,
9185f531-dfe9-427e-b3f5-2008c803a0de,Marissa,Gedman,,
4d02d9b4-da2e-4b5f-ba22-200a57dbc665,Bryon,Teo,,
1de8b5cd-ee38-4333-9ac1-203676ce0a41,Olivier,Dhollander,,
6b2dd1c4-29c8-42e6-a569-203ab6f197b6,Eugene,Brabston,,https://files.abstractsonline.com/assocphotos/2656/6b2dd1c4-29c8-42e6-a569-203ab6f197b6.profile.jpeg
310ca2ac-ff8c-49da-b7c6-204143faff5d,Alba ,Portes-Chiva,,
c5aee096-57e2-43e4-bc90-20429e40f9f8,Maria Antonia,Pena,"Dr. Maria Antonia Peña, DPBO is a subspecialist orthopaedic shoulder and elbow surgeon. After completing her orthopaedic surgical training at the University of the Philippines - Philippine General Hospital (UP-PGH), she undertook two years of dedicated clinical and research fellowships under world-renowned experts and mentors in Sydney and Brisbane, Australia. She is committed to advancing evidence-based care through clinical practice, research, and international collaboration in shoulder and elbow surgery. She specializes in both open and arthroscopic (keyhole) reconstruction and joint replacement surgeries.",https://files.abstractsonline.com/assocphotos/2656/c5aee096-57e2-43e4-bc90-20429e40f9f8.profile.jpg
faa843be-4b72-4627-88a6-20491d5bd165,SEOW HUI,TEO,,
aceab52e-28e0-4cf2-b0c6-20515283e07f,Tim,Leroux,,
2b82fa83-daf0-4dc8-82f2-205f4c181f95,Evan,Arnold,,
dbe5e81d-3fb1-4ae3-9ae8-2067f4fbe072,Ryan,Krupp,,
764edeab-92ad-40bc-8e47-207be143a4ad,Jared,Mahylis,,
64c80856-6e5f-4b2e-8fa4-208b76379226,Thierry,Joudet,,
462f1d1c-efa1-4038-900c-208df39abf27,Richard,Hartley,,
a6c5bafd-a064-49a1-a9ef-208f5f87c373,Audrey,Wethington,,
bf71d7ed-7ff1-4756-a3bb-20bf766f979a,Elif,Güler Oklaz,,
039cfd63-073c-48d0-be20-20d6dcc12f2d,Jong Ho,Park,,
3e1bbe34-839c-4ea0-bdc8-20d88997347b,Alexander,White,,
3b0fce00-b4d1-4c02-9916-20decf3da434,Joseph,Durso,,
ab873593-cdf7-4b47-9d19-20ec8d381989,Khatib,Muhammad,,
905df39a-a701-4775-90e4-20fe4a88c2d7,Foad,Mohamed,"UK orthopaedic residency graduate (London). Current upper extremity fellow at the University of Calgary, Alberta",
0417136a-1904-4be8-ab95-21115c37f03b,Kevin,Farmer,,
0980330a-bd75-4d27-a45f-2117167efc66,Michael,Makowski,,
dc4e125e-67c4-4f5a-b99f-2118f50e4372,Hyung-Jin,Chung,,
f53adaa4-e2a6-458c-9691-212ee0b645e0,Patric,Raiss,,https://files.abstractsonline.com/assocphotos/2656/f53adaa4-e2a6-458c-9691-212ee0b645e0.profile.jpg
0282b01d-133a-4fe5-b747-2145d73ef033,Jeffrey,Coombs,,
47ef5d1e-eac4-4f23-97a3-21504de4843e,Lance,LeClere,,
5adaea9b-6b0d-4c9c-b952-2153af348e24,Bertrand,Chavent,,
bbb2aea4-1040-4208-998e-215785d3f532,Muneaki,Ishijima,,
ffdcb6af-04b6-4af3-af0c-2176ed4f23c2,Barbara,Campos,shoulder surgeon from Lisbon Portugal ,https://files.abstractsonline.com/assocphotos/2656/ffdcb6af-04b6-4af3-af0c-2176ed4f23c2.profile.jpg
42b4a0c1-71e2-48e1-8a00-21817fa59e44,Keith,Sims,,
e6d86cfb-e561-4c60-a746-21a3fb495dec,Rohan,Patil,,
29b5735a-d54a-46b5-a8bd-21bf28d7a7e3,Hannah,Parks,,
4f21b191-a276-4389-acc4-21c923eb889e,Salma,Chaudhury,,
3c875d37-66d5-4725-b457-21da6142393f,Ákos,Mátrai,,
2171222d-4e41-4412-bd0c-21ee85ed097c,Yusuke,Tatebayashi,,
9e7d213e-5941-46d7-a29c-22086d8ce874,Josef,Eichinger,,
f82d1413-d3b5-4889-a420-220e2e9c731e,Ross,Clarke,,
eda5cf79-2564-4881-bfd7-222ede458cad,TIAGO,NOGUEIRA,Latarjetcan26,
9e9b8d03-3bef-4734-bd77-22308dd304e0,Brett,Salazar,,
ea196dd2-feb4-4560-bcb1-225923a4e493,Greg,Gilot,,
9b304cb6-693f-408f-89c2-225cdff34557,Michael,Young,,
2c20446d-f060-4ab8-a8fd-2275dc88ff15,Antonio,Foruria,,
b63ddbb8-7135-42ca-9c35-227ee89e048c,Breydon,Hardy,,
f3aeb489-7bc8-472b-9c94-228445a30c6c,Oliver,Myer,,
f64fa9a3-0901-4239-a56f-229893806e72,Brent,Henderson,,
bfcbf547-66f4-4f19-8cc7-22a0dfb05cc6,Rafaelly,Stavale,,
e6436173-3ffd-4316-8b9f-22b271490c6b,Will,Smoot,,
9118e672-d5cd-4b4e-829b-22c57e18cfbc,Young Hwan,Kim,,
bada77c4-22f8-483f-9e73-22db96e7eaf3,Rickson,Moraes,,
d0daaa4e-70b4-4f60-ae65-22dd43d7cd7c,Niashi,Parmar,,
07321f1f-bd4d-4d30-b236-22e3b949f802,Case,Martin,,
de8c9114-81e8-4944-8e3c-22ec443b6dbf,Saulo,Pansiere,,
8195c05f-2b43-4698-8e47-22edf856c9cd,Michael,Pearl,,
fe1b1bb2-47dd-470f-9249-22f9a846418f,jean francois,gonzalez,,
d80c67f0-1da1-4c40-a1b8-23012d52a0bb,Ian,Penvose,Orthopedic Chief (PGY-5) Resident at Brown University,https://files.abstractsonline.com/assocphotos/2656/d80c67f0-1da1-4c40-a1b8-23012d52a0bb.profile.jpg
89cdfe14-fb25-4bc3-8118-2307992b699c,Paul,Johnson,,
2859f0de-b46a-4a1d-aebd-231cc7a3befe,Gabriele,Cirigliano,,
dbebccd7-65f4-4de0-9d46-2331da3a72f6,Berte,Bøe,"Berte Bøe, MD, PhD, is a Consultant Orthopaedic Surgeon with a special interest in complex shoulder and knee surgery. She is Head of the Arthroscopy Section at Oslo University Hospital. Dr. Bøe earned her PhD in orthopaedics from the University of Oslo in 2012 and has since authored numerous scientific papers in clinical research, as well as several book chapters.She is a sought-after speaker and has been invited to present at both national and international meetings, contributing as a faculty member on topics related to both shoulder and knee surgery.Dr. Bøe currently serves as the 1st Vice President of ESSKA and is the Past President of the Norwegian Society for Surgery of the Shoulder and the Elbow. She is an Associate Editor of JISAKOS and serves on the Editorial Boards of AJSM, KSSTA, the AJSM Electronic Media Board, The HIVE and the Video Journal of Sports Medicine. Additionally, she is an active member of three ISAKOS Committees and a committee member of SECEC. ",https://files.abstractsonline.com/assocphotos/2656/dbebccd7-65f4-4de0-9d46-2331da3a72f6.profile.jpg
1a7d7e1a-0e71-4672-ab4f-233bb88d7730,Woong Kyo,Jeong,,
d6fcfcdd-0aab-47bd-8ae2-23479161364c,Cassidy,Owens,,
952895b0-f197-4fa7-a73b-234c6d7f1495,Joana,Pelletier,,
714bc6dd-deef-47ce-8971-234e470b984f,Michele Francesco,Surace,,
808948a1-0650-4d20-8e59-23619f134691,John,Tokish,,
d80dd434-7a1c-41f7-92e0-238ac4ff2d91,Shanmuganathan,Rajasekaran,,
4bc25fc6-425f-4570-a525-23930cf3e859,Dylan,Koolmees,,
7569853f-6e59-4753-9d7d-23959557d97d,Taylor,Jones,,
56eaf695-0c26-4a5f-9e13-23c224e37772,G-Yves,Laflamme,,
4ebb9f95-6d99-416b-b9ce-23c44df6a78e,derek,cuff,,https://files.abstractsonline.com/assocphotos/2656/4ebb9f95-6d99-416b-b9ce-23c44df6a78e.profile.jpg
1a711639-4ae0-406b-9e06-23de547c33a4,Catherine,Shemo,,
f8f48fda-c3df-4c2e-ac3a-23e0c19a0082,Eric,Smith,,
fc0ebf5b-c4f1-439b-8e2c-23e2482c9589,Guido,Forns,,
0c286ee5-d25e-4274-bf46-23e8f17ab126,Tomoyuki,Matsuba,,https://files.abstractsonline.com/assocphotos/2656/0c286ee5-d25e-4274-bf46-23e8f17ab126.profile.JPG
4871100f-f03e-4ca3-b9c3-23ef10f683a5,Tayfun,Özel,,
0b0a27ad-cc54-499d-b1d5-23f007333a2e,Jared,Reid,,
ba52057a-d3f8-4d75-a708-23f1585e489b,Salim,Metri,,
1e08339c-7ea3-46e5-b5ef-23f38321368d,kinjal,khatri,,
e1004ffa-60ac-4689-915d-23f70b1a1f10,Nanako,Yamakawa,,
8228ef49-05ea-4358-813a-24004e37ff17,Devika,Shenoy,,
6f3899ff-2003-4a38-8ea5-243b3e4fbc92,Alex,Chowdhury,,
f7f166ab-5c71-43b9-a524-2454227be0ac,Roberto,Pareyon,,
f864011b-ba9b-4fb2-8e95-246a56c20f51,Kaitlin,Bernabe,,
c0a18ceb-99a8-4b89-a3cc-2479c43fe4d0,Marc,Kowalsky,,
1aa8edd2-5f9e-4f65-b85c-24ac4e857c1a,Jeff,Leiter,,
ddb76d26-7c26-4062-93b3-24b01b7ab18e,Tally,Lassiter,,
9d739c3c-d60a-4c41-be82-24b572013fe6,Bryan,Soth,"Bryan T. Soth is a medical student at Ohio University Heritage College of Medicine and an Orthopaedic Surgery Clinical Research Fellow at Hospital for Special Surgery. His academic work focuses on sports medicine, shoulder and elbow surgery, arthroplasty, and orthopaedic outcomes research. He is a former Division I collegiate baseball scholarship athlete and team captain.",https://files.abstractsonline.com/assocphotos/2656/9d739c3c-d60a-4c41-be82-24b572013fe6.profile.jpg
14f01e2c-d918-48ae-933e-24bc8e314cb8,Zaid,Alani,,
01588f56-d52a-4975-a05b-24bdd7d640fb,Mathis,Wegner,,
6e6e736d-d370-4934-9ec0-24d891ca2334,John,Fowler MD,,
8ecd0d36-eed3-4c61-9dd4-24e7fc85897e,Hyung Ki,Cho,,
a4300c77-4d99-4e05-9f45-24f42b3c86f6,Ian,Penny,,
ca1e522e-e9b0-4687-9b84-2531299aaade,Scarlette,Rodrigo,,
190b33b3-ac58-46ee-adfb-253c3d987716,pierre emmanuel,chammas,,
039ab248-22d8-4453-af96-254b7c457f4c,Leonard,Stokes,,
c1f363d0-1544-4be5-a16c-2551a15e51cc,Auston,Locke,,
a20e75d0-9cc5-43d1-9a82-2553a6bef614,Kenji,Takahashi,,
f8bcdf64-4ef2-4a9e-947b-256d146a1b24,Geert Alexander,Buijze,,
55057add-d761-4c69-b689-2579a52f0938,Joseph,Coory,"Dr Joe Coory is a highly experienced orthopaedic surgeon with subspecialty fellowship training and a special interest in surgery of the shoulder and upper limb. He was an early MAKO robotic user for Reverse Total Shoulder Replacement. His expertise also includes minimally invasive arthroscopic rotator cuff repair and shoulder stabilisation. He contributes to innovation in healthcare and medical technology through being a founder and director of Panacea AI, Fortius hospitals, Fortius allied health and RTW Queensland.With a strong foundation in research, Dr Coory has authored award-winning studies in both non-operative and surgical management of shoulder conditions. He remains committed to advancing orthopaedic care through ongoing research in partnership with the University of the Sunshine Coast.",https://files.abstractsonline.com/assocphotos/2656/55057add-d761-4c69-b689-2579a52f0938.profile.png
eb665a15-9994-414d-aaa0-25833b45d669,Elise,Martin,,
34ea4b2a-3784-4a46-8acb-2586455f4b0a,Jacqueline,Tobin,,
1a816622-c74b-4211-b714-25b26a7501e6,Justin,LeBlanc,,
fdf0928b-af1e-49af-afcc-25c7cb53b730,Maxwell,Northrop,,
a1765441-4488-4a9b-93bb-25d40f547a5b,Ata Can,Atalar,"Ata Can Atalar, MD is a Professor of Orthopaedics and Traumatology specializing in shoulder and elbow surgery. He graduated from Istanbul University, Istanbul Faculty of Medicine in 1995 and completed his orthopaedic residency there in 2001, followed by a SECEC/ESSSE fellowship in 2003. After working as a specialist at JFK Hospital and VKV American Hospital, he joined the Istanbul University faculty in 2004, becoming Associate Professor in 2010 and Professor in 2016. He is currently affiliated with the Acibadem Health Group and serves as the SECEC/ESSSE Türkiye Delegate.",https://files.abstractsonline.com/assocphotos/2656/a1765441-4488-4a9b-93bb-25d40f547a5b.profile.jpg
c4dfe253-e457-4cab-b23d-25dd8578a0b7,Greeshma,George,,
27e0045f-f0ea-4f8d-b45f-25eeb8776375,Jacob,Arthur,,
a9b0eb68-9c4d-4bb8-b2be-25f907e29186,Calista,Stevens,,
09a8917f-baa9-450e-aada-25faa263ed91,Eleonora,Tedeschi,,
8c164d47-faa0-4208-a0b4-2611a08487ab,Ryosuke,Kuroda,,
0d8c54a0-9b8f-4005-9e59-261425b8d8cc,Pablo,Canales,,
bb0c4a30-d2ce-4654-a905-2617830d73cb,Vinod,Reddy,,
e0c3a334-1d7e-43d9-96e9-263da10d071e,Woong Kyo,Jeong,,
a6ab47bb-2ca3-4eb3-9334-2654169ed057,Stefania,Wunderli,,
f42f3297-bfa4-45bb-aaa3-2654edf64fc8,Yuri,Piccolo,,
b4fe6946-4e01-4518-ab35-2661cbd99223,Joseph,Heckman,,
06593c56-b569-458d-931c-2668a6f47de7,Helen,Greutert,,
b4f709c1-ab56-4dc4-9855-266ef0d99aea,Humza,Bhatti,,
6b1987e1-99dd-4423-b12a-2671777decb4,Andrew K.,Chow,,
94918103-ac3b-46ec-8592-2688d496bb18,Hio Teng,Leong,,https://files.abstractsonline.com/assocphotos/2656/94918103-ac3b-46ec-8592-2688d496bb18.profile.jpeg
455faee0-9a77-4ee9-91b2-2688f9183e86,Mary,Hennekes,,
1cb58dc7-182b-4793-b9c7-269b6837e11a,Kilian,Wegmann,,
e7aa6898-a4cc-4f9d-a1b6-26b8489eaff8,Ahmed,Elhessy,,
27bd2106-30ed-463a-80b8-26baf1920ab4,Juan Carlos,Jaramillo-Fernandez,,
c1a69dfa-9c17-4c36-8a93-26c7f7d3dce9,Bruno,Gobbato,,
e3249b3a-410d-4a4f-a245-26d74822758c,Ivan,Wong,"Dr. Ivan Wong, MD, FRCSC, MAcM, Dip. Sport Medicine, FAANA, is a Professor of Orthopaedic Surgery at Dalhousie University, where he also Co-Directs the The Joint Preservation, Sports Medicine and Arthroscopy Fellowship Program. Originally from Prince Edward Island, Canada, he earned his medical degree from Dalhousie University He completed his Orthopaedic Surgery residency at McMaster University, followed by fellowship training in Sports Medicine and Trauma at the Southern California Orthopaedic Institute in Los Angeles. He also holds a Master’s degree in Academic Medicine from the University of Southern California.Dr. Wong is a past President of the Arthroscopy Association of Canada (AAC) and currently serves on the Editorial Boards of the American Journal of Sports Medicine (AJSM) and Arthroscopy, the Journal of Arthroscopic and Related Surgery. He is a Professor of Orthopaedic Surgery, Biomedical Engineering, Continuing Professional Development and Medical Education, and Health and Human Performance at Dalhousie University, where he also Co-Directs the Joint Preservation, Sports Medicine, and Arthroscopic Reconstruction Fellowship Program. In addition, he serves as an Associate Editor for the Orthopaedic Journal of Sports Medicine (OJSM).Dr. Wong specializes in hip and shoulder arthroscopy, with expertise in advanced arthroscopic reconstructions for large rotator cuff tears and arthroscopic anatomic glenoid reconstruction (AAGR) techniques. His clinical and academic focus is centered on innovation, developing less invasive procedures that reduce pain, minimize incisions, and shorten recovery times. Dedicated to advancing his field, Dr. Wong has helped to train many medical students, residents, and fellows in sports medicine, as well as orthopaedic surgeons in sports medicine and arthroscopic procedures around the world.Dr. Wong has published over 200 peer-reviewed papers and has presented hisresearch outcomes and surgical techniques at over 350 conferences, webinars andcourses around the world during the past decade. ",https://files.abstractsonline.com/assocphotos/2656/e3249b3a-410d-4a4f-a245-26d74822758c.profile.jpg
73baed01-2b56-43ff-bac3-26ede91af071,Vivian,Oparin,,
f0d4d703-a996-401e-b232-26f3e849f07e,C.,Barnes,,
97e6ef0e-7367-4564-a239-270584e1d43f,Yutoku,Yamada,,
ded46a7c-ff47-4056-89d9-2708119b1c10,Eric,Bohm,,
4a82dffc-9a56-41c1-a12c-2710e366c70f,Paul,Sethi,"Paul Sethi, MD, is a board-certified orthopedic surgeon who specializes in sports medicine conditions of the elbow, knee and shoulder. He performs a range of shoulder replacement procedures, including total shoulder replacement, reverse shoulder replacement, and partial shoulder replacement. Dr. Sethi is a leading research physician who speaks at academic and instructional medical conferences in the US and abroad. His research on surgical advances in his specialty is regularly published in leading medical journals, including the Journal for Shoulder and Elbow Surgery, Arthroscopy, and the Journal of American Academy for Orthopaedic Surgery. He also collaborates with outside companies for education and research purposes and to develop medical procedures on the shoulder, elbow and knee. Dr. Sethi is a member of the prestigious American Shoulder and Elbow Society and American Academy of Orthopedic Surgeons. He is President of the ONS Foundation for Clinical Research and Education (ONSF).Dr. Sethi completed a sports medicine fellowship at the Kerlan Jobe Orthopaedic Institute in Los Angeles, CA. His research on athletic performance while a resident surgeon at Yale, his studies of professional basketball players, and his experience as a college varsity athlete have provided Dr. Sethi with an informed perspective of sports-related injuries and conditions.Dr. Sethi served as an orthopedic consultant to the Los Angeles Dodgers and was a former assistant team physician for the Los Angeles Lakers, Los Angeles Kings, and Los Angeles Dodgers. He is also a former assistant team physician for the University of Southern California football team.Currently, Dr. Sethi serves as team physician to Greenwich High School, and Brunswick High School. He is a former team physician for Iona Preparatory High School. He is the Chief Medical Officer for the Premier Lacrosse League (PLL) and the Women’s Lacrosse League (WLL), where he provides world-class medical expertise, injury prevention strategies, and rehabilitation support to PLL and WLL athletes.",https://files.abstractsonline.com/assocphotos/2656/4a82dffc-9a56-41c1-a12c-2710e366c70f.profile.png
7b38c8d6-6079-4abc-99d2-2729b5155ec3,Osvandre,Lech,"Chief, Shoulder and Elbow Service, IOT-HSVP-UFFS, Passo Fundo, Brazil5th Chair, IBSES",https://files.abstractsonline.com/assocphotos/2656/7b38c8d6-6079-4abc-99d2-2729b5155ec3.profile.png
ffa44773-a1a0-4368-812a-2745107dac56,Jorge,Silva,,
1dde4f74-f40c-4f5c-96c1-2747d69ffafa,Semih,Yaş,,
df2b625f-2b75-4994-8c30-274b22113c2c,Alon,Rabin,"Physical therapist and academician with a special interest in assessment and management of shoulder disorders, and in particular shoulder instability. I currently teach and conduct research in this field. My research agenda is centered on the development of informative assessment tools for patients following anterior shoulder dislocation, the advancement of conservative and post-operative management of this condition and improving decision making regarding readiness to return to sport. ",
879503c4-e7fb-4b92-8df9-2753d676f5ac,Ethan,Mewhinney,,
f94750bc-a273-440f-b16c-2760a1c7c4f5,Daniel,Whitney,,
dd2e0fda-30c0-47a5-b5e0-276f85be79a1,Alessandro,Castagna,"Full Professor Emeritus of Orthopaedics and Senior Consultant, Humanitas University and Research Hospital, Milan ItalyPast President SECEC (European Shoulder and Elbow Society)",https://files.abstractsonline.com/assocphotos/2656/dd2e0fda-30c0-47a5-b5e0-276f85be79a1.profile.jpeg
06a6a5b4-d683-4fa1-99f5-2798106a1dd7,Ahmed,AlMulhim,,
81af5e33-a2d8-4f44-8163-279c6a093cff,Marco,Damo,,
0410356f-a583-4b0f-8680-27b00419c02d,Daniel,Paccot,,
6755681c-ba3b-429b-996d-27bb39a58b56,Syed ,Ghouri,,
276a569f-17c4-44ea-8117-27c0a88e6b57,Kyle,Flik,,
fef7e7ae-04f7-408c-b1b1-27cdd3cfa38d,kim,uk,,
f414315f-25d7-4123-b1f7-27d0462b6b85,Daniela,Parra,,
8449c3ea-4015-4f55-b25e-27fe2e95f9a1,Alex,Demers,,
cc1b01e9-ba60-4f82-9036-28055acd1e60,Parag,Raval,,
0f357593-2e5f-4d69-a862-280d7449bb25,Byron,Campbell,,
5055fefe-a364-4155-b2d7-2815ff8b73e1,Aleksandra,Sibilska,,
f7ab2e8b-8264-44e7-b67a-28380b75ead6,Muhammet,Özsoy,,
4c8de2cf-4278-4bbc-bb94-283e512064ea,Chi Tay,Tsai,,
4985f71b-6712-4f2c-a39d-283ffb1b884d,Bijan,Borah,,
96d70f40-1837-4cee-80b7-2849706706d3,Ji Un,Kim,,
a1fa75b6-d83d-4e14-bdab-28532490c6cd,Jerome,Nashed,,
83179d71-a123-41c0-b898-28769f0f0a6f,Ko,Chiba,,
e32bd0cc-a12a-407e-b520-2888c0353475,Craig,Bottoni,,
ff896382-f552-4bf4-b1bc-288a38c6fe17,Alberto,Pochini,,
79df2b9e-aecc-40d4-9c42-28904d938be4,Brian,Forsythe,,
d506af0a-c72e-4c49-b6b6-28928cd803c6,Joanne,Labriola,,
842e7bb9-0119-40d8-b082-28943e3268da,Jose,Aguirre,,
b3a637ce-6249-4468-9c23-28a57d218b53,Tyler,LaMonica,,
ca294a91-07d0-413e-b7ed-28bb151b19ae,Arnav,Sinha,,
585f67e3-e7c0-42c5-b13d-28c00e66b50c,Corrado,Antonetti,,
d9125c7f-2f99-49cf-b76e-28d0f5165286,Alexandre,Maioli,,
94a9ffdd-b32d-4e0f-843f-28e311fdce01,Samantha,Ashok,,
88cb8517-767c-48fd-987b-28fafcb79859,Yoichi,Ito,,https://files.abstractsonline.com/assocphotos/2656/88cb8517-767c-48fd-987b-28fafcb79859.profile.jpg
32a4fd35-c692-47f6-a611-290089581dd1,John,Strony,,
948abc02-3ebe-464e-bcae-2906959b046b,Mike,Mulder,"Shoulder & Elbow Surgeon in Private Practice, Cape Town, South Africa",
881a584c-2f6e-4a53-89a6-290a5d13a43d,Bettina,Haupt-Bertschy,,
7f2ac99b-c082-4b50-a7d2-291c1cd1d28a,Matthew,Ramey,,
7fe01d05-dec5-4c6f-b3a0-29216ac895b8,Matthijs,Jacxsens,,
89273f5f-5b4e-4c85-b4e0-2931218f9cb9,Yohan,Jang,,
17071142-cfbd-4abe-89a6-2947994eb527,Mehmet,Cay,,
5a49c599-5bf5-4c4f-a369-295368ad1552,Fabiano,Faria Filho,,
6aee51e6-d4c1-44ec-8268-2963af88d1b7,JeongWoo,KIM,"President, Korean Shoulder and Elbow Society (KSES)Professor, Department of Orthopaedic Surgery, Wonkwang University Hospital (2005–Present)",https://files.abstractsonline.com/assocphotos/2656/6aee51e6-d4c1-44ec-8268-2963af88d1b7.profile.jpg
3a9252a2-e52a-433e-97c0-29712b7f34b2,Pablo,Policastro,,
1c0f17c3-2266-47c5-a5b8-29bd01dd5f1f,Petros,Rougas,,
0d30fb92-c1ff-43d8-9b4a-29be123c28da,Andrea,Bauer,,
c432f3c3-5888-4e29-a7fd-29caffb0d65e,Joseph,Abboud,"Dr. Abboud is a Board Certified Orthopaedic Surgeon and specializes in the treatment of patientswith shoulder and elbow disorders. He is an internationally recognized authority on the treatmentof shoulder and elbow disorders. He is a Professor of Orthopaedic Surgery at the Sidney KimmelMedical College of Thomas Jefferson University and a core member of the teaching faculty forRothman Orthopaedics  Dr. Abboud received his medical degree with honors from Georgetown University School ofMedicine and went on to complete his residency in Orthopaedic surgery at the Hospital of theUniversity of Pennsylvania where he served as the administrative chief resident and received theaward . He subsequently completed two (one-year) fellowships at the University of Pennsylvaniain Shoulder and Elbow surgery and Orthopaedic Biomechanics. Dr. Abboud has published over250 peer reviewed publications, given over 600 invited lectures nationally and internationally,and published several textbooks and numerous book chapters. He has received the prestigiousNeer award and Burkhardt award for excellence in research. Dr. Abboud performs a wide variety of simple and complex surgical procedures on the shoulderand elbow including arthroscopic surgery (e.g. rotator cuff repairs, instability surgery)comprehensive fracture care, as well as shoulder and elbow replacement(arthroplasty)procedures. Dr. Abboud is most proud of the fact that he has been caring for patients throughoutthe Philadelphia region and the Northeast region of the United States. Patients seek out his carefrom all regions of the United States and overseas. His goal is to always provide each patientwith exceptional personalized care.",https://files.abstractsonline.com/assocphotos/2656/c432f3c3-5888-4e29-a7fd-29caffb0d65e.profile.png
8548fd9c-2afd-45dc-b7c8-29f91bf45822,Lewis,Shi,,
821cc904-58b6-40c4-b5b2-2a0025b7c1b8,Michael,Caughey,Michael Caughey is a New Zealand trained shoulder surgeon who undertook fellowship training at the Orthopaedic and Arthritic Hospital in Toronto and the Nuffield Orthopaedic Centre in Oxford. He has practised as a consultant in Auckland for 35 years initially at Middlemore and in the private sector and subsequently in private practice retaining a teaching role with Auckland University. He is a past president of the New Zealand Shoulder and Elbow Society and was instrumental in setting up the NZ Rotator Cuff Registry,https://files.abstractsonline.com/assocphotos/2656/821cc904-58b6-40c4-b5b2-2a0025b7c1b8.profile.jpeg
a23797c4-a6b9-4962-ab39-2a0351587012,Michael,Riediger,,
8a667b36-675a-4146-a09a-2a0a21330852,Emma,Khoury,,
6b0fd016-afd4-4d57-88f6-2a33a6061a40,Peter,Johnston,,
2e9588ae-83bc-4bc1-9303-2a3623ed9597,Alexandra,Culpepper,,
8256baa3-64f5-4403-ab9e-2a36aa485b13,Alvaro,Yumiseba Caichug,,
07ea4385-6517-4b7d-a156-2a3fd2221ff8,Shiho,Wasai,,
47bb6415-3e4c-410f-b990-2a54ef8eeb05,Michelle,Xiao,,
7f9eb8f7-15be-4b35-ac87-2a55a7660a35,Zoe,orlando,,
ddeb767e-7f90-4da4-858d-2a5820270728,Rick,Papandrea,"Dr. Papandrea graduated from UW-Madison Medical School in 1992.  His residency was completed at Mt. Sinai in Cleveland.  He then went to Boston for a one year adult and pediatric hand/upper extremity fellowship at Harvard.  Adult shoulder and elbow fellowship training followed at the Mayo Clinic.  He is board certified in Orthopaedics, Hand Surgery, and Sports Medicine.He joined Orthopaedic Associates of WI in 1999.  His elective practice has always been limited to the upper extremity, and now is only shoulder and elbow.   He has remained passionate and invested in complex elbow intervention.Dr. Papandrea has been traveling to Ethiopia, to help the staff of Soddo Christian Hospital educate their residents since 2020.",https://files.abstractsonline.com/assocphotos/2656/ddeb767e-7f90-4da4-858d-2a5820270728.profile.jpeg
a7cf7c5e-0578-403f-aa9f-2a810b3b5816,Kwon Young,Kwak,,
7282caee-8242-4553-8dee-2aa410ad1c02,jerome,garret,,
a776e656-8f96-4d7f-9a47-2aa5716d1d87,Xavier,Becsey,,
1bf35262-9aa5-4a00-b45e-2ab0216057b9,Jean,Kany,,
212cff9d-1007-47c8-bfe7-2ab946cb1254,Hyoung Chul,Cho,,
9034e2bb-40e2-4a9f-aad8-2aceca0edfee,Ruijia,Niu,,
61d6fd4a-7391-462d-b294-2ad343f9b384,Peter,McQueen,,
14a57e9c-d9d2-4f25-b7bb-2ae5c4c30cb2,Clara,Campos Azevedo,"CLARA DE CAMPOS AZEVEDO is a Consultant in Orthopedics and Traumatology and the Co-Head of Shoulder and Elbow unit at Joaquim Chaves Saúde and the Head of the Shoulder and Elbow Unit at the Department of Orthopedics and Traumatology of SAMS Hospital in Lisbon, Portugal.She completed her medical degree in 1999 at the Faculty of Medicine of the University of Lisbon and her residency in Orthopedics and Traumatology in 2008 at the Western Lisbon Hospital Center (CHLO). She concluded her shoulder fellowship in France with Dr. Thierry Joudet in 2007. From 2009 to 2014, she was Assistant Professor of Orthopedics at NOVA Medical School.She has been a consultant in Orthopedics and Traumatology since 2017 and was the Coordinator of the Shoulder Surgery Unit at the Department of Orthopedics and Traumatology at CHLO from 2018 to 2021.In 2022, she obtained her Ph.D. in Medicine from the School of Medicine at the University of Minho, focusing on arthroscopic superior capsular reconstruction (ASCR) using a minimally invasive autograft of fascia lata harvested from the mid-thigh for the treatment of irreparable rotator cuff tears.She has published several peer-reviewed articles on shoulder surgery in national and international journals, has been an invited speaker, and has authored numerous original presentations on ASCR. She has presented more than a hundred papers on orthopedics at national and international shoulder meetings and cadaver lab courses.She was a Board Member of the European Shoulder Associates of the European Society for Sports Traumatology, Knee Surgery, and Arthroscopy (ESA – ESSKA) for the 2025-2026term. She is Chair of the Communication Committee and Deputy Chair of the Shoulder Committee of the International Society of Arthroscopy, Knee Surgery, and Orthopaedic Sports Medicine (ISAKOS) for the 2025-2027 term. She is a member of the Education Committee of the European Society for Shoulder and Elbow Surgery (SECEC) for the 2025-2026 biennium and was accredited as an ESSKA Teacher by ESSKA in September 2023. She is a Corresponding Member of the German, Austrian and Swiss Shoulder and Elbow Surgery Society (DVSE) since 2026.She serves as a reviewer for several journals (KSSTA, OJSM, JISAKOS, the HIVE, JEO), a principal reviewer for the American Journal of Sports Medicine (AJSM) since 2020, and a member of the editorial board of AJSM (Electronic Media Editorial Board, AJSM EMEB) since 2021, of The Hive Musculoskeletal Journal since 2024, and of the Journal of Experimental Orhtopaedics (JEO) since 2025.In 2021, she co-founded SHOULDER.PT, a brand and website dedicated to advancing medical education in the field of shoulder and elbow surgery.",https://files.abstractsonline.com/assocphotos/2656/14a57e9c-d9d2-4f25-b7bb-2ae5c4c30cb2.profile.jpeg
9f722a8b-86b2-446d-b2b4-2ae975693186,Shirom,Chabra,,
eefe2f07-a4bd-4328-aca0-2aec75d2948c,Tej,Joshi,,https://files.abstractsonline.com/assocphotos/2656/eefe2f07-a4bd-4328-aca0-2aec75d2948c.profile.png
c5d8825f-0bee-496b-a14c-2b196ec6d29c,Ken,Yamaguchi,,
7747f866-6101-408b-86f2-2b25be4e582d,Tarik,Yilmaz,,
52bb73c7-d940-4b4b-b1c4-2b2cac048918,Seung-Hun,Lee,,
0c38d20e-012d-41de-be2b-2b340cb01a81,Alexander,Van Tongel,,
a2a3f56f-2490-4c65-9cd2-2b4ec37d7fe2,James,Nielsen,,
6261378c-508b-4de1-94a4-2b5280c359b7,Michael,Bradley,,
41420734-6e1d-40e5-8184-2b5ea6e4b8f8,Mark,Rogers,,
2a906aa5-2239-4c29-8b5b-2b659185dc40,Alexander,Zhu,,
d3d6d0a3-f9b6-4162-bfcc-2b780b5276c0,Sophie,Kamradt,,
af33e062-e116-42d1-8c6e-2b7ec133b330,Roya,Osswald,,
822f3186-1410-442b-aa83-2b7efa8eb0a0,Sam,Lynskey,,
7144ed06-9c80-47fc-90ee-2b9ae228fc21,Gebhard,Woisetschlaeger,,
0e829eee-94d3-4c12-8351-2ba6acec9c40,Sepehr,Mehrpouyan,,
02b34e0a-0c77-4ca9-8274-2bacc331a3af,Florencia,Vial,,
ac5e81aa-41c5-461a-ab41-2bb9e09dc58f,Germain,Craddock,,
d16b34e6-2d0a-4a2d-aa93-2bce3ff7e6ff,Patrick,Denard,,https://files.abstractsonline.com/assocphotos/2656/d16b34e6-2d0a-4a2d-aa93-2bce3ff7e6ff.profile.Png
b451eb05-35a1-49d9-b7c7-2bd18c279843,Necati,Eravsar,,
ecc89cbf-9c14-4cf5-8fe0-2bdb87b30105,Dean,Slocum,,
d2114fdd-c440-4ccd-9ed7-2bdced755770,Elizabeth,Paxton,,
999575e0-bdc8-4316-893c-2bdf4fc843fd,David,Stoller,,
ae9b4d0a-6c80-4309-b4e0-2c089dc91670,Hiroki,Nishikawa,,
3f8ffb12-d082-4f65-ba76-2c0e7ccf4eb3,Robert,Gillespie,,
01702317-1e8c-427a-836b-2c0eda03ab25,Abdulwahab,Shamsaldin,,
29065285-f5cd-414a-93fa-2c0f789823c6,Brian,Chan,,
ca4405fc-6678-4025-9c2f-2c113d6aaf70,Anthony,Maher,,
a3ece176-a92b-4e70-85bb-2c1f20598904,Cristobal,Calvo,,
fd5f6e68-63a9-47a7-ac82-2c40123595c1,Patrick,Hallmark,,
be033ab8-7ab5-4bda-aefc-2c6319bdd86d,Saffet Buğra,Korkut,,
b1e43be6-05a5-491f-ae1c-2c791adce099,Asim,AHMADOV,,
ba754d1f-fb3c-4f47-9ff5-2c7b03b76a57,Amanda,LeFranc,,
9ed093f2-6b3b-4c34-9e37-2c8410244d33,Hankyeol,Lee,,
5280ed62-402e-47f5-8f98-2c8e220a4350,Mitchell,John,,
1d27cb1f-3225-4ae9-b76f-2ca7e783e290,Glen,Lichtwark,,
2c4c7bb0-ebec-4192-b83b-2cb2deba04b0,Albert,Lin,"Albert Lin, MD, is Professor and Vice Chair of Education, Residency Program Director, Chief of Shoulder Surgery, Co-Director of the Pittsburgh Shoulder Institute, and Associate Chief of Sports Medicine at the University of Pittsburgh.  He received his undergraduate degree with magna cum laude distinctions from Harvard University, medical degree from Harvard Medical School, and completed his residency in orthopaedic surgery at the Harvard Combined Orthopaedic Residency Program, followed by fellowships in sports medicine at UPMC and shoulder surgery at Harvard University and Centre Orthopedique Santy in Lyon, France.Dr. Lin specializes in the care of athletes and shoulder conditions, and has extensive experience with shoulder arthroscopy, shoulder arthroplasty, and complex reconstructive and open surgery of the shoulder.  Dr. Lin is an active committee member of American Academy of Orthoaedic Surgery (AAOS), American Orthopaedics Society for Sports Medicine (AOSSM), American Shoulder and Elbow Surgeons (ASES), International Society Arthroscopy for Knee Trauma and Orthopaedic Sports Medicine (ISAKOS), American Orthopaedic Association (AOA), and was recently inducted to the prestigious Herodicus Society and ASES Neer Circle in 2022.  He currently serves as the co-chair of the education committee of ASES, and on the scientific and shoulder committees of ISAKOS.   He is a founding board member of the international Rotator Cuff Study Group and is a regular invited faculty member for AAOS, ASES, AOSSM, AANA, ISAKOS, and Mid Atlantic Shoulder and Elbow Surgery.  He was the co-chair of the ASES Fellows’ Day 2021 and 2022 and has been a co-chair of the shoulder and elbow program of the OSET Summit Meeting since 2022.  In addition, he is an associate editor for JBJS Case Connector and editor-in-chief of Annals in Joint and is a member of the editorial boards of KSSTA and Arthroscopy.  He is a regular reviewer for AJSM, Arthroscopy, JAAOS, JSES, KSSTA, JBJS, JOR, and several other journals.  Dr. Lin has currently published over 190 peer-reviewed papers and over 500 abstracts and book chapters related to clinical and basic science research on shoulder instability, rotator cuff pathology, shoulder arthroplasty, and complex shoulder conditions, and regularly presents his research as invited faculty and visiting professor at international, national, and local conferences.  His papers have received numerous awards from AAOS, ASES, AOSSM, AANA, and the Arthroscopy Journal.  He recently completed two federally-funded NIH (R03, R21) grants as a Principal Investigator related to shoulder biomechanics research in addition to two additional current federally funded grants with the NIH (R01) and DoD as a Co-Investigator related to shoulder instability research. He is actively involved in medical school, residency, and fellowship education, serving as the Program Director of the Orthopaedic Residency since 2022 and was prior Associate Program Director of the UPMC Sports Medicine Fellowship.  He has won multiple awards related to education and mentorship of medical students at the University of Pittsburgh School of Medicine.  On a systems level, Dr. Lin holds several leadership roles within UPMC and currently serves on the executive committee of the orthopaedic departments, treasurer at UPMC East, and on the advisory boards for the VATS, RFP, UPMC Health Plan, and ambulatory surgery workgroups for shoulder.   He is also the head orthopaedic team physician for Duquesne University and Pittsburgh Central Catholic High School.  ",https://files.abstractsonline.com/assocphotos/2656/2c4c7bb0-ebec-4192-b83b-2cb2deba04b0.profile.png
e222ee46-9ca0-4eeb-9219-2cc00ca7dcbe,David,Lutton,,
66adb805-8ac5-41db-b2fc-2cc057f891e4,José,Rojas,,
538fe0e5-e0cf-4aa9-95a8-2ccf0b6d2ea8,Bancha,Chernchujit,,https://files.abstractsonline.com/assocphotos/2656/538fe0e5-e0cf-4aa9-95a8-2ccf0b6d2ea8.profile.jpg
93578c4e-9b0c-4db3-80a4-2cd31d29e5ac,Angelo,De Crescenzo,,
0451f9af-9f33-462c-b302-2cde79485775,Rebecca,Mak,"Medical Student and Clinical Researcher at the Orthopaedic Research Institute, University of New South Wales",https://files.abstractsonline.com/assocphotos/2656/0451f9af-9f33-462c-b302-2cde79485775.profile.png
6fbce6f5-88bc-4f38-846c-2ce339f85cb7,Ian,Lo,,
66f54f3c-cc62-482f-87fd-2ce8ce3b70e8,Matthew,Colatruglio,,
9ceda8f3-fed8-4290-b77a-2cf6c9bc88ac,Richard,Friedman,"DR FRIEDMAN is Vice Chairman of Research and Professor of Orthopedics and Physical Medicine & Rehabilitation at the Medical University of South Carolina in Charleston, and Adjunct Professor of Bioengineering at Clemson University in Clemson, SC.  After receiving his medical degree from the University of Toronto Faculty of Medicine in Canada, he completed residencies in Surgery at Johns Hopkins University and Massachusetts General Hospital, and in Orthopedic Surgery at the Harvard Combined Orthopedic Residency Program in Boston. He is a fellow of the American Academy of Orthopaedic Surgeons, American Orthopaedic Association, American College of Surgeons, and Royal College of Physicians and Surgeons of Canada, as well as a member of various professional associations in his field such as the American Shoulder and Elbow Surgeons and European Society for Surgery of the Shoulder and the Elbow. Dr Friedman serves as a reviewer for the Journal of Bone and Joint Surgery, Clinical Orthopaedics and Related Surgery, the Journal of Shoulder and Elbow Surgery, and the Journal of Orthopaedic Research and has published extensively. He has also authored or coauthored numerous book chapters, and been an invited speaker at many national and international medical conferences.  Dr Friedman’s special areas of interest are shoulder and elbow disorders, shoulder arthroplasty and arthroscopy of the shoulder. ",https://files.abstractsonline.com/assocphotos/2656/9ceda8f3-fed8-4290-b77a-2cf6c9bc88ac.profile.jpg
bbe1ec4a-7940-489b-a578-2d01fb4fc5b2,Jason,Lilly,,
06e783e7-3d33-4d00-bff0-2d2e77eb9a07,Audrey,Wimberly,,
57c6b463-444f-4de0-a9d1-2d3645763b43,Scott,Trenhaile,,
03454927-542b-4c91-8385-2d442e533da3,Fernando,Kikuta,,
20e476e2-1f13-41d6-a495-2d528be2d223,Hunter,Czajkowski,,
0f4728fb-edbf-43c5-94ec-2d5ba6f9e44f,Jean-David,Werthel,,https://files.abstractsonline.com/assocphotos/2656/0f4728fb-edbf-43c5-94ec-2d5ba6f9e44f.profile.jpg
c9f18d22-5534-4e6e-8959-2d5e7ed408a3,Mandeep,Chokar,,
4e4a0a95-bd43-4ab9-a564-2d619cdc5fed,Garret,Burks,,
0149c9a6-fe13-43a1-a02c-2d67ccf98072,Pushpa,BT,,
abf24f88-5b31-43ed-b6a6-2d744e0ed025,Shingo,Maeda,,
fec42d68-80ec-4773-a1e4-2d772c9b43e7,Andreas,Kontaxis,,
82b68400-54fd-4320-8472-2d796ea2c380,Malik,Dancy,,
5898e470-2bc0-4c7e-8231-2d8614fa9497,Liz,Paxton,,
47c17693-277c-4de3-bfe5-2da059e8c4eb,Adam,Popchak,,
b53f5f4a-749a-4836-b5cc-2dab19843f81,Taku,Hatta,,https://files.abstractsonline.com/assocphotos/2656/b53f5f4a-749a-4836-b5cc-2dab19843f81.profile.jpg
6d8cf0dc-b439-4207-a95d-2db48d52b5a6,Kevin,Hildebrand,"Department Head, Surgery University of Calgary. Specializing in disorders of the elbow and wrist. Research interests in post-traumatic joint contractures from preclinical to randomized clinical trials.",https://files.abstractsonline.com/assocphotos/2656/6d8cf0dc-b439-4207-a95d-2db48d52b5a6.profile.jpg
48ef69d1-3a71-45df-b347-2dc4104d0a59,Masao,Nishiwaki,,
b64483be-356a-41e2-b745-2df24e04014c,Arthur,De Gast,,
e67a88cc-45cd-4a07-bb35-2df5990194ed,Luciano,Rossi,,
bab62911-244b-413d-b9e4-2e1d4d2e262c,Jacob,Chisolm,,
d332600f-bb7a-4cc6-9726-2e2aff11ea01,Kenji,Takahashi,,
063ebc26-9cd0-401c-ac0c-2e3b22668ebe,Parham,Daneshvar,,
8b252652-c3a0-450b-81a1-2e3d108d4cf2,Marc,Hirner,Shoulder surgeon with special interest in biomechanics and artificial intelligence,https://files.abstractsonline.com/assocphotos/2656/8b252652-c3a0-450b-81a1-2e3d108d4cf2.profile.jpeg
a53c3ef5-16bf-4f04-9d22-2e44f8709c6e,Matthew,Van Boxtel,,
50bb7d92-b347-4a9e-9269-2e525b8044bb,Heather,Normand,,
ee658682-33b1-43e5-aea5-2e80eeb5e9f2,Alexander,Preis,,
c85a90e0-5160-46ad-8e05-2ea571af5320,Yusuke,Nakazoe,,
310ad055-7637-436a-99a7-2ec8c8091cf2,Michaela,Mullen,,
164b1788-f919-44da-acb0-2ecfdc0c37c7,Joseph,DiCecco,,
70382c87-0acd-4ec3-9ff9-2ed417edeb6b,Elena,De la Orden López,,
e76de732-6362-4870-a1a4-2ed79a507997,Mikail,Aktas,"Dr. Mikail Aktas is a medical doctor with a background in surgical specialties and healthcare technology business development. He currently serves as Business Development Lead at AI Rehab, an orthopaedic rehabilitation start-up. His achievements include establishing clinical trial protocols in Florida, developing a U.S. reimbursement strategy, and authoring the company’s business plan.In addition to business development, Dr. Aktas has added to academic and technological advancements, including publishing a machine-learning study on patient pathway prediction and demonstrating remote knee infection detection capabilities. Proficient in advanced data analysis tools such as Matlab, Python, and NumPy, he combines clinical insight with data analysis. He maintains an interest in time-series analysis in medicine.Dr. Aktas earned an MRes with Distinction in Medical Device Design and Entrepreneurship from Imperial College London and holds an MBBS from Newcastle University. His academic journey also includes a Bachelor of Science in Philosophy with Basic Medical Sciences from King’s College London.",
ff1cac2a-3306-4a40-9a1c-2edcc4121029,Conor,Smith,,
66ef78dc-fec2-43ee-85bc-2ee6d4e09271,Micah,Nieboer,Dr. Micah Nieboer is a Shoulder and Elbow Surgeon at Mayo Clinic. ,
4cc08fee-49cd-401b-959c-2ee96a9bebfc,Nadine,Foster,,
aaee1f72-c59a-42cb-b9ee-2eefb97423d3,Rodrigo,de Marinis,"Dr. Rodrigo de Marinis is an orthopedic surgeon from Santiago, Chile, specializing in shoulder and elbow surgery. He serves as Clinical Assistant Professor at Pontificia Universidad Católica de Chile and works at both the UC–CHRISTUS Health Network and Hospital Dr. Sótero del Río.Dr. de Marinis completed a Shoulder and Elbow Fellowship at Clínica Alemana de Santiago and a Research Fellowship at the Mayo Clinic in Rochester, Minnesota, under the mentorship of Dr. John W. Sperling and Dr. Joaquín Sanchez-Sotelo. His clinical and research interests focus on shoulder arthroplasty, complex trauma and reconstruction, shoulder instability, and the integration of artificial intelligence into orthopedic practice.",https://files.abstractsonline.com/assocphotos/2656/aaee1f72-c59a-42cb-b9ee-2eefb97423d3.profile.jpg
f3170cb9-d1ee-4d4b-bf9e-2f0c80baaae5,Lee,Van Rensburg,,
693e9e17-cbc4-4ffd-8d36-2f194e1f1c3c,Sameer,Shaikh,,
9025b94d-adb0-4347-aaf7-2f48fc52a752,Yoichi,Horike,,
3313d417-a253-4cea-bc4e-2f4a0d3c7146,Jesse,Seamon,,
13c7e254-25a6-4018-bb6e-2f67b300003a,Kanuganti,Aksheta,,
04d79206-579e-4842-b6f5-2f6b3e58199b,Leonardo,Cavinatto,,
07e5702e-372a-4a0f-9630-2f71b394ea0c,Jae Hee,Choi,,
186b4acd-1c9a-4a16-9600-2f8e5502b8e4,Marc-Olivier,Gauci,,
1f44c560-bf45-4f0a-b8d7-2faad8a3fb8c,Anna,Osborne,,
306574e7-46a1-4b78-a8c6-2fac7c8057b7,Karina,Klein,,
b3b7fc51-c25b-4339-958a-2fb0076e920b,Nathaniel,Long,,
21f3352a-5b9c-4c29-9089-2fb59be9ace0,Kyle,Christy,,
5424d241-6085-4e02-b8de-2fbbca8ae1d3,Caroline,Chebli,,
af8a2370-eb1b-4a5d-9ef3-2fd3d87432c6,Asimina,Lazaridu,,
a40c6370-3142-48f2-9e01-2fd704393430,Uma,Srikumaran,,
56d1fb32-ab1c-4fa8-8e37-2fdeb1c96149,Clark,Baker,,
072a8a05-0e6f-4148-b24d-2ff103008d53,Anthony,Gavalas,,
6b94820c-c58e-4d72-9337-3000ee99b9f9,Javier,Guevara Saenz,,
f8239801-da33-4f48-8279-3008acc3af12,Daniel,Davis,,
32e78839-948c-4d08-9d7f-300c346b482d,Michael,Willey,,
c75d078c-0691-47df-af79-3024e8b5bd47,Robert,Kent,,
a80ec86a-4454-4a2e-9c35-3030cfaaab94,Kevin,Collon,,
34e3d48f-d85c-44e1-a9c1-303482fceff9,Jackson,Borak,,
84373421-0cdc-4011-b3cd-30396abeaa17,LAURA ,RAMIREZ,"I am a Shoulder & Elbow Surgery Fellow at Universidad Pontificia Bolivariana in Medellín, Colombia. I currently work at Hospital Pablo Tobón Uribe, where I focus on advanced shoulder and elbow arthroscopy and reconstructive procedures. I am committed to delivering high-quality patient care while expanding my clinical expertise and academic development in upper limb surgery.",
6c97e060-dc4e-4c56-a9eb-304a7e7f2f82,Kathrynna,Demetillo,,
495eb150-e437-49e8-8133-304f975127b2,Gabriel,Zulietti,,
4966b3f4-dd3e-4599-a233-305bb2071630,Joshua,Pezzulo,,
e6eb5c1e-b8fe-483b-a888-3061f8867be1,Matthew,Posner,,
407251df-f326-42cb-9f95-30742affc08a,Brian,Werner,"Dr. Werner is a Professor in the Department of Orthopaedic Surgery and Director of the UVA Sports Medicine fellowship. He completed a fellowship in Sports Medicine and Shoulder Surgery at the Hospital for Special Surgery, where he was a team physician for the New York Giants and the New York Red Bulls. Dr. Werner currently serves as the Head Orthopaedic Team Physician for James Madison University athletics.  Dr. Werner has a significant interest in both clinical and basic science research, has published over 400 peer-reviewed papers on a wide variety of orthopaedic topics and has presented his research both regionally and nationally over 500 times. He has won numerous national awards for his research. His current research interests include clinical outcomes after knee and shoulder surgery, biomechanical studies in the knee and shoulder, shoulder arthroplasty and cartilage injury and repair.",https://files.abstractsonline.com/assocphotos/2656/407251df-f326-42cb-9f95-30742affc08a.profile.jpg
98b4f266-dd78-48fe-8ad6-3088dbabf7d0,YongBeom,Lee,"Yong-Beom Lee, MD, is a Professor of Orthopaedic Surgery at Hallym University Medical Center, specializing in shoulder and elbow surgery and currently serves as Secretary-General of the Korean Shoulder & Elbow Society.",
bfe91eb4-dd13-4af1-b95f-3096b0c175c8,Devin,John,,
ac1e63e5-917e-474c-bd8e-309d91d1b8bb,Amar,Rangan,,
ed609030-97ad-4872-8647-30a0415ec96b,Burraq,Imran,,
45132615-3bd4-451c-b29d-30bd1a7c1961,Peter,Georgakas,,
4ea28320-0a1d-4260-82d4-30c165b184d8,Connor,Dechiro,,
87ee7333-8201-4d6b-a0a8-30cacfd21314,Christopher,To,,
2bbd7e8c-3822-42fd-87ee-30d37548299c,Zhe,Guo,,
27d9f43c-6d9c-437e-85a4-30d9e86fe07b,Christoph,Lohmann,,
49b06321-5955-40e2-8961-30fb9f117305,Julio,Cesar Carvalho Nardelli,,
c38bdb17-3b2c-4449-a9f7-310f1954dbba,Kevin,Cronin,,
43412b08-3f20-472c-a5de-31251498e42f,Meghan,Boersma Robertson,,
41e74fad-e45c-4a4b-b8c2-3130c8b98d2c,Justine,Fleurette,,
e9af334f-c866-43da-9245-31423faf41be,Tal,David,,
a6b3c9ac-a8e9-481b-b050-314d29bd55af,Yang,Son,,
a8913502-1c56-4a46-a696-31580ed8b298,Jonathan,Ng,"Dr Ng is an Associate Consultant in the Department of Orthopaedics & Traumatology at Prince of Wales Hospital, Hong Kong, and an Honorary Clinical Assistant Professor at the Chinese University of Hong Kong. Dr. Ng is an orthopaedic sport medicine specialist whose clinical work focuses knee and shoulder arthroscopic surgery and shoulder arthroplasties. He has published over 50 peer-reviewed publications in top scientific and clinical journals. His academic contributions have been recognised through numerous distinctions, including the Sir Harry Fang Gold Medal from the Hong Kong College of Orthopaedic Surgeons, Distinguished Young Fellow of the Hong Kong Academy of Medicine and Young Achiever Award from Hospital Authority. ",https://files.abstractsonline.com/assocphotos/2656/a8913502-1c56-4a46-a696-31580ed8b298.profile.jpeg
490b6983-36cf-4cab-b3bb-31bc722c6406,George,Mamarelis,,
9713886a-5494-434e-8bc2-31bfbfef6b98,George,Grammatopoulos,,
3ba9f3b4-95f1-4790-ac29-31d629874caf,Seungjun,Lee,,
c0a80fc1-b131-4a6b-ad28-31daca6e6329,Hafiz,Kassam,,
d524a022-fb20-42fd-97a6-31e371366b4d,yacine,carlier,,
c3e42e40-e515-4e42-9563-31e80049c867,SuQing,Cai,,
33350e9f-caae-44fa-aaec-31f9a3c636d3,Casey,Beleckas,,
cbfb63b1-6972-4ceb-ae41-320b215c6fba,Jeong Hun,Choe,,
82a923fe-6772-4b04-b1fc-320c12639175,Masashi,Koide,,
fe619cde-f84b-4596-8867-3212912b7c63,Prateek,Chintalapati,,
0df6c5fc-b07a-4e11-8d77-32148796cf75,Armando Tonatiuh,Mondragon-Rodriguez,,
ba622df9-2b04-408f-ae6a-3218051fcf31,Kehinde,Agoro,,
8a1be349-9e7a-4ac4-b0fb-32196c7e5367,Andrew,Hurvitz,,
58bcd4d5-afc0-41a0-bc87-321b699fd2f3,Seung Jin,Yoo,,
f1e17c2d-9076-4553-a3b1-321b8003e595,Shoulder Group,Cleveland Clinic,,
c6605340-c016-4049-913b-321c82b7d339,Viraj,Deshpande,,
588c5feb-6228-46e9-ab72-3236df944348,Weisi,Xia,,
f4a365ce-66bb-4912-aba3-3236e877f810,Victor,Chen,,
8afb1153-95fc-41e0-9e59-3242d41b2ae8,Evan,Bailey,PGY-4 Orthopaedic surgery resident at Emory University School of Medicine,https://files.abstractsonline.com/assocphotos/2656/8afb1153-95fc-41e0-9e59-3242d41b2ae8.profile.jpg
20bfbaac-7e9b-4180-833c-324383e73da9,Sumant,Krishnan,,
db71e631-7889-4f10-a5bc-324c03caecc2,Connor,Sullivan,,
30a3dd9d-594f-4197-aa2e-325df31128ae,Koichi,Nakamura,,
64c154f7-a2ff-46c3-9554-325e8c9572fa,Tyler,Goodwin,,
71100f34-13a6-4a28-883c-3262baab22b6,Fracois,Boux de Casson,,
3f0a7392-26ca-4a32-88fa-32758ef35c5e,Sang-Jin,Cheon,,
c64fe2d8-e214-4d00-931c-328c5f9d46e2,Sang-Jin,Shin,,https://files.abstractsonline.com/assocphotos/2656/c64fe2d8-e214-4d00-931c-328c5f9d46e2.profile.jpg
2e54340d-e0ef-4df0-a628-328eab18cae3,Riccardo,Signoretti,,
02087cab-ad9d-4869-a34b-32a9545f2754,Randall,Otto,,
fb698dd8-0e2f-443d-900f-32add6a04a00,Christian,Schmidt II,,
8610bb23-58bb-411d-b947-32bd9df0abe1,Otavio,Paro,,
30cdd31e-c318-4b76-b2fe-32dbf1b981c2,Julian,Javier,,
112df36e-ea5c-4a1c-bf88-32eeec590a14,Bruno,Teixeira,,
757b0ee0-f515-418f-bec0-32f4abd998ae,Tore,Fjalestad,,
2acfef59-1269-4961-b6b4-32fee138fe32,Claudio,González,,
e2250264-c254-4525-8227-3309057cdce7,Naethan,Kanneganti,,
3a7d0667-fc88-4014-ab5d-331a38a80839,Andrew,Vastardis,,
32121068-4d6a-4714-a472-3322a81a84f3,George,Cross,ST7 Trauma & Orthopaedic Registrar on the prestigious Stanmore Rotation and incoming Stanmore Rotation President. Graduated with Distinction in Clinical Practice from Imperial College School of Medicine. Currently pursuing further subspecialty fellowship in Shoulder & Elbow Surgery. ,https://files.abstractsonline.com/assocphotos/2656/32121068-4d6a-4714-a472-3322a81a84f3.profile.png
ae499bcc-dce5-4075-985c-3329d8f171da,Howard,Routman,,
1a1c91c4-500e-4f6e-8289-332e73772e39,Stephen,Roche,shoulder and elbow surgeon Cape Town South Africa 0000-0002-5695-2751,https://files.abstractsonline.com/assocphotos/2656/1a1c91c4-500e-4f6e-8289-332e73772e39.profile.jpg
f387dbe3-87a0-4f2b-b918-334ab1383bdb,Gaia,Morillo,,
fc1ad370-791a-4819-805c-33512974980a,Sammie-Jo,Waterhouse,,
2c81519c-079e-4359-a131-33848c2f55b5,Roger van,van Riet,,
5a01f760-31f9-43e4-957f-338fe3e3795c,Kevin,Wu,,
7f78c3c0-f130-485a-a57a-3392844078e6,Christian,Pfirrmann,,
bb2c1caa-bb57-4d17-b2bb-33a5b6729d67,Nikki,Nwokoro,,
f712780c-f0ec-4362-bf27-33e0e8f312b1,Shota,Hoshika,,
c25ee929-1f2b-42b0-b421-33e20e39d355,Tahir Koray,Yozgatli,,
87521b15-adc6-4cea-99b6-3402cce958d3,Luiz,Giglio,,
ac838a5e-78d4-40d0-ab81-3417856b66ea,Hamza,Qureshi,,
5c3fd537-9993-4e48-8831-341c54018ecf,Karthikeyan,Pratheeban,,
1b19b000-b7fb-4889-96fc-345b7031afea,Bashar,Alolabi,,
01140708-6cc3-473f-a65b-3470030e92b8,Geert,Verbeke,,
1aa8bd55-89ce-47a6-87fd-347525ca5291,Woong-Kyo,Jeong,,
df1f640b-6a7c-4372-b83d-347b495fd92a,Juan,Uribe,,
8cbed412-3f68-4e92-9ad7-347e494ab7ce,Kerem,Bilsel,,https://files.abstractsonline.com/assocphotos/2656/8cbed412-3f68-4e92-9ad7-347e494ab7ce.profile.png
c1ba4c73-759a-4b57-a65d-34a421cc4249,Pedro,Salgado Fuentes,,
c4c2554b-a920-4bbf-a6e9-34ad0853e683,Henry,Gebauer,,
b0034acd-f496-4a08-96d2-34aff5041b82,Ian,Kang,,
5ee59a9d-4ade-4f05-8741-34d4def7e354,Jonathan,Gustafson,,
451e350d-8dd9-49b0-94e1-34e27f5dcff9,Maxwell,Harrell,,
8c48ccb5-2ffd-4c6b-8ca2-35194f897d12,Kenneth,Nguyen,,
06be4711-72f5-435c-b22d-351e48d7bf6c,Yoshikazu,Kida,,
b92bd69b-a625-47a9-9da4-352cd21a23d3,Yoshimasa,Saigo,,
833f5b77-2efe-4bbb-9fab-3536d8ea9c06,Natalie,Loewen,,
411a17bd-2ae4-42df-a185-353751510583,Paulo,Lara,"Member of the Shoulder and Elbow group of the Sports Traumatology Center of Escola Paulista de Medicina. Member of the Brazilian Society of Arthroscopy and Sports Traumatology. Member of the Brazilian Society of Knee Surgery. Specialization in Shoulder and Elbow by the Sports Traumatology Center of Escola Paulista de Medicina (2018). Specialization in Sports Traumatology by Escola Paulista de Medicina (2017). Specialist in Orthopedics and Traumatology by the Sociedade Brasileira de Ortopedia (2016). Residency in Orthopedics and Traumatology at Escola Paulista de Medicina (2013-2016). Member of the Specialization Committee on Orthopedics, Escola Paulista de Medicina. Member of the Orthopedics and Traumatology Residency Preceptorship, Escola Paulista de Medicina. Graduated in Medicine at the ABC Medical School (2007-2012).",
f5ce8245-3796-467f-8ab9-354624f7f69b,Giuseppe,Bardellini,,https://files.abstractsonline.com/assocphotos/2656/f5ce8245-3796-467f-8ab9-354624f7f69b.profile.jpg
0d71393a-0eb4-4a74-9395-3566fcd941f1,Farid,Amirouche,,
953a45e1-1b16-4481-a824-356ae39936d0,Kjersti,Jenssen,"Past president of the Norwegian Society of shoulder and elbow surgeryConsultant in shoulder. Head of orthopedic research, Lovisenberg Diaconal Hospital in Oslo, Norway",https://files.abstractsonline.com/assocphotos/2656/953a45e1-1b16-4481-a824-356ae39936d0.profile.jpeg
b81d5d79-b0dd-49f1-b593-3577e8f249b4,Luis Alonso,Figueroa Fernandez,,
f339e6c4-b6c0-4f63-83f4-3580cbbbb2ce,Paul ,Roache,"Arthroscopic Shoulder Surgeon specializing in ARCR and Mihata SCR with Fascia Lata autograft. Founding Board member and executive director of the non-profit for the International SCR Association ( ISCRA) , Director ISCRA USA Regional Program.",https://files.abstractsonline.com/assocphotos/2656/f339e6c4-b6c0-4f63-83f4-3580cbbbb2ce.profile.jpeg
af3fc0da-fad9-47dd-860c-359349465d08,Nuno,Pauleta,"5th year / degree of internship medical doctor in Orthopaedics and traumatology, of Hospital Ortopédico de Santa'Ana, Portugal",
20fd4e5e-4f51-4ca1-9a77-35951201d638,Jose,Castro,,
820c2568-37e5-4c4b-96c6-359ad78b8542,Michael,Scheidt,,
0a2308d1-707d-4659-a0cc-35af81b869d5,Hassaan,Abdel-Khalik,,
088cf38a-7e76-40ea-ac73-35c0fdd4a193,heather,swaile,,
d2c5f9ec-c8f9-42d4-b6c0-35cb051b3ce2,Ausberto Velasquez,Garcia,,
823d1d30-dc5c-4116-b0f9-35cb08670b97,William,Aibinder,"William Aibinder is an associate professor of orthopedic surgery at the University of Michigan.  He specializes in shoulder & elbow surgery.  He completed his residency training at the Mayo Clinic, followed by fellowship at the Roth|McFarlane Hand and Upper Limb Center at the University of Western Ontario in London, Ontario.  He is extensive involved in research and education, serving as the co-director of the Sports Medicine & Shoulder Surgery Fellowships as well as the Medical Student Clerkship director. ",https://files.abstractsonline.com/assocphotos/2656/823d1d30-dc5c-4116-b0f9-35cb08670b97.profile.jpg
79d913f5-3bd9-403e-bf0c-35d3ff9e7871,Josue Giovanni,Escutia-Garcia,Shoulder and elbow surgeonMexico,https://files.abstractsonline.com/assocphotos/2656/79d913f5-3bd9-403e-bf0c-35d3ff9e7871.profile.jpeg
2f8f21dc-f246-4686-a5c5-35f45ff86ab9,Mario,Borroni,,
77238c82-28bb-42d0-933a-35f63b83856d,Tanzeel,Sultan,,
5e38fa9f-fc79-4a26-b389-35f99bd36a9f,Jessica,Churchill,Shoulder and Elbow Surgeon in Denver Colorado,
7ee1e615-7b71-4e4b-b652-35fdedc16178,Michael,Knudsen,,https://files.abstractsonline.com/assocphotos/2656/7ee1e615-7b71-4e4b-b652-35fdedc16178.profile.jpg
6dddd1eb-ff54-4d47-9ffd-36020466888e,Alejandro,Alarcon Mendoza,,
7bb29574-0b5b-4992-b51a-360243e9f5a6,Richard,Boorman,,
a6544dca-164b-4527-8f0d-361abf840ddf,Guido,Fierro,"Guido Fierro, MD is an orthopedic and trauma surgeon specializing in shoulder and elbow surgery. He is the Head of the Shoulder and Elbow Section at Fundación Santa Fe de Bogotá. Dr. Fierro is a Past President of the Latin American Shoulder and Elbow Society and a Past President of the Colombian Shoulder and Elbow Society.",https://files.abstractsonline.com/assocphotos/2656/a6544dca-164b-4527-8f0d-361abf840ddf.profile.jpg
67f3de33-f496-471f-8c24-362512246770,Iliass,Belkhairi,,
af73bfa1-4fad-48b7-a4c2-364552a78b27,Francesco,Franceschi,"Francesco Franceschi is the Director of the Department of Orthopedic Surgery and Traumatology and Professor of Orthopedics at the San Pietro hospitalFatebenefratelli of Rome Link Campus University.He is also the director of the Orthopaedic specialization and shoulder Felloship Program.After terminating his residency, he completed a fellowship program in 1996 in Kerlan Jobe clinic in Los Angeles and was a visiting professor in many usa andFrance shoulder surgery centers.Since 1997, he was in charge of the Shoulder and Elbow Reconstructive Surgery Unit of Campus Biomedico University in Rome and since the 2014 was the chiefof the joint surgery unit. During his tenure, new and innovated techniques have been introduced, like complex prosthetic procedures and arthroscopic Latarjetor arthroscopic treatment of massive rotator cuff. In addition, a number of research projects in shoulder surgery have been initiated and developed.The main topics his research is focused to are shoulder instability, rotator cuff tear repair and reconstruction of complex revision shoulder arthroplasty cases.Numerous communications to national and international meetings have been presented, and more than 100 publications in peer-reviewed journals have beenpublished.He was Associate Editor of the ESSKA journal. He has also been part of the faculty of prestigious shoulder meetings in Europe and America and organizer ofcutting edge international meetings.Francesco Franceschi is also an active member of national and international scientific societies, like the European Society for Surgery of the Shoulder and Elbow(ESSSE), the European Society for Sports, Knee and Arthroscopy (ESSKA), and the International Society of Arthroscopy, Knee Surgery and Orthopaedic SportsMedicine (ISAKOS).He has now member by appointment of the Shoulder Committee of the International Society of Arthroscopy, Knee Surgery and Orthopaedic Sports Medicine(ISAKOS). He is the President of the arthroscopic committee of the SIAGASCOT.",
45b7d37c-9f3d-4eaa-94e2-3648c7d8cc1a,Yoichi Ito,Ito,,
ea4253c1-b1e5-46f1-a787-36547db12167,Gustavo,Leporace,,
053fb6af-0a3a-4a11-b228-3658196c7fc7,SeongCheol,Moon,,
ba6a50c4-76ff-459e-a63b-36665532a3ae,Ryan,Conyer,,
5c52660e-f143-4bbd-8eed-36696a7e8bf6,Jon,Barlow,,https://files.abstractsonline.com/assocphotos/2656/5c52660e-f143-4bbd-8eed-36696a7e8bf6.profile.png
9a9b3274-b47f-4103-8508-3677a75db2c8,Lawrence,Gulotta,,https://files.abstractsonline.com/assocphotos/2656/9a9b3274-b47f-4103-8508-3677a75db2c8.profile.JPG
ec7c6d8c-08be-4e7c-9cc1-3685b57007a6,Paula,Camargo,,
f35847b0-ed33-47ff-ac0c-369edc871bb1,Deana,Mercer,,https://files.abstractsonline.com/assocphotos/2656/f35847b0-ed33-47ff-ac0c-369edc871bb1.profile.avif
818fe6e4-e602-4cb3-b40b-36a02156507d,Azusa,Miyamoto,,
0ad6098d-1ad9-4047-bc9c-36b6040d1222,Lionel,Neyton,"Lionel Neyton, is specialized in shoulder surgery. After completing his residency program in Nancy, he ran a one-year shoulder fellowship with Gilles Walch in 2003. He then joined Pascal Boileau’s department in Nice, France for three years of junior practice.He joined Gilles Walch at Centre Orthopédique Santy in Lyon in November 2006. His practice is fully dedicated to shoulder surgery with specific interest in arthroplasty (surgery and design), clinical research and education. He is Corresponding member of the American Shoulder and Elbow Surgeons society (ASES), German language shoulder and Elbow Society (DVSE), Shoulder and Elbow Society Australia (SESA) and Honorary member of the Korean Shoulder and Elbow Society (KSES).He was selected for the Travelling fellowship SECEC/ASES in 2014 and is the 2018 winner of the Grammont Award of SECEC. He is member of the French Shoulder and Elbow Society (SOFEC), French Orthopaedic Society (SOFCOT), French Arthroscopic Society (SFA) and European Shoulder and Elbow Society (SECEC) and Member of the Collège Français des Chirurgiens Orthopédistes et Traumatologues. He was part of the Executive Committee of the SECEC and served as Treasurer until September 2025.",https://files.abstractsonline.com/assocphotos/2656/0ad6098d-1ad9-4047-bc9c-36b6040d1222.profile.jpeg
fa750f94-2851-4837-8189-36b7144d7c5f,Sasha,Martyres,,
27c71f3d-b912-4704-af6b-36bb99072dad,Rabail,Siddiqui,,
4e894bf7-c08f-422f-90c4-36e5bd916698,Branden,Wright,,
e574c621-f99f-409a-8234-37001b49b282,Gastón,Muhafara,,
de8e1aa2-b316-45c2-a085-371e01d10901,Robert,Marx,,
a429fb4c-6896-460c-957b-374785e6603e,Bronsard,Nicolas,,
8d13ac8b-5267-445f-8589-3749b7aa263d,Riccardo,Ranieri,,
66ec0c65-aa31-4441-afaa-3749bde7a505,Gar-Ling,Simcock,,
ef859f23-66f9-44ed-a2d3-374b3ea3a1cf,Andrew,Luzzi,,
fff0db63-d550-473d-ab32-374fa8c7c5fb,O. Alton,Barron MD,,
4c2abee6-5784-48e6-9ee5-375502163dda,Ahmed,Kandil,,
01f92f2e-7e8d-4ea1-b31c-3760b6262567,Robert,Brophy,,
470cd45e-7409-4cc4-93ac-37695d40f59a,Daisuke,Ishii,,
5a18c757-2477-4606-bf50-3775ad3f85bf,Andrew,Gaetano,,
97c6c965-0f8c-478a-972b-377e3cd37afa,Walter,Lacarbonara,,
09992b0e-cc93-4f9f-8fec-3785df87f8ea,Brandi,Krieg,,
165aad7c-dff8-4da9-9fc5-3789d0bcb61c,Umar,Masood,,
4aa583ee-99ea-4c3d-99d8-379be6d606da,Anssi,Ryösä,,
3be2be11-5689-4ac7-bd45-37aad89748b5,Sara,Trujillo Rueda,,
97826c85-6d65-41f0-b5e2-37b3f3b70808,Bryson,Lesniak,,
fd617111-9aa7-41b3-841c-37b998fe90f8,Cara,Lai,,
113661e0-ad8e-4510-8cc4-37bcf029b23b,Yiming,Zhu,,
541476f6-bdaa-4366-9313-37c28378ef0b,Yu,Wong,,
a9f4aed5-4520-4808-9830-37c8d78a60ee,María,Brotat Rodríguez,,
38668615-6e73-49f0-8c9b-37ca702d8f39,Sara,Morais,"Sara Moráis is an elbow  surgeon at Hospital Universitario de Álava-Txagorritxu, in the North of Spain. Her main interest is everything elbow related",https://files.abstractsonline.com/assocphotos/2656/38668615-6e73-49f0-8c9b-37ca702d8f39.profile.JPG
6ba45c4f-1096-4c29-8c77-37dcce160335,Jean-Félix,Pelletier,,
a21869ed-3968-4db5-a658-37dde73700eb,Ronald,Shamus,,
19eb66e0-59b3-4934-bf80-37ea283708f6,Toby,Colegate-Stone,,
6be1ce75-896f-4302-8ffb-37eff9c78174,Daniel,Ritter,,
c378f6e6-98fc-4e6d-9a16-37f123ae73b0,Sydney,Wheaton,,
9a6271c2-e4df-45e3-a413-38065f89e368,Nallamilli Rajyalakshmi,Reddy,"Dr Reddy is currently a Senior Clinical Fellow in Trauma and Orthopaedics in Cardiff, UK. She was awarded her medical degree (MBBS) in Nepal and completed her MS in Trauma and Orthopaedics in India. Following her move to the UK, she worked as a Trauma and Orthopaedic Registrar in North Wales, during which time she completed an MCh in Trauma and Orthopaedics at Edge Hill University. She subsequently worked as a Shoulder Research Fellow at Wrightington Hospital, UK, where she further developed her interest in upper limb.Alongside her clinical training, she completed a Postgraduate Certificate in Medical Education at Cardiff University and has a keen interest in teaching and research. She has presented her work at national and international meetings and has authored peer-reviewed publications in orthopaedics. Her clinical interests include upper limb surgery, trauma, and arthroplasty, with ongoing involvement in orthopaedic research and education.",https://files.abstractsonline.com/assocphotos/2656/9a6271c2-e4df-45e3-a413-38065f89e368.profile.jpg
6b508777-9350-452f-be94-38071cd29370,Sierra,Levene,Sierra is is a PGY3 orthopedic surgery resident at the University of Utah. She earned her medical degree from the University of Washington School of Medicine and completed her undergraduate studies at Dartmouth College. ,https://files.abstractsonline.com/assocphotos/2656/6b508777-9350-452f-be94-38071cd29370.profile.png
2809f90b-bb6c-4d91-93f6-381ce7532020,Ana Catarina,Ângelo,"ANA CATARINA ÂNGELO is a Shoulder and Elbow Orthopedic surgeon based in Lisbon, Portugal. She is co-founder of SHOULDER.PT and member of the shoulder and elbow units of Hospital dos SAMS de Lisboa and Clínica Cirúrgica Joaquim Chaves Saúde in Lisbon and Carcavelos, Portugal. Current ESSKA Vice-Education Secretary and member of the board.She completed her master’s degree in Medicine at Faculdade de Medicina de Lisboa, Universidade de Lisboa, and her orthopedics and traumatology residency in Centro Hospitalar de Lisboa Ocidental. During residency she completed international fellowships in shoulder and in elbow surgery centers in France and Belgium. Between 2014 and 2019 she was actively involved in the academic training of medical students from NOVA medical school, in Lisbon. National and international lecturer, with several communications as invited faculty in national and international events, she has been devoted to clinical and biomechanical investigation in shoulder and elbow surgery, with several papers published in scientific peer reviewed national and international journals. She is currently member of the editorial board of the Orthopaedic Journal of Sports Medicine (OJSM), The Hive – MSK Journal and Journal or Experimental Orthopedics (JEO). Scientific reviewer for several international peer-reviewed Q1 papers including AJSM, OJSM, JSES, KSSTA, JEO.She is an active member of several national and international societies: the Portuguese Society of Shoulder and Elbow surgery (SPOC), the International Society of Arthroscopy, Knee Surgery and Orthopaedics Sport Medicine (ISAKOS), the European Society for Sports Traumatology, Knee Surgery and Arthroscopy (ESSKA), and of the European Shoulder and Elbow Society (SECEC-ESSSE). Active member of the Shoulder section of ESSKA, previously known as European Shoulder Associates of ESSKA (ESA) and current honorary member of the leadership committee of this section. Since 2021 Ana Catarina Ângelo has become an active member of the International Society of Arthroscopy Knee Surgery and Orthopedic Sports Medicine (ISAKOS) and is the current Deputy Chair of the ISAKOS Communication committee. Since 2022 she has also become an ordinary member of SECEC and was elected member of the SECEC membership committee in 2023. In 2024 Ana Catarina Ângelo was one of the 58 founding members of the Global Elbow Network (GEN) and in 2025 she was one of the founding members of the International Superior Capsule Reconstruction Association (ISCRA). ",https://files.abstractsonline.com/assocphotos/2656/2809f90b-bb6c-4d91-93f6-381ce7532020.profile.jpg
bb1f9216-211b-4f9e-b77f-38202c2c68aa,Edoardo,Loiudice,,
2007e7f1-a9b8-471b-af8a-382c4c9410a1,Koray,Sahin,,
b9cfcdb7-64cc-40a5-b035-382c7a30d2f3,Sarah,Goldfarb,,
f92bdd2f-ae93-46ff-80ff-3831a15a27e5,Dillon,Graham,,
0716dfdc-ffcb-4455-9786-3847dc3b8560,Reza,Jazayeri,,
c96b40a5-8191-4111-9a09-384f42217e61,Yang-Soo,Kim,,https://files.abstractsonline.com/assocphotos/2656/c96b40a5-8191-4111-9a09-384f42217e61.profile.jpg
1bc38218-3341-4975-8607-387d710f918c,H,Ellsworth,,
dc52b83e-814a-419b-a23f-38992f061e61,Gregory,Cvetanovich,,
691b41a6-81d3-4ee2-b1b2-389b315aece1,Woong-Kyo,Jeong,,
330bb6a6-6d00-417f-8098-38b1784c5ed4,Henry,Bonner,,
07132308-8dd2-4f3a-8bd6-38b87eb6f782,Alessia,Gallo,,
b6f865d3-81aa-464e-8c52-38c1bf92186d,Maxime,ANTONI,,https://files.abstractsonline.com/assocphotos/2656/b6f865d3-81aa-464e-8c52-38c1bf92186d.profile.png
c6a9c38b-b387-4e12-aac6-38d9ada0c126,Hanzhi,Zhang,,
b1f32228-936f-47f2-9cca-38dbd0f025db,Mostafa,Mohamed,,
60d9ef71-2dbf-4ebd-b842-38e8b4d13b56,Giuseppe,Scuteri,,
77510d1e-46ef-4cdd-a858-38eae3f19d78,Asif,Ilyas,,
f2c55e14-306b-469b-a355-38eb3fe07132,Cain,Rutgers,,
7b01da78-907b-4110-bef2-39133493161a,Julia,Lee,,
fe928b8c-a25b-479c-9bd3-391625aa4a6d,Daniel,Brocke,,
1ba9804c-9a63-4510-bf59-39231703a12f,Eric,Ricchetti,"Eric T. Ricchetti, MD is a staff surgeon in the Department of Orthopaedic Surgery at the Cleveland Clinic and is an Associate Professor at the Cleveland Clinic Lerner College of Medicine of Case Western Reserve University. He holds the Maynard Madden Endowed Professorship in Arthritis Research, and is also the Director of the Shoulder Center and the Director of the Shoulder and Elbow Surgery Fellowship Program in the Department of Orthopaedic Surgery at the Cleveland Clinic. Dr. Ricchetti’s clinical practice is focused on the treatment of disorders of the shoulder, including management of primary and revision shoulder problems in joint arthroplasty and rotator cuff disease.  His research interests have focused on examining clinical outcomes after total shoulder arthroplasty and rotator cuff repair. He has received grant funding from multiple sources related to these areas of research, including an R01 grant award from the National Institutes of Health (NIH), and he was recognized with the 2015 Charles S. Neer Award for Basic Science Research by the American Shoulder and Elbow Surgeons (ASES).",https://files.abstractsonline.com/assocphotos/2656/1ba9804c-9a63-4510-bf59-39231703a12f.profile.JPG
fa1770ac-2bd9-432d-919d-3955ed474e01,Gaku,Niitsuma,,
5de8d96d-cf68-4b71-b5a6-3959969af078,Lucas,Rifo,,
2f863dee-2b2b-4fc3-8de8-396832b1c3dc,Olawale,Sogbein,,https://files.abstractsonline.com/assocphotos/2656/2f863dee-2b2b-4fc3-8de8-396832b1c3dc.profile.jpg
fc9dcede-2771-4985-a20e-396abe3cfa39,Hailey,Hulse,,
945bf8b0-cd8a-4ea8-94ad-396ccb57ed59,Mark,Lazarus,,
6078d564-df88-4ac1-9546-397672a10577,Stone,SIMA,,
646b0b97-d6c2-41a1-9bc3-397c0a08c5b5,Hiroki,Okada,,https://files.abstractsonline.com/assocphotos/2656/646b0b97-d6c2-41a1-9bc3-397c0a08c5b5.profile.jpg
27239881-12ae-4ab1-9234-39916ffcc5c9,Usama,Saleh,,
5d680408-a586-4b99-8cb2-3999c2b6431b,Sibylle,Pfammatter,,
45724e26-a5ab-4d4f-ae7b-39a23217a596,Harjind,Kahlon,,
5f0d6b60-ee06-40a1-8b7c-39b2fbffc682,Jakob,Miller,,
c4cb7c24-2035-40d5-9896-39b8f481eef1,Mohamed,Aboalata,,
506e9a3a-4c79-4d33-8ca2-39b904ba688f,Jackson,Byrd,,
2e9e01e4-b1ec-4435-88d1-39c012ab4bd8,Zafar-Khan,Ali,,
9297f5a6-5a81-4361-91e0-39d9a44c0f0a,Mario Henrique,Lobao Goncalves,,
15983743-addb-4f79-9d4c-39f0c5909a6b,Pavlos,Bobos,,
ff175517-1742-4334-87ba-39f25a917150,Natasha,Simske,,
d06bb1a0-db77-40c1-9ec8-39f3b8916c9d,Gabriel,Ramirez,,
c3fcd75f-e140-4855-a97b-39f7ca9c9148,Vanesa,Lopez,,
d9e21f22-bea4-4093-bc66-3a0613dbee89,John,Grant,,
9cb4c789-80ea-41ec-8606-3a111aedc485,Alexandre,Lädermann,"Dr. Alexandre Lädermann is a Privat Docent at the University of Geneva and a leading specialist in shoulder and elbow surgery. Since 2011, he has headed the shoulder and elbow surgery division at Hôpital de La Tour, where he focuses on clinical development and teaching.Recognized as a ""World Expert"" by Expertscape for being the top scholar in shoulder surgery over the past decade, he also ranks in the top 0.2% of orthopedic scientists globally according to Stanford University. He is the founder of BeeMed and Med4Cast, president of the FORE foundation, and an editor for several medical journals, with over 350 publications to his name.Dr. Lädermann holds prominent roles in the international medical community, including membership in the Central Committee of the French Arthroscopic Society (SFA) and past presidencies of the Swiss Shoulder Society and the SECEC/ESSSE Membership Committee. He regularly chairs major international congresses, including the Val d’Isère Advanced Shoulder Course.",https://files.abstractsonline.com/assocphotos/2656/9cb4c789-80ea-41ec-8606-3a111aedc485.profile.JPG
7f751774-cbb8-4b67-9fc0-3a1acfd63157,John,Han,,
319fa4d6-7a20-4379-aa61-3a2671c2562f,Marc,Lebel,,
ced66514-6c0b-41a2-b0e7-3a2aa0f487ec,Kunal,Kapur,,
6958af4b-d6b6-448c-8f89-3a2da48965bb,Joyce,Suarez,,
cba7d2ef-00bb-4b34-9f00-3a39bec38411,Joshua,Setliff,,
0218d4b5-4a0e-426b-aeda-3a3cab6ac422,Ivan,Zderic,,
5773900c-d842-490c-959c-3a662e0a658b,Lasse,Rämö,,
2b44bfd8-5ad6-41e2-a328-3a71a9da13c9,Jean-Pierre,Du Plessis,,https://files.abstractsonline.com/assocphotos/2656/2b44bfd8-5ad6-41e2-a328-3a71a9da13c9.profile.jpg
d4ae8228-bafa-4d36-ac9e-3a77b3b5eae3,Logan,Andryk,,
2d0566aa-bdb2-4f1c-b1dc-3a8bdfce58c8,Lucas,Lucero,,
73578cfc-6182-4101-b477-3a9971a4b602,Zachary,Herman,,
e73b2745-e627-48ea-824d-3ad03b41d54a,Samuel,Jacobs,,
5552afdf-485b-4717-bf0b-3ae6a4a1d661,Robin,Pourzal,,
e590cc86-626a-43f5-a25d-3b0116471a69,Sung Min,Suk,,
afc24970-a48e-426d-b109-3b0354bba4fd,joris,tiercelin,,
3706d010-e3b5-40ab-bf8b-3b042df2f08f,Alexandre,Pagan,,
4cce1952-4b3a-4d99-83bb-3b06a8750217,Jacie,Lemos,,
fef56998-36e1-49fc-8592-3b0ac388f578,Rony-Orijit,Dey-Hazra,,
4208b406-3263-4dc1-9abb-3b1d38db4c61,Ziyad,El Qirem,,https://files.abstractsonline.com/assocphotos/2656/4208b406-3263-4dc1-9abb-3b1d38db4c61.profile.jpeg
49aa9ba8-fb75-4418-8924-3b3c65754263,Anthony,Finocchiaro,,
9170d533-b4fe-4f51-9f1b-3b3e35fe4146,HARI,ANKEM,"Assistant Prof Orthopedic Surgery, Associate Orthopedic Residency Program Director, University of Louisville School of Medicine, Louisville, KY",https://files.abstractsonline.com/assocphotos/2656/9170d533-b4fe-4f51-9f1b-3b3e35fe4146.profile.jpg
fe2d3c31-34d1-486d-bac7-3b3ff0400493,Kenneth,Cutbush,"I am an accomplished orthopaedic shoulder surgeon based in Brisbane, Australia, known for my extensive expertise in shoulder joint replacement, instability, and rotator cuff surgery. I am a past Scientific Secretary of the Australian Orthopaedic Association, and current Chairman of the AOA Fellowships Committee. I am the Chief Supervisor of the Brisbane Shoulder Fellowship with 3 AOA accredited shoulder fellowship positions, allowing me to further my passion for mentoring the next generation of shoulder surgeons. I am an Associate Professor at the University of Queensland and Adjunct Professor at the Queensland University of Technology. My commitment to advancing shoulder surgery is further demonstrated through my research involvement, including in the ARC Industrial Transformation Training Centre for Joint Biomechanics, I collaborate on innovative research to improve treatments for osteoarthritis and other joint-related disorders. ",https://files.abstractsonline.com/assocphotos/2656/fe2d3c31-34d1-486d-bac7-3b3ff0400493.profile.jpg
1555dfae-24b9-497c-abdf-3b4346d41273,Lawrence,Gulotta,,
a901e389-834d-42c9-b1a1-3b57176f5629,Swara,Kalva,,
0824c1e9-9561-42f1-bed1-3b6ddf39a186,Funakoshi,Tadanao,,
d728ebd4-d101-436a-838c-3b705e548e3e,Eric,Lin,,
e598ba29-423c-47dd-a2be-3b8a68ec6c24,Hafiz,Kassam,,
ef5dd4b2-7c35-4ac0-8c74-3b958b063550,Ana Victória,Viganó,,
3aed2dff-7fc5-4f67-9d0e-3b9bfa18d449,Benjamin,Wesorick,,
e61a8428-169e-48a2-b46f-3b9eabb015c3,William,Levine,Dr. Levine is the Frank E. Stinchfield Professor and Chair of Orthopedic Surgery at NYP/Columbia University Medical Center ,https://files.abstractsonline.com/assocphotos/2656/e61a8428-169e-48a2-b46f-3b9eabb015c3.profile.jpg
472ba245-6968-4610-836c-3bb672ddffe2,Elisheva,Knopf,,
1536794b-091b-478a-b360-3bcf87ffd85b,Ryan,Serbin,,
4143edb1-917b-44a2-a5a1-3be2118f118e,Tamia,Ridet,,
446c3cfe-fa56-4e2c-9601-3be4d9fc5933,Takanori,Saito,,
3a3334c6-1b04-431e-8db0-3be8b1148f7d,Ji-Hoon,Choi,,
f83ba72f-262e-4a42-80d7-3beb568349e5,daniela,gomez,,
1d5bc7c6-102b-4a27-9da2-3bebfb66937d,Rudolf,Hoellrich,,
395b1672-f7aa-433c-9944-3c01c2fbd132,Caleb,Myers,,
4064b366-20ed-40d5-b9f6-3c228b403187,Sophia,Sitsis,,
c4f1b9eb-058e-4e57-800a-3c4071e5a3db,Junji,Inoue,,
671aaf29-1a85-4d77-899a-3c50b8b9d457,Erik,Nakken,,
c2b629be-905a-41ab-a13c-3c68719cd7e4,Jose,Castillo de la Peña,,
ae73a590-ce2f-40aa-a4da-3c7a3a72d512,Joshua,Giles,,
d3a291bf-ab7f-4db1-8d60-3c84462d67b1,Oscar,Covarrubias,,
9b30e335-0b01-4171-92fc-3ca17c58c08f,Peter,Seevinck,,
c8942f60-452c-4880-8be2-3ca966a680b7,Philong,Nguyen,,
62a6506e-3ff3-4748-a73b-3cbe74303ab3,Xiao,Chen,,
4662b91d-44c2-4b7a-bee4-3cc789e253b9,Yash,Sewpaul,"Yash Sewpaul is an MPhil candidate at the University of Cambridge and a medical student at Lancaster University. He has authored multiple peer-reviewed publications spanning shoulder arthroplasty, rotator cuff repair, and shoulder instability, with work published in the American Journal of Sports Medicine, Arthroscopy, and the Journal of Shoulder and Elbow Surgery. His research has been presented at international meetings including AANA, SECEC, and the London Shoulder Meeting, and he is the founder of glen.ai.d, an AI-powered clinical decision support platform for shoulder instability surgery. He has undertaken visiting fellowships with leading shoulder surgeons across the UK (Wrightington), France (Lyon, Marseille, Grenoble), Switzerland (Geneva, Bern), and the United States (San Antonio, TX). He is a keen cyclist and rower, sitting in the bow seat of the Trinity Hall 2V for their successful Lent's and May Bumps campaign. ",https://files.abstractsonline.com/assocphotos/2656/4662b91d-44c2-4b7a-bee4-3cc789e253b9.profile.jpg
348c7ab3-ce88-47fd-943b-3ccee9a60fd1,Jin Uk,Jeoung,,
de754563-d3f0-4a61-8be2-3cda88034be7,Kiet,Le,,
2b45ce4c-060a-4d5f-89b7-3ce8c48f081a,Sara,Belko,,
7e1f31f1-4c52-4807-8f07-3ce9a611b70b,Corey,Schiffman,Assistant Professor at the University of Washington who specializes in shoulder & elbow surgery.,
2d23fa35-44a5-4f23-aa1f-3d007b0ba274,Alfred,Pisano,,
f298b284-cd11-4759-9908-3d07120413e1,Andrew,George,,
7b6aa426-982d-4839-b25a-3d0d343994df,Masataka,Minami,,
5148179d-e9cb-43aa-91a5-3d0f01304056,Ryan,Simovitch,Director - Shoulder Division - HSS FLMedical Director - HSS FLHospital for Special Surgery FL,
b3b67830-7371-4614-a5b5-3d19eb937e3f,Konrad,Knusel,,
7949064e-a8b0-4ab2-80d6-3d1b0c98f723,Randi,Hole,,
929b6c67-1295-474f-8dea-3d22782149f3,Daniela,Brune,,
570c1fbc-5be3-4ec0-b9fb-3d2a23411d3c,Sena,Oz,,
db347275-8bf8-4438-bf5e-3d35c3df9286,Jaden,Hardrick,,
826326e5-91ea-4ce3-b179-3d3aa3b616f5,Sang Hak,Han,,
08335c34-6325-43ca-95a3-3d43c983ba0b,Tatsumi,Tanaka,,
47a685d6-5a11-4933-9e99-3d4fcb73ed8e,Marcio,Cohen,,
6820fe4f-035f-497c-97b7-3d535b19935d,Romulo,Brasil Filho,,
1a7775d8-f4c4-4413-b306-3d881fdd6d24,Wógenes,Oliveira,,
e3bf7f47-fdad-4ca8-ba07-3d8e2dba7c97,Joyce,Wang,,
adb500c6-b86d-4bd8-b587-3d9f2692f6d1,Kozo,Shimada,"1985 Osaka University Hospital (Residency)1988 Kagawa Medical University, Dept. of Orthopaedic Surgery(1988-89 Exchanging Fellowship, Humboldt University, Berlin, Germany)(1989 Clinical Fellowship, La Clinique de Longeraie, Lausanne, Switzerland)1991 Osaka Kosei-nenkin Hospital, Dept. of Orthopaedic Surgery1997 Osaka University, Dept. of Orthopaedic Surgery, Assistant Professor2001 Rinku General Medical Center, Director of Dept. of Orthopaedic Surgery2007 Osaka Kosei-nenkin Hospital (Organization restructuring to JCHO Osaka Hospital in 2012), Chief of Upper Extremity Division2012 JCHO Osaka Hospital, Director of Dept. of Emergency / Sports Medicine2020 JCHO Osaka Hospital, Director of Dept. of Orthopaedic Surgery2022 JCHO Osaka Hospital, Vice President",https://files.abstractsonline.com/assocphotos/2656/adb500c6-b86d-4bd8-b587-3d9f2692f6d1.profile.jpg
eeaa2ee8-f5ab-4ae6-bad1-3d9ffba20b10,Laetitia,Finkenstaedt,,
5204884e-f566-407d-98df-3dad0faa4ede,Ali,Maqdes,"Ali Maqdes is an orthopedic surgeon specialized in the shoulder. His work includes treating shoulder pathologies starting with acute fractures, chronic sport related injuries and shoulder replacement surgeries. He is currently practicing medicine in Kuwait city, Kuwait where he works in the government sector (Kuwait oil comapy  hospital) and the private sector. Before coming to Kuwait, Dr Ali Maqdes did his residency and fellowship in France. He was mentored by many prominent shoulder surgeons. He has participated and published many scientific articles concerning the shoulder and other orthopedic problems. ",https://files.abstractsonline.com/assocphotos/2656/5204884e-f566-407d-98df-3dad0faa4ede.profile.PNG
17768858-d783-421f-bf52-3db1d09d6683,David,Kufner,,
91dc7244-9d06-4be6-ba21-3dc9cd7da94a,Lawrence,Wengle,,
540c7eaa-294b-472d-a4b2-3dcdac424827,Mohammed,Moinuddin,,
8c4161cd-c2d8-42cd-881f-3dd24a5b9e83,Nobuyuki,Yamamoto,"He graduated Sapporo Medical University School of Medicine in 1995. Clinical fellow in Akita Univ in 2002-2006. Research fellow in Mayo clinic in 2007-2009. Professor in Department of Sports Medicine and Reconstruction of Motion Function, Tohoku University School of Medicine since 2025. Specialty: shoulder joint and Musculoskeletal Ultrasound. He has won numerous awards (25 awards) including JSS Takagishi award (2006), AAOS best poster (2009), SECEC best poster (2009), JSES Neviaser award (2021). Publication: 158 original articles, 75 books/book chapters, 125 forum/lecture. Committee appointment: JOSKAS delegate, APKASS board of director, ASEA secretary general, ASES corresponding member, East Japan Orthopaedic Association delegate, Shoulder arthroscopic meeting delegate, Sendai shoulder association secretariat",https://files.abstractsonline.com/assocphotos/2656/8c4161cd-c2d8-42cd-881f-3dd24a5b9e83.profile.jpg
a220177d-05d9-4d13-9430-3df92cef63be,Maria,Hernandez Lopez,,
f42988de-8166-4b39-9d59-3dfbb8d866f1,Lillia,Steffenson,,
2fe9c587-b867-417f-a70e-3e0668cb1f8d,Eric R.,Wagner,"Dr. Wagner is a Shoulder and Elbow Specialist at Emory University in Atlanta, Georgia.  His specialties involve complex pathologies in the realm of shoulder and upper extremity surgery. includi complex rotator cuff pathologies, shoulder instability and labral pathologies, primary and revision shoulder and elbow arthroplasty, scapular pathologies, thoracic outlet syndrome, and the throwing shoulder and elbow. He has published over 350 peer-reviewed journal articles, delivered over 1000 presentations national and international meetings, authored over 25 book chapters, and edited 3 textbooks. He is the Shoulder and Elbow Editor for JAAOS, an Associate Editor for JHS GO, an Associate Editor for Handthology and the ASSH Hand.e, and serves on multiple committees at the AAOS, ASES and ASSH.  Additionally, he has received numerous grants to support his clinical and basic science research interests and has received numerous national and international awards, including the 2022 ASES Neer Award.",https://files.abstractsonline.com/assocphotos/2656/2fe9c587-b867-417f-a70e-3e0668cb1f8d.profile.jpg
7d5a8104-1842-4055-bb8b-3e06adc9c4a5,Geoff,Abrams,,
5fcc07c2-343f-43ee-88a2-3e0e88eb538b,Rosie,Broadbent,,
94500adb-a0a9-46c8-8b4d-3e10366088df,Elias,Bachmann,,
b0e89532-fc2c-46bb-b466-3e124ce11895,Meng,Zhou,,
37a6e064-8b47-4df7-9b03-3e195813c0cf,Harsha,Sripadrao,,
ecd4428c-3302-4e69-969c-3e2ffed8589e,Gregory,Gilot,,
6a53f15d-e307-4eb9-adbc-3e3cba37a20d,DongKi,Lee,,
3764d149-e542-4e0e-936e-3e435c598741,Myung-Sun,Hong,,
833856dd-52de-4ab0-98b2-3e480e7838f4,Tyler,Williamson,,
56fa428c-0d45-48d1-9545-3e6a9c7878c9,Adrian,Marrero,,
c9f5676c-49b4-416b-9ed2-3e7575159593,Christina ,Lorenz,,
46058293-22b0-4951-83d8-3e7e7a23fe51,Tyler,Clites,,
878ec6c7-6163-457a-897d-3e8a8d7b176a,Chaemoon,Lim,,
8f6bc9f3-f6f1-4586-8ada-3e8cd9062eb7,Patrick,Goetti,,
dedbddad-9dd2-40bd-82f3-3e8db5a6e51d,Avanish,Yendluri,,
165224fd-afb9-48c9-86ce-3e8dd865ca8c,Angela,Orlando,,
4f8ce283-eeed-497f-b41e-3ebf5264ac76,Eric,Smith,,
f7a46c0f-1e4a-46b6-8c77-3ed8478ada0a,Sydney,Streicher,,
edade3ca-4f6f-4b77-a0d7-3ed9ad9b752d,richard,VanTienderen,,
def803d5-aefb-461a-b78b-3edb829fbc75,Renato,De Moraes,,
40091071-53fd-4d82-854a-3ee4346df060,Cesar,Bravo,,
bc3803d1-6e62-4944-841a-3eeecde41069,Michael,Chang,"Undergraduate: University of California - Berkeley, School of Public Health (Berkeley, CA)Medical School: Sidney Kimmel Medical College at Thomas Jefferson University (Philadelphia, PA)Residency: Thomas Jefferson University Hospital, Rothman Orthopaedic Institute (Philadelphia, PA)Fellowship: Florida Orthopaedic Institute - Shoulder & Elbow Surgery (Tampa, FL)",
5daaf973-1bfb-4ca0-bdb3-3eef9d601a53,Kevin,Eng,,
252db673-75a1-4f60-9d24-3ef589f633f6,Richard,Puzzitiello,,
e5e0387b-1cf4-4145-8bdf-3f0189f82813,Jorge,Chahla,,
93471fc0-b1af-46b4-9770-3f11920ef7b7,Hideaki,Fukushima,,
f388fa8c-5eed-411e-954c-3f19612279b5,Dario,Fucich,,
6063e21c-13f1-45f3-b658-3f237288c07d,Geoffrey,Smith,,
8a56ff8e-e6e6-4fe3-a6de-3f2d396a0f12,Daniel,Zefi,,
e332ce34-44c6-48c6-a09b-3f2fd2953626,Aaron,Fox,,
9baf3721-cce4-4a54-8758-3f3b2145489e,Alexander,Hafey,,
e62a1675-f87f-4aba-a37f-3f3c702289fb,Harry,Haran,,
cc80755e-e0ad-4464-a0ea-3f3d2a79d532,Baik,Jiwoong,,
7f4eabf7-3a52-4b60-8f42-3f4e419e363f,Sean,McGee,,
a39e39a4-8eeb-4c73-95fb-3f4f4dbbeab8,Raj,Narulla,,
dcd89bf3-34db-4c5e-b9d0-3f694d58a4d1,Ausberto,Velsquez,,
19957155-d060-4abc-9e31-3f6baba2f871,John,Wahl,,
fadf7b44-c126-4629-b707-3f813ee512c8,Alexandra,Damron,,
f64fec69-ac95-4836-b6cc-3f8f8c422d9b,Zachary,Aman,,
c82d20da-33e7-489d-87e6-3f9213a00e6b,Ryan,Dean,,
96a6640e-e822-44fd-8fb4-3faa7cbd9414,Juan,Pomes,,
cb29597c-76f0-414a-879f-3fbc9aaa048e,Sterling,Kneedler,,
8efd17aa-53fa-41cb-8fa6-3fc68d6bab8a,Sarah,Warby,,
8b0f9ccb-0b24-4f1e-9c27-3fd0203b61e4,Lato,Nguyen,,
b34e9ced-3525-4b1f-808f-3fdc17e0485b,Deanne,Meredyk,,
3e43397d-2354-4b47-bbe5-3fe4dfe9491f,Jose,Garcia,"Head of Shoulder and Elbow NAEON Institute São Paulo-Brazil Master of Science (MSc) in Health Sciences: University of Liverpool, England.Doctor of Philosophy (PhD) in Health Sciences: University of São Paulo (USP).",https://files.abstractsonline.com/assocphotos/2656/3e43397d-2354-4b47-bbe5-3fe4dfe9491f.profile.jpg
c3b19351-651d-48db-a81e-3ff196cc40a4,Giuseppe,Giannicola,,
6ddf9a14-8acc-4607-a1f1-3ff281ceca06,Neel,Vallurupalli,,
ac4d21d1-f9c8-4bc2-8261-3ff71748fdbb,Cathleen,Cahill,,
1efab352-74e1-4d12-894a-40004f3da5b7,Annabel,Hayoz,,
1dfb6ac1-ea0d-48a4-93f8-4004839f4663,shinya,misumi,,
e2bafe65-84e7-4280-b5be-4018f7674422,Leandro,De Simoni,,
93d690ea-3de0-4db6-a37f-401c6cf53384,Marco,Cartaya,,
995f7d83-6e31-4889-a2ab-4033cc4bafe4,Hideya,Yoshimura,,
e6b8900e-042a-4a17-8e53-4036002ae498,KYUHAK,JUNG,,
9375b9e8-ee6a-4a6c-8c5f-404a3bcb2956,Juan Arturo,Hurtado,,
3b717f15-9353-4467-912e-404e804589c0,Thiago,Bomfim de Borborema,,
c637edf3-b05a-478c-a463-4056fb3441aa,Nicholas,Farrar,,
e395d919-412e-4535-a20d-40620e016ca9,John,Kelly,,
2065866f-2e3a-40a0-adc8-406d08e29eed,Mohamed,Nabil,,
78292691-6517-4576-b60d-407741db5d01,Leon,Rajah,"1. President, African Shoulder & Elbow Society2. Orthopaedic Surgeon, Durban, South Africa",https://files.abstractsonline.com/assocphotos/2656/78292691-6517-4576-b60d-407741db5d01.profile.jpg
e3f3c25d-0d9f-4b6b-84b7-40801a8e6eb9,In-ho,Jeon,,
3787adc2-9151-4723-a14f-4091ff9041f6,Nazanin,Kermanshahi,,
5955ac4c-2328-4676-9ce1-40930a120028,Nazira,Bernal,,
66e0df57-0221-407f-9d06-40979fe381d9,WIlliam,Patterson,,
75d00e01-b836-4cc7-ac67-40a0fbb4e267,Jakub ,Slusarski,,
e965ead0-5035-4d8f-9cac-40a939ca6e43,Robert,Chan,"Associate Clinical Professor, University of Alberta.  MD, MSc, FRCSC from University of Calgary.  Fellowship at HULC, University of Western Ontario.  Clinical and Academic interest - Elbow to hand.  Educational interest - past Clerkship Director, Residency Program Director, current Competence Committee Chair U of A Orthopaedic Residency Program.",https://files.abstractsonline.com/assocphotos/2656/e965ead0-5035-4d8f-9cac-40a939ca6e43.profile.jpg
a42f369d-0a57-4c6f-9c5f-40ab21264a2c,Raymond,Chen,,
a55ecb81-0221-4dcb-be90-40ba84ab08e6,Florence,Mulpas,,
4cb5dc85-a30e-4845-a585-40c74a557ba3,Derek,Papp,"Derek Papp, M.D., is a board-certified orthopedic sports medicine physician and orthopedic surgeon with Baptist Health Orthopedic Care. He has a specific interest in treating the shoulder and elbow of throwing athletes, but he enjoys caring for patients young and old.  During his career, Dr. Papp has served as a course director at a multitude of international adventure orthopedic educational conferences (including in Antarctica, scheduled to return in 2027)",https://files.abstractsonline.com/assocphotos/2656/4cb5dc85-a30e-4845-a585-40c74a557ba3.profile.jpg
a327df7d-1ef4-4e91-9a1f-40cd80fe75b3,Thamer,AlRaiyes,,https://files.abstractsonline.com/assocphotos/2656/a327df7d-1ef4-4e91-9a1f-40cd80fe75b3.profile.JPG
09a20e05-2704-4625-a2fe-40f7c3514e06,Janice,Ahluwalia,,
7c960594-f797-4684-83df-40fa78516f70,Patrick,Connor,,https://files.abstractsonline.com/assocphotos/2656/7c960594-f797-4684-83df-40fa78516f70.profile.jpg
fe504e75-27ca-45be-8a49-4105569b76c1,Samuel,Bourdon,,
1664196a-2c8d-48ef-90ac-4110e00ca848,Stephanie,Erdbrink,,
0379a95e-8ae5-4750-bd1d-411b381d7930,Benjamin,Barraza,,
849e0181-ef55-43bb-ad40-412663ed6f21,Geraldo,Motta,,
57b9ec05-a06a-4330-b629-412fdcc6ed4e,Edward,Yian,,
7356837c-7a55-49b6-bcf2-4132bcc307e3,Puneet,Monga,,
253ffb7d-5060-41ec-84fc-4151a507e289,Em,Luber,,
8747519e-ef93-4f1a-9858-415db0acd442,Ali,Saeeidirad,,
667fcc2d-3312-46d5-95b1-41643542a834,Ricardo,Henao,,
c1e1283d-1d43-4a0d-b737-417384b53e9a,nicolas,holzer,,
bd248b14-cfde-4b80-93cc-4177ebab500e,Bilaal,Dar,,
2500ea1a-f257-4888-b219-4190a6f1bf53,Manik,Dham,,
f896b6f2-819a-4765-914c-41975f4ce235,Cong,Chen,,
7dfb8425-f4ab-4731-9209-41ac2e59abcc,Georgios ,Eleftherakis,"10/2014 to 06/2021: Medical Studies at Faculty of Medicine at Ulm University 09/2021 to 09/2024: Resident Physician for Orthopedic/Trauma Surgery at University Hospital Tübingen 01/2023: Obtaining a doctoral degree09/2024 until today: Resident Physician for Orthopedic/Trauma Surgery at Orthopedic Department Paulinenhilfe, Diakonie Klinikum Stuttgart ",https://files.abstractsonline.com/assocphotos/2656/7dfb8425-f4ab-4731-9209-41ac2e59abcc.profile.PNG
3763e16c-8a51-4040-839e-41d618df348c,Tatsuto,Otojima,"Dr. Tatsuto Otojima is an orthopedic surgeon at City Fukuchiyama Hospital in Kyoto, Japan. He graduated from Kyoto Prefectural University of Medicine in 2021. Dr. Otojima specializes in orthopedic surgery with a dedicated clinical and research focus on shoulder and elbow disorders. His current research centers on upper extremity imaging and advanced diagnostic techniques, specifically focusing on the quantitative evaluation of bone quality using CT Hounsfield unit (HU) values in the joint. His work aims to improve surgical outcomes and diagnostic accuracy in upper extremity pathology.",https://files.abstractsonline.com/assocphotos/2656/3763e16c-8a51-4040-839e-41d618df348c.profile.jpg
827f86f8-fc2e-4d58-95fe-41e3e315243c,Takeo,Nagura,,
ce7e156e-e147-4976-a747-420fc2ae81fa,Sungjoon,Lim,"Sungjoon Lim, MD, is an Assistant Professor of Orthopaedic Surgery at CHA University School of Medicine and a shoulder and elbow surgeon at CHA Bundang Medical Center in South Korea. His clinical and research interests include rotator cuff repair, shoulder instability, joint-preserving surgery for irreparable rotator cuff tears, and shoulder arthroplasty. He is also involved in resident education and clinical research, with a particular interest in surgical techniques and biologic augmentation for challenging shoulder conditions.",https://files.abstractsonline.com/assocphotos/2656/ce7e156e-e147-4976-a747-420fc2ae81fa.profile.jpg
e3238fe0-c4c1-417c-8edd-42137895975f,Njallele,Baraza,,
4a1fe98e-84bb-4da1-9f1b-4213946e891d,Onur,Tunali,,
e908a9cc-196b-456f-8b56-42181b02d000,Jean-François,Gonzalez,,
b254b901-0ccc-4c3b-b51e-421e90214623,Dane,Salazar,,
85a03991-97f7-425f-8e5d-422a237e66ae,Agneish,Dutta,,
46347be5-6c18-4c16-a800-422e3e317b42,jacques,guery,,
d9a26b04-2aa8-4ad9-b02a-4246d9ffd718,Andrew,Green,Dr Andrew Green is a Professor of Orthopaedic Surgery and Chief of the Division of Shoulder and Elbow Surgery in the Department of Orthopaedic Surgery at the Alpert Medical School of Brown University,https://files.abstractsonline.com/assocphotos/2656/d9a26b04-2aa8-4ad9-b02a-4246d9ffd718.profile.png
d4a3733b-70ac-42d5-bbee-4247bfab16fc,Katsumasa,Nakazawa,,https://files.abstractsonline.com/assocphotos/2656/d4a3733b-70ac-42d5-bbee-4247bfab16fc.profile.jpg
e81274ea-778f-4176-8cd7-427b7a604b52,Hayden,Baker,,
60c82683-54f3-4ece-bfa5-4282aae043cc,Aarti,Sathyanarayana,,
cbddb28b-3773-4592-b3ae-4299d91107d8,Renee,Megwa,,
079733d9-ae45-4c97-9593-429c6ef513c2,Kazuki,Nomoto,,
e57e17ff-d4a2-4761-99ea-42a309e364ee,Ilaria,Pinotti,,
231e90cf-3340-4da2-a0a0-42aeb374ad89,Andreas,Leonidou,,
f4af71da-79c7-4c16-bb6a-42b491a9b4db,Karma,Shah,,
7ca113ab-8daa-4012-8fc9-42b5b16e0ec2,Elyette,Lugo,,
042f76ec-2d07-4f37-a1f9-42d22f3fbe60,Enric,Sirvent-Díaz,,
ae6d419a-5a61-4581-b520-42d833b0c822,Zachary,Grace,,
4e41fd92-d9cb-499d-9950-42f490199fc3,Taro,Akiyama,,
16fe73a1-5264-43c3-92fe-42f561fbed3a,Maria,Osma,,
8fcb107d-80fd-41b3-a3c8-42f61dc0b865,Iraj,Saha,,
9bc44d47-ace2-40cc-bf56-43300442666a,Jessica,Baran,,
1af75f51-61af-4835-8f7b-4331ba07cb31,Sandeep,Nayar,,https://files.abstractsonline.com/assocphotos/2656/1af75f51-61af-4835-8f7b-4331ba07cb31.profile.jpg
49645d17-32bf-4c79-b5ab-43354da4f95b,Gustavo ,Tafoya-Arreguin,,
79868fd6-72e5-4529-864b-43430dc4861e,Ryo,Ishitani,,
7343e2a6-5f9e-4c38-b199-4345fc6019fa,Federico,Alfano,,
4301f796-6438-4121-b326-4354d1d2055d,Shizuka,ozawa,,
71f02bcf-c341-4bc0-8519-435ce3e4523b,Mirjam,Braun,,
012ee596-9fe5-4d23-9792-4366d08ea974,Noel,Palumbo,,
747c5971-ac12-4284-936b-4386565bcd46,Deepthi nandan,Adla,"Qualifications:MS in Orthopaedics from Osmania medical college, AP, India, 1998. FRCSEdfrom Royal College of Surgeons of Edinburgh, 1999. MScin Orthopaedic Engineering from Cardiff University, UK. 2003. FRCS Trauma and Orthopaedicsfrom Royal College of Surgeons of Edinburgh, UK. Advanced Training:Certificate of Completion of Training (CCT) in trauma and Orthopaedicsfrom Joint Commission for Higher Surgical Training UK, June 2010 Advanced fellowship training in Shoulder, Elbow and Hand surgery at Pulvertaft Hand unit, Derby, Sheffield northern general hospital and university hospitals of Coventry, UKBESS travelling Fellow to Mayo clinic Rochester, USA31yrs of experience in the field of orthopaedics with dedicated upperlimb practice for last 15years. Worked as consultant shoulder and hand surgeon at University Hospitals Leicester, UK and relocated to Hyderabad, India 14 yrs ago. Worked as senior consultant Orthopaedic surgeon at Continental Hospitals, Hyderabad for 10 years and at Yashoda Hospitals as Clinical director of shoulder elbow and hand surgery.  He has been an invited speaker at various shoulder elbow and hand surgery meetings at a national and regional level in India. Invited faculty in various international meetings where he lectured on various aspects of shoulder, elbow and hand surgeries to practicing Orthopaedic surgeon. ",https://files.abstractsonline.com/assocphotos/2656/747c5971-ac12-4284-936b-4386565bcd46.profile.JPG
c8ac29e4-e2dc-478c-864e-4392068e3efa,Tej,Joshi,,
50d67b8a-291c-49e2-9f85-439723332da7,Erica,Kholinne,"Erica Kholinne, MD, PhD is an Indonesian board-certified orthopaedic surgeon specializing in shoulder and elbow surgery and an Assistant Professor at the Faculty of Medicine, Universitas Trisakti. She completed her PhD at the University of Ulsan, South Korea, and international fellowships in South Korea, Singapore, and the Netherlands. She has authored more than 150 publications (H-index 21), serves on several international journal editorial boards, and is actively involved in JSES International and AJSM. ",https://files.abstractsonline.com/assocphotos/2656/50d67b8a-291c-49e2-9f85-439723332da7.profile.JPG
c82e2048-f874-46e5-9c82-43a8175560d5,Ryan,Bicknell,,
285b11f6-5e5a-4246-9150-43ad6e3ddd7b,Spencer,Comfort,,
5300c999-2a5f-417f-be5a-43ca05e44de5,Coltin,Gerhart,,
210f2646-efe2-46ba-9a56-43d3bae6f623,Helen,Ingoe,,
8ad05254-a3ef-42df-8fc9-43eda75386ba,John,Twomey-Kozak,,
7093add0-f54c-4e00-8b80-43ffebbde2c6,Philippe,Favre,,
15601fd3-f785-445c-8600-4401c4e0774f,Matheus,Barcelos,,
02f22244-6ef9-4492-9689-442a3f7b2425,Michael,Hausman,,
ddffdc21-5290-49fd-bc26-443ca08c1707,Siyi,Guo,,
d84c466d-13fb-486d-aed3-4444655b292d,Matthew,Bryan,,
207747cc-93b9-4307-b58a-4446e35a34b7,Stephen,Burkhart,,
41550c14-527f-46d7-9b8d-4447da436152,Sergio Abraham,Hernandez Tostado,,
e979abaf-72d5-4180-99e8-44504d238eae,William,Sheppard,,
9f3fdad3-16b0-41b5-ab21-4458181f44d1,Jose,Acuña,,
f46808dc-113b-4436-a1fe-445ee1e3939d,Hiroko,Ueki,,
48dea13b-2d7a-4d1a-8049-44610005f254,Adam,Wentworth,,
47d52490-60a5-44af-8771-449ec14f4f69,Christian,Rosenow,,https://files.abstractsonline.com/assocphotos/2656/47d52490-60a5-44af-8771-449ec14f4f69.profile.JPG
007b12db-663a-4347-ae65-44c0cb1bad06,Zev,Karve,,
8569d348-b94d-45ed-8304-44cb598dab29,Jun,Nakayama,,
0f26a049-501f-42c0-9fa0-44cddbe65273,Juan David,Lacouture,,
7201fc07-2938-401b-b6bb-450222047ce4,Alejandro,Holle,,
892f7555-dc70-4dd4-a814-4515268dee37,Dana,Rowe,,
4b896c2b-fc6c-4ecf-8a73-451eda50f0bc,Joseph,Rund,,
cd907284-afea-48f6-b20a-4524124605e7,Kyle,Stump,,
3633ff03-8264-4ce5-b7f0-45396b7780c5,Shinji Imai,Imai,,
403d1111-2e84-4d67-b11b-453a62c7a9aa,Tatsunari,Aoki,,
508e8d61-9374-4f91-9b4a-454db6c7db79,Alejandro,Viacava,,
2c76a2e0-f7ea-4e79-b43c-4559cd3e03b8,Sebastian,Wangler,,
13a1e98f-6767-440c-81c1-45711d1cb1b9,Hiromichi,Kawase,,
57efad89-fbdd-4404-9dab-457d8a6beaa5,S. Mohammed,Karim,,
591c6746-83cf-4be5-b82d-458b5867597a,Steven,Krizsan,,
9ed7bec0-c005-4914-be51-45b6fec96497,Duncan,Reid,,
51b8400c-5559-4e1c-adcf-45d0e850763b,Rachelle,Buchbinder,,
fe5670a9-7920-4449-9cd3-45d4e718de60,Madilyn,Feik,,
67e24f25-8651-4d11-934f-45d69df5d818,Jun-Young,Kim,,
ca9df873-b0b4-44bc-9d12-45f73f4d2684,Lizzie,Bond,"Lizzie Bond is a New Zealand-trained orthopaedic surgeon with a subspecialty interest in sports knee, shoulder and elbow surgery. She completed fellowship training at Duke University in the USA and the University of Cambridge in the UK.  She is now based in Dunedin, New Zealand with a busy surgical practice and regular involvement in both teaching and research with the University of Otago.",https://files.abstractsonline.com/assocphotos/2656/ca9df873-b0b4-44bc-9d12-45f73f4d2684.profile.jpeg
02a02a2a-3ad7-4674-acd9-4601bf0f27e5,Jeremy,Hall,,
bd568a96-4d33-4756-b6b9-460e972ba8b6,Cristofer,Muench,,
cdfbd4c7-06ad-4747-b16a-4648620cfb05,Patrick,St Pierre,,
415c1b3b-364e-4bab-b23c-4649024184d2,Ian,LeMasters,Medical Student at Touro University California,
da54ef39-0304-4a7c-a90d-46a50345a7d1,Carl,Winalski,,
d734f307-c942-4398-850c-46a97b122a89,Rodrigo,Balieiro,,
f9eb8039-9d51-45dc-a6f5-46c82c7f4e90,Tarek,El-Gammal,,
c85f7bac-cbd9-4f76-be23-46c83a724268,E. Scott,Paxton,,
8f3b005a-c8c3-473c-b7f9-46d23905bee3,Thomas,Hoffman,,
e1894396-3a52-4f99-88c8-46da3c7c039d,Mariano,Serrao,,
52b4aaed-3f24-4da6-9b68-470a1d11af80,Carlos,Torrens,,https://files.abstractsonline.com/assocphotos/2656/52b4aaed-3f24-4da6-9b68-470a1d11af80.profile.jpg
25799fd4-fea0-49b6-abfa-47147a3b68c8,Khaled,Alrajhi,,
d9fea131-4eeb-4afb-971f-471b08204acb,Lauren,Holladay,,
0f73111e-99f0-4bb2-8bc7-47282fb5fe5a,Sophia,McMahon,,
670b5e04-2d6d-425a-a350-472c57254ad0,Maria Teresa,Ramirez,,
a91f8327-50ad-4085-bca7-472d2d550642,Yannick,Morvan,,
2a6b3eaa-660e-4fe5-9cc1-473471603559,Robert,Tashjian,,
fa3e17c9-785d-40d9-a107-47556af5c17f,Ethan,Harris,,
1eff2929-ca29-4d0e-a8e8-475a1223902a,Rodrigo,Lopes,,
d69d5720-ccda-43c1-b063-4769eb78308e,Logan,Kolakowski,,https://files.abstractsonline.com/assocphotos/2656/d69d5720-ccda-43c1-b063-4769eb78308e.profile.jpg
dbfbe1bd-c8c4-4ab9-8d62-476c22f1d5d5,Sven,Lichtenburg,,
88d3e692-6a71-4bc4-ad29-476efc1e980c,Charles,Borchers,,
9f5996f6-388f-43ad-9fc6-47808f821873,BURAK,DUYMAZ,"Burak Duymaz, MD, is an Orthopaedic and Traumatology Surgeon at Pasinler Ibrahim Hakki State Hospital, Erzurum, Turkey. He received his medical degree from Hacettepe University Faculty of Medicine and completed his residency training in Orthopaedics and Traumatology at Dokuz Eylul University.He completed a Shoulder and Elbow Fellowship at Charité – Universitätsmedizin Berlin, Germany. His clinical and research interests include shoulder and elbow surgery, shoulder arthroplasty, sports traumatology, shoulder instability, rotator cuff disorders, and musculoskeletal ultrasound elastography.",https://files.abstractsonline.com/assocphotos/2656/9f5996f6-388f-43ad-9fc6-47808f821873.profile.jpg
07a3f69c-e59a-4654-b838-47925cd90b79,Julio,Contreras,"Julio Contreras Fernández is an orthopedic surgeon specialized in shoulder and elbow surgery. He graduated from the University of Chile, where he also completed his residency in Orthopedics and Traumatology at the Instituto Traumatológico. He further subspecialized through a fellowship in shoulder and elbow surgery at Hospital Clínico San Carlos in Madrid, Spain.He has completed international training experiences, including clinical observerships at Mayo Clinic and participation in the American Shoulder and Elbow Surgeons (ASES) Travelling Fellowship, gaining exposure to advanced surgical techniques and global best practices.Dr. Contreras combines clinical practice with academic and research activities. He holds advanced training in biostatistics and clinical research methodology and has contributed to multiple scientific publications in the field of shoulder and elbow surgery.He is actively involved in teaching and is affiliated with leading academic institutions in Chile. His clinical focus includes arthroscopic and minimally invasive surgery, shoulder instability, rotator cuff pathology, and joint replacement of the shoulder and elbow.",https://files.abstractsonline.com/assocphotos/2656/07a3f69c-e59a-4654-b838-47925cd90b79.profile.jpeg
25d24de6-c006-4b83-b921-4798197b12ba,Eugene,Ek,,https://files.abstractsonline.com/assocphotos/2656/25d24de6-c006-4b83-b921-4798197b12ba.profile.jpg
1b2d3667-c523-46c1-a131-479e9aa3c3ff,Hernán,Suárez,,
c50dff52-64a9-45a1-a21d-47b62dce859e,Tomoyuki,Matsui,,
2779458a-b6c2-40af-a8fa-47c8b4fb6d30,Camilo,Martínez Aguado,,
c4a5b2f3-e07a-4ac3-986b-47ff30106fd6,Chun,Hsu,,
e8ab700b-d013-4a1d-a7be-4810521f2889,Stefan,Greiner,Head of Shoulder and Elbow Sporthopaedicum Regenburg,https://files.abstractsonline.com/assocphotos/2656/e8ab700b-d013-4a1d-a7be-4810521f2889.profile.png
2d8aef00-5050-4a5b-8ca9-482551325c65,Nadja,Delliehausen,,
9220e9bf-695c-4da1-9c7a-483d5e4f0f5e,Jacky,Chow,,
5167b85b-1df2-4b77-af75-483eb7b970c2,Guillermo,Araujo Espinoza,"Guillermo Araujo is an orthopedic surgeon from Lima-Peru with specialized training and technical expertise in cartilage/meniscus restoration, including knee and shoulder arthroscopy. Honored to be a SLARD/AOSSM Traveling Fellow in 2022. Sports Medicine Research Fellow at UCLA and CU Denver. Classical music enthusiast and amateur tennis player.",https://files.abstractsonline.com/assocphotos/2656/5167b85b-1df2-4b77-af75-483eb7b970c2.profile.jpg
6bdea9af-49fb-4bfa-86a9-4846c04f196f,Arash,Araghi,,
51ac49fc-615c-44ca-83a8-48542b1b81f7,Charles,Cogan,,
a0316c4d-49d4-44c3-90bb-485629dcc9e6,Catherine,Fedorka,Dr. Fedorka is an associate professor of orthopedic surgery at Cooper Medical School of Rowan University. She is the associate program director for the orthopedic surgery residency at Cooper University Hospital and the Director of Quality for the Cooper Bone and Joint Institute. ,https://files.abstractsonline.com/assocphotos/2656/a0316c4d-49d4-44c3-90bb-485629dcc9e6.profile.JPG
f3114973-05f1-467f-b027-48581cbe3b83,Kelly,Goodwin Burri,,
b986baed-b4b6-497a-9f8f-485e9aaa0009,Thomas,Olson,,
2e6ad548-ac1f-41f8-b30f-487ba7b95f63,Takeshi,Hagiwara,,
a5a247b8-7ce6-4db4-a57e-4894f4518630,Guillaume,Herzberg,,
bdace81c-a645-4a61-a81a-489ecd579507,Ryunosuke,Abe,"Ryunosuke Abe, MD, PhD, is a board-certified orthopedic surgeon at Hyakutake Orthopedic and Sports Clinic in Japan. He graduated from Fukuoka University School of Medicine in 2015 and completed his initial residency at Fukuoka Tokushukai Hospital. In 2017, he joined the Department of Orthopaedic Surgery at Kurume University, where he trained at multiple affiliated institutions, including Kurume University Hospital, St. Mary's Hospital, and Kurume University Medical Center. He obtained board certification in orthopedic surgery in 2022 and was awarded his PhD from Kurume University in 2023. His clinical and research interests are focused on disorders of the shoulder and elbow and sports medicine, with a particular emphasis on the management of osteochondral lesions of the capitellum. His current research investigates the clinical outcomes of osteochondral autograft transfer based on lesion location.",https://files.abstractsonline.com/assocphotos/2656/bdace81c-a645-4a61-a81a-489ecd579507.profile.jpg
2382146e-ee95-439f-ada4-48b165f05394,Shin,Yoshimura,,
0258fd0f-5bcf-4167-b795-48c0489b360e,Rafay,Hasan,,
f27fdbf2-b750-4ce0-bf22-48c6a0c6a2e1,Ilan,Kavo,,
1bd75338-3cd7-4942-8edc-48ca5cfa3a6f,Hyung Chul,Cho,,
430ceb58-6d41-46ff-8796-48fa9664091b,Rebekah,Lawrence,,
15fd1ea9-704d-4b6c-9f8a-48fcaf66aae2,April,Armstrong,"Dr. April Armstrong is the C. McCollister Evarts Professor and endowed chair of the Department of Orthopaedics and Therapy Services, as well as Vice President Musculoskeletal Service Line, Penn State Health. Her primary research efforts have focused on the glenoid component failure mechanisms in total shoulder replacement. She ranks nationally as a top physician in her subspecialty, is listed among the Best Doctors in America and has been the recipient of several awards, including the Dean’s Award for Excellence in Teaching, a Distinguished Educator Award from Penn State College of Medicine, the Michael B. Bongiovanni Award for creating an extraordinary patient experience, and the Steven and Sharon Baron Leadership Award. Previously, she has served as Vice Chair of Clinical Affairs and Quality for the department of Orthopaedics and Rehabilitation, and Associate Chief Medical Officer for Outpatient Surgical Care within the Penn State Health Medical Group. Armstrong’s leadership experience in medical education includes associate designated institutional officer and director of health systems science for Graduate Medical Education (GME) in the GME Office and national course director of the Orthopaedic Educators Course for the American Academy of Orthopaedic Surgeons. She is in the tenth year of a 10-year term as a director of the American Board of Orthopaedic Surgery and served as board president. Dr Armstrong is associate editor of the Journal of Shoulder and Elbow Surgery. She is the President Elect for the American Shoulder and Elbow Society and the second president elect for the American Orthopaedic Association.Armstrong earned her medical degree from the University of Western Ontario in London, Ontario, where she also completed her residency in orthopaedic surgery and later earned a master’s degree in medical biophysics. She is board-certified in orthopaedic surgery and a fellow of both the Royal College of Physicians and Surgeons in Canada and the American Board of Orthopaedic Surgery. She completed fellowships in upper extremity orthopaedic surgery at St. Joseph’s Health Care London in Ontario, Canada and in shoulder and elbow orthopaedic surgery at Barnes-Jewish Hospital, Washington University School of Medicine, St. Louis. She is happily married to Mark and has 2 daughters, Grace and Claire. ",https://files.abstractsonline.com/assocphotos/2656/15fd1ea9-704d-4b6c-9f8a-48fcaf66aae2.profile.jpg
d69396b8-99f8-4f6c-96e3-4912502e2754,Cory,Mayfield,,
520e1e36-a115-4ac0-8de0-495e1ae7c763,Keyur,Patel,,
f63d16c8-ad8c-4b00-a2f6-495f38aa6dc3,Giuseppe,Alajmo,,
df05de2b-e66d-4b9b-83e3-496fd28074db,Leesa,Galatz,"Dr. Galatz is the Mount Sinai Professor and Chair of the Leni and Peter May Department of Orthopedic Surgery at the Icahn School of Medicine and the Mount Sinai Hospital System in New York. She specializes in Shoulder and Elbow Surgery, with an interest in shoulder instability, rotator cuff disease, and shoulder arthroplasty. Her primary research interest throughout her career has been the basic science of rotator cuff disease and tendon healing as it pertains to cuff repair. She has been a Co-Primary Investigator on projects funded by the National Institute of Health which focus on rotator cuff degeneration and repair, and tissue engineering strategies for tendon repair. Her research is complemented with clinical projects with her colleagues on Shoulder and Elbow service and with the Department of Population Health and Epidemiology at Mount Sinai. She has served as a faculty member in numerous courses on a national and international level, lecturing on a variety of clinical topics pertaining to Shoulder and Elbow pathology. She was the recipient of the Neer award for Basic Science Research at the American Shoulder and Elbow Surgeons Open Meeting in 2009.  She received the 2014 Kappa Delta Ann Doner Award along with her colleagues for research on the natural history of rotator cuff disease.  In 2007, she was a European Shoulder and Elbow Traveling Fellow, sponsored by American Shoulder and Elbow Surgeons. She was an American British Canadian Traveling Fellow in 2009.   She served on the Boards of the American Academy of Orthopedic Surgery, American Shoulder and Elbow Surgeons, American Orthopedic Association, Journal of Bone and Joint Surgery, and Orthopedic Research and Education Foundation.",https://files.abstractsonline.com/assocphotos/2656/df05de2b-e66d-4b9b-83e3-496fd28074db.profile.jpg
d4d7088f-fb8a-4b75-a192-497c5cb38037,Ryosuke,Iio,,
c57f1f0e-bbf0-44e0-bdcc-4986474f31a2,Fernando,Hisano,,
e719905e-966d-4563-9109-498ce40fb75e,Simo,Taimela,,
01ed0947-5ba9-4a1e-bfb8-4997f1275295,Robert,Westermann,,
d55dc2a9-daf2-4da4-b8e4-49a7183df5fd,natalie,glass,,
e8658936-345b-43a4-8cfb-49bbf169a355,Carlos,Chaves Lara,,
3bff029f-2b50-4ac5-b092-49e6b3a90cc9,Keith,Baumgarten,"Keith M. Baumgarten MD, FAAOS, FAOA is fellowship-trained in sports medicine, knee and shoulder surgery and has been practicing in South Dakota for over 20 years. He has authored over 150 publications and has been presented with the Charles S. Neer Award in 2011 and 2013, the O’Donoghue Award in 2014, and the Kappa Delta award in 2024 for his research collaborations. He was recognized by Avant-garde Health as both a 2024 and 2025 Orthopedic Research All-Star, placing him in the top 1% of researchers in the field.",https://files.abstractsonline.com/assocphotos/2656/3bff029f-2b50-4ac5-b092-49e6b3a90cc9.profile.jpeg
44a18a39-1ac8-4e00-8f9a-4a03dbcd28d0,James,Bilbrough,,
14157cd5-5c50-4566-a88a-4a07a4cfcb4c,Peter,Mounsef,,
4f5e76bc-3126-4ef4-9fbb-4a2cdc07de9d,Lockwood,Tyler,,
049b69a2-42b1-4c5b-8dfa-4a4f5001d337,Cameron,Guy,"Resident physician at the University of Utah orthopaedic surgery program, going to fellowship for Shoulder and Elbow Surgery at Washington University for 2027-2028",https://files.abstractsonline.com/assocphotos/2656/049b69a2-42b1-4c5b-8dfa-4a4f5001d337.profile.jpg
ac25af74-3a0e-4f5d-a621-4a578e6320cf,Cristian,Dominguez,,
174868d6-59d2-4e67-95ac-4a9663ddf477,Richard,Page,"Prof Page is Academic Chair of Orthopaedics at Deakin University, Barwon Health and St John of God Hospital. A specialist shoulder, upper limb and trauma surgeon and current President of the Shoulder and Elbow Society of Australia (SESA). Founder of the Barwon Centre for Orthopaedic Research and Education (B-CORE). He has authored and presented on over 300 referred journal articles and book chapters with >$20M in NHMRC and competitive grants. He has appeared in the media discussing shoulder and orthopaedic topics, with a focus on osteoarthritis. Research covers shoulder replacement surgery, biomaterials and biomechanics, orthopaedic trauma, with extensive clinical trial experience in surgery.",https://files.abstractsonline.com/assocphotos/2656/174868d6-59d2-4e67-95ac-4a9663ddf477.profile.jpg
a37f1243-9638-411b-bbad-4a9fef28663c,Deepak,Bhatia,,
10c9e750-2a1c-46a1-95c4-4aaf0faa9fe5,Pedro,Henrique Crema Duarte,,
ec1c8d54-2fc9-439c-b488-4acacb8bdf5d,Joon Bum,Yeo,,
4eaaf207-0894-4c07-b598-4ad5a2d22b63,Kevin,Khoo,From the PNWUW Orthopedic Surgery ResidencyCleveland Clinic Shoulder & Elbow Fellowship ,https://files.abstractsonline.com/assocphotos/2656/4eaaf207-0894-4c07-b598-4ad5a2d22b63.profile.jpg
f15731a6-0fcb-419c-aacc-4ae26979b8fe,Fatuma,Adan,,
7160e130-abe6-4f24-bdce-4ae6751545e2,Ryan,Pezold,,
3c3959fc-0ef9-4b0b-b58e-4aeb8477140e,Kosco,Ethan,,
dd44c585-4dd8-4c59-b1bf-4aec2966caab,Yasemin Begüm,Topkarcı,,
11ddb4e8-e2b2-4ae6-bb3f-4aeeaa6faba6,Ji-hun,Park,,
43cb6c3e-2b2f-48a3-aa5b-4afd66aec014,Jiahuan,Pei,,
560a0a8c-e4b7-42b8-8268-4b229ff8b4af,Nikolaos,Sachinis,,
c51c7348-9a3d-4db2-ae07-4b2d04b85a96,Katherine,Vadasdi,,
7bbdc6fd-2108-48b9-9ac4-4b666f7136c4,Aleah,Thomas,,
e9fe7587-71ed-4752-9526-4b7e5764ddc9,Sambit,Sahoo,,
df220b4c-baa8-41d4-ac1b-4b9565451baa,Theo,Rösch,,
25d4cafd-afcc-4f6d-822c-4b9ace02e544,Gail,Thornton,,
42199c1c-95c8-40d9-980f-4b9fc63eef56,Daphne,Beingessner,,
4998edb4-3042-455d-adb9-4bb30de7bc45,Shahab,Yazdanpanah,,
ba398caf-ff0f-41b6-976d-4bb3d2d14bdd,Rafael,Correa,,
8bf805f9-eea3-45ee-8754-4bbc2bbfc771,Kate,Gerber,,
f9c9a1ea-d327-4e86-ba49-4bc195ac9a33,Nicolas,Bonnevialle,,https://files.abstractsonline.com/assocphotos/2656/f9c9a1ea-d327-4e86-ba49-4bc195ac9a33.profile.png
46548f25-437a-437c-b420-4bd67d0a403a,Bejan,Alvandi,,
86f66aaf-0251-4bde-aa34-4bec591c0e5d,Rafael,Almeida Maciel,,
ea5dca4c-d84b-4451-bebd-4bfdf3887f71,Santiago,Molinas Ortiz,,
985ff3a8-cf8f-4579-b998-4bffb0e2ff61,Steven,George,,
1fb4cd86-285c-4401-8982-4c093e8b76d6,Ecem,Kilic,,
da914581-241f-46d7-8918-4c25a95cd0fa,Abdulaziz,Ahmed,,
84bdcd9e-6cd6-4529-9960-4c433997a004,Louis,Barry,,
f05d5092-c244-41ed-94e1-4c7767d6e656,Dongfang,Zhang,,
88576871-e84e-46bd-a436-4c7ef24e3c7e,Miria,Montserrat Viñas,,
b57adf90-8ef5-4250-b06a-4c83f56f9ee3,Adam,Lutz,,
86a208a0-018c-4492-9a5e-4c9a36287b62,Christian,Lozano,,
3f35d328-029e-47e5-98e4-4c9bf5fe78e1,Moritz,Kraus,,
19c0335f-0e26-4a81-a64f-4cb278c217d6,André,Castanheira,,
fecbf062-bb54-492a-9638-4ccaf6d8c27d,Felipe,Reinares,"Shoulder and Elbow SurgeonOrthopedic and Trauma SurgeonSecond Vice President, Latin American Shoulder and Elbow Society (SLAHOC)Founding Member, Global Elbow Network (GEN)Past President, Chilean Shoulder and Elbow SocietyHead of the Shoulder and Elbow Unit, Mutual de Seguridad CChC, Santiago, ChileStaff Surgeon, Shoulder and Elbow Unit, Clínica Alemana de Santiago, Chile",https://files.abstractsonline.com/assocphotos/2656/fecbf062-bb54-492a-9638-4ccaf6d8c27d.profile.jpg
28acf1fd-ab03-44a6-819e-4cde7d684ec4,Mansour,Taghavi Azar Sharabiani,,
97b27410-66c3-40c4-99b0-4d0324f5d0b5,Ian,Marigi,,
cddc4938-2513-4d54-a1d8-4d0f5bdbb1bb,Gregory,Cunningham,,
6b33d9e4-9a00-455e-811f-4d208913d8de,Lawrence,Marsh,,
692e60ca-ae32-4e2f-9940-4d28cce65ea4,Janina,Henze,,
740c3cad-5b0d-4058-80cd-4d2a5231c93b,Roma Fe ,Mabanag,Postdoctoral Research Fellow,
836b9b3d-5112-4395-b204-4d2f9bab68d9,José,Mota Neto,,
d8b39b12-dfa8-4414-b772-4d751590dc9a,Yoshihiro,Hirakawa,,
8c9f4c2b-6194-4d9b-9d70-4d81f4b44a32,Joy,Macdermid,"Dr. Joy MacDermid BScPT  MSc  PhD (1999)   FCAHS FRSC O Ont is a Physiotherapist, epidemiologist and  Distinguished Professor of Physical Therapy at Western University. She has more than 20 years of experiences as clinician and 20 years as a clinical researcher. She is a Fellow of the Canadian Academy of Health Sciences and The Royal Society of Canada; and the Order of Ontario.  Dr. MacDermid in the top 2% of scientists worldwide (Stanford University’s World’s Top 2% - since 2020), rank 25th/91,178 scientists and as the 4th top PT scientist for both lifetime and past five years (ScholarGPS), Dr. MacDermid has>760 lifetime peer-reviewed publications and an additional 5 Books; 36 Book Chapters (H-index=107). Her areas of expertise include musculoskeletal trauma and disease, occupational stress injury, clinical trials, sex and gender, equity and implementation science.",
32986263-a8f2-4d2f-8575-4d87e87b0d27,Katie,Dalziel,,
93dfafa6-7ee3-473f-9f4f-4d886798d407,Mithun,Joshi,,
9edafd14-d004-468c-ab31-4da23e03ccfd,Chelsea,Swei,,
a1e5d978-b6f6-4dcb-9d46-4dc4b98e9bf7,Cholwaish,Chanlalit,,https://files.abstractsonline.com/assocphotos/2656/a1e5d978-b6f6-4dcb-9d46-4dc4b98e9bf7.profile.JPG
da9272f0-0f8d-4388-a2fd-4dd40b4886da,Jun,Kawamata,,
91a8b83d-db63-4cb9-af03-4ddb691ba7da,Frantzeska,Zampeli,,
0ed01cf3-ea23-424c-9752-4dff1cebc8bc,Malik,Scott,,
aa28a3cb-c469-464a-91ed-4e009da9dbfc,Adam,Kwapisz,"POSITIONUniversity Professor, Clinic of Orthopedics and Pediatric Orthopedics, Clinical and Didactic Center of Medical University of Lódz, PolandHead Team Physician, Polish Beach Volleyball National Team, Polish National Volleyball Associa-tionEDUCATION2007 Doctor of Medicine, Graduated with Honors, Medical University of Lódz, Poland2012 Degree of Doctor of Philosophy, Medical University of Lódz, 2016-2017 International Research Fellowship, Steadman Hawkins Clinic of the Carolinas, The Haw-kins Foundation, Greenville S.C., USA (Program director Dr. John M. Tokish MD, Supervisor Dr Richard J Hawkins)2017-2018 Upper Extremity and Orthopedic Sports Medicine Fellowship, PanAm Clinic, University of Manitoba, Winnipeg MB, Canada (Program director Dr. Peter MacDonald MD, FRCS (C))2024 Doctor of Science, Medical University of Lódz, PolandMEMBERSHIPSPolish Arthroscopic Society (PTArtro) – Board Member 2019-2023, Education Committee Chair 2019-2023Polish Shoulder and Elbow Society – Board Member 2023 – current The Hawkins Society – Dr Richar J. Hawkins Fellows SocietyESSKA (European Society of Sports Traumatology, Knee Surgery and Arthroscopy)ESA (European Shoulder Associates)ISAKOS (International Society of Arthroscopy, Knee Surgery and Orthopaedics Sports Medicine)AANA (Arthroscopy Association of North America) – International Committee Member 2021-2025ASES (American Should and Elbow Surgeons) (2nd Polish surgeon to be invited)SECCEC- ESSSE (European Society for Surgery of Shoulder and Elbow)AAC (Arthroscopy Association of Canada) – International Liasson REVIEWER ACTIVITY Arthroscopy. The Journal of Arthroscopy and Related Research – Editorial Board VJSM – Editorial Board AJSM – Editorial Board  JSES, JSES Int, EOR EFORT – Reviewer ",https://files.abstractsonline.com/assocphotos/2656/aa28a3cb-c469-464a-91ed-4e009da9dbfc.profile.jpeg
b155769f-f21b-4a21-a881-4e03cfcc3ac8,Ryan,Freshman,,
bd387143-ab47-49e0-9cee-4e14cd3f5160,James,Chen,,
e9adc651-9a4e-4853-8ec3-4e1c46237f1a,Benjamin,Hoyt,,
a0762fc6-5d4a-42ed-9df9-4e20e10cd550,Michael,Ciccotti,,
4a519ee7-e54c-4599-b84a-4e26bcc86ad7,Ryota,Kojima,,
ef3b85a3-e186-4bef-aa9d-4e4b2360836c,Zaamin,Hussain,Zaamin Hussain is a shoulder and elbow surgeon at the University of Florida. He specializes in the treatment of complex shoulder pathology. His research interests are materials and biomechanics of shoulder arthroplasty. ,https://files.abstractsonline.com/assocphotos/2656/ef3b85a3-e186-4bef-aa9d-4e4b2360836c.profile.jpg
a4898454-fa2a-4963-bbef-4e5e19c85f72,Nick,Carola,,
f757a72e-be49-494b-83b3-4e65a7fc5abe,Brandon,Hill,,
e5bcb5f5-28b6-4043-acc4-4e76efa13dc0,Walter,Smith,,
91888239-985f-44a3-b11b-4e7b8d6265a2,Adam,Rizk,,
6586384b-efbb-4917-b462-4e7fcca31124,Stephen,Parada,,
ba1753c7-9b87-416d-bf38-4e81c7010efa,Alexander,Berth,,
1ffdaceb-5b0e-4791-8d29-4e8b1225417b,Lindsey,Westover,,
41636d42-b00e-4198-ba52-4eaf9ae1a1bc,Kathryn,Royse,,
74dcad2d-c767-41cb-b0e8-4ebe9f4e0fcf,Jacob,Babinec,,
431f6e60-e2eb-402a-83a7-4ec030291317,Soroush,Shahamatadar,,
59eb740f-b0f0-4d50-a03f-4ec5d2a66ccf,Rei,Kimura,,
c363d0f5-afb2-4891-b4d0-4ece0b8d37ff,Ahmed,Zabiba,,
e69689bd-09ef-4b96-9177-4ee26d08df2c,Rahul,Chandran,,
8ace8ad4-22f4-469b-b562-4f0ca3ab2e00,Allen,Champagne,,
0b2375fb-ca61-44ef-9127-4f22a24fe85b,Manuela,Angulo,,
a2d8f483-edce-4f90-a53c-4f3793d6d63b,Luís,Pires,,
bd9e0c06-365c-41b6-a743-4f40b718ccea,Anthony,Hwang,,
1a17b372-f1f4-4226-a82a-4f546c0ab1c2,Anthony,Mouchawar,,
facebdee-fb41-4981-9838-4f58c521a3d3,Mitchell,Kirkham,,
5b54c4a9-5c09-446f-8476-4f72fc949bb3,Philippe,Collin,"I am an orthopedic shoulder surgeon based in Paris, France. My clinical practice and research focus on all aspects of shoulder surgery, with particular interests in shoulder arthroplasty and innovative surgical techniques. I am also committed to clinical research and the training of international fellows.",https://files.abstractsonline.com/assocphotos/2656/5b54c4a9-5c09-446f-8476-4f72fc949bb3.profile.png
2dbb4235-f0b5-451e-b500-4f903999df75,Katherine,Ferry,,
4a308b7f-22d3-446a-ba12-4f9abcc1ab37,Matthew,Solomito,,
53c60736-777f-40f8-a4ec-4fd9407ecbca,Danny,Pham,,
aaed2ecd-48c7-4ad0-9e23-4fd94a9e163c,Yukihiko,Hata,,
af07442c-8336-4649-921d-500371fc5627,Ochiai,Nobuyasu,,
b6487247-6754-4889-be72-5003b572d766,Jayme,Koltsov,,
02dcfff4-7e6b-47b3-bffd-503c62fff31a,John,Costouros,,
fadbd48e-ea3e-489b-8d17-505f5550de2d,Jordan,Larson,,
d2938feb-3697-4b62-a5b8-5072ac71c3d8,sofiane,nouri,,
be6219bd-b9af-4312-8d4e-50744770c39d,Muaz,Mian,,
686b129b-da02-4fff-824d-50828a65a449,Richard,Harrison,,
cf010b2e-2386-4669-9480-508b8b14d340,Deanne,Meredyk,,
cc8b56ba-03d9-4fd9-9ef1-509ad25c1bf4,Corey,Scholes,,
f892e3b9-dab1-42f4-815a-50c377190538,Kotaro,Yamakado,"1994-1995: Residency at Kanazawa university hospital, Japan.1998-1999: Research at Kanazawa University Hospital, Japan as a post-graduate studentTeaching assistant at School of Medicine, Kanazawa University2002-2003: International clinical fellow, Joint Replacement Center, Advanced Medical Centers, Richmond, VA, USA2005: Consultant Orthopaedic surgeon, Fukui General Hospital2012: Chief Consultant Orthopaedic surgeon (orthopedics/sports medicine), Fukui General HospitalPosition in academic activities.Board of director of the Japanese Shoulder Society (2024-)Former Chairman of the RSA Operations Committee (The Japanese Shoulder Society)AwardsJapanese sports med assoc: Excellent paper award (2002)Japan-Korea shoulder elbow society exchange traveling fellow (Japanese Shoulder Society) (2015)Aoe Award (Aoe society for the shoulder, Okayama, Japan) (2016)United States of America traveling fellow (Japanese Shoulder Society) (2016)Richard J. O’Connor Research award (AANA: Arthroscopy Association of North America) (2018)WEB encouraging award (MIOS, Minimally Invasive Orthopaedic Surgery Society)(2020)Japan-SECEC exchange traveling fellow (2024)M.D., 1994: School of Medicine, Kanazawa University, Kanazawa, Japan.Ph.D., 2002: School of Medicine, Kanazawa University, Kanazawa, Japan.",
e334fdfe-3411-4e8c-b381-50ed076bf2c1,Ann,Hu,,
b58cf0ab-f50e-4caf-839e-51045e21edb4,Manasa,Chillarige,,
74c9290d-eb8a-4d74-9e94-5117723e02ae,Ana ,Benassi,,
121271e7-7bc9-4149-8d14-5137377662a0,Matt,Glazier,,
72cfd888-9424-409b-9323-513a7a63ca61,Javier,Bravi,,
5ae027f7-3fb4-4c8e-961b-514cec498862,Nicolas,Bronsard,,
55ccdfa5-4c13-40ed-a1a1-516b8d523e0a,Daniel,Zogbi,,
7be68ffe-a7a4-4752-bc77-5171cce98087,Edith,Miranda,,
0c61742f-5c36-4eb6-b972-5175dcc7a7ad,Jean-MArie,Daudet,,
d3487030-e669-411a-aa28-517b878a9df0,Pierre-Henri,Flurin,,
9d100874-5445-40e6-b546-518c5c388562,Raven,Hollis,,
79e4f0e3-cfb9-45cb-ae11-518d6e2c8bef,Changwon,Kim,,
12a9c5dc-4d48-43d2-8f4d-518f75ac48c7,Barrett,Brown,,
3eb64228-510f-47e6-984b-51969f61c2bb,Linjun,Yang,,
95a5e1cc-72f2-48dc-898e-51bcf950f117,Akash,Vasanthan,,
94617763-a79d-49b4-8cdd-51c04de64132,Graeme,Brown,,
9944fb5f-cb51-40dd-90f5-51c74c05ccb9,Matthew,Muffly,,
07581076-7f2f-4006-9c79-51caa66cab59,Giuseppe,Bonsignore,,
6b141924-c529-492d-9415-51d795b5027c,Louis,Lajoinie,,
0495130f-84c7-4e65-9c0b-51dc95e6f213,Dawoud,Hadi,,
3b291fc8-f14b-48e1-baaf-51df13fdc287,Adriana,Loza Gallardo,,
8e7fc181-dd91-4d15-acd1-51f8ea4f256b,Niel,Bruwer,,
d0df2450-6a56-4aa1-ba7a-52017164c9c3,Amanda,Naylor,,
0ccee23f-47a1-4711-9ece-52087874830c,Joseph,Kahan,,
d4fdc920-d553-4178-a588-521006360b52,Calvin,Chan,,
ed947096-753c-4d06-a0ee-5212b2cf3073,Beat K,Moor,,
8b4d501a-a21b-4bd0-8364-522dcff5eca4,Luiz Henrique,Almeida,,
07017a42-af24-45b5-9c13-52456d9fda82,Andrea,Rosa,,
5880cbf4-ee51-4c8c-8c1e-528019adfdc0,Justin,Yang,,
ddf44862-c19e-45ca-a734-528a494f1a7d,Robert,Bowers,,
40582072-2850-435b-82d8-529b6774444d,Patrick,Siparksy,,
6a55194b-40a6-47b6-94e9-52bfefa266ac,Jonathan,Harley,,
9ab806e1-42e7-47a8-8e8b-52c2116b9687,Abbas,Rashid,,
a9dee0a9-9255-4cb5-a0ea-52c8f24f7167,Langan,Smith,,
cfdf7ba5-19bf-4921-9018-52dd88c992b7,Çağatay,Delice,,
25f073f8-4786-434d-ba69-52e117635591,ADRIAN,MARTIN MARTINEZ,,
fd1028a8-4fcb-4207-bab7-530ded9b00ec,Yoshihiro,Kotoura,,
780d2eb6-73af-4bd4-b10b-5311401b2683,Donald,Tedah,,
02f18215-2c09-4cf6-bf08-5314e1e85f5a,Youngseo,Park,,
5a88ba2d-9938-419e-81f4-531790c0882e,KOZO,FURUSHIMA,,
7bc09499-d4bc-40cd-bf8d-531827f5c5fc,Alex,Mamonov,,
c64a68b8-0b44-4d22-8e49-53384690796c,Nesa,Milan,,
92f068ec-d7f4-4b00-947e-534218158651,Orkun,Büyüksayın,,
2a4805ad-7554-4e34-a431-5351e6ae0d4b,Alexander,Vervaecke,,
46dfd81f-c650-47d8-ad82-537a484ecc43,Christiane,Barthel,,
a63c2001-0c75-4347-872d-5393a271c33c,Guilherme,Sella,,
834b72dc-b040-462d-a6bd-53a892be2ef9,Raman,Aggarwal,,
322598eb-8dc8-46fd-ab5b-53bd0221d57e,Cameron,Wallace,,
62e821c3-cd6f-4727-8cb5-53c827233bb0,thomas,boissinot,,
936bff6a-3470-4f8b-9e9e-53d9be6cba61,Vickrambir,Sahni,,
f8c5b1db-1795-4bcd-810c-53dd3a264cd8,Adam,Seidl,,
5e773b32-6385-4b5d-a8ac-53e5b054fe56,Justin,Anderson,,
f6204880-105e-4157-a1eb-53e68e7d548c,Fumihiro,Isobe,,
c974c404-661b-4e1d-a2ad-53fbad62caf3,Karthik,Karuppaiah,,
2e3a6792-21bd-45cc-a8a0-53fe5b2ef078,Alexandre,Caubere,,
26d042a8-60d2-4406-a558-540db1be9c86,Laurent,Lafosse,,
1c2e1e47-7102-4376-8933-5413042c6ad0,Humood,Boqambar,"Dr. Humood Boqambar is an Upper Extremity Clinical Fellow at the Western Hand & Upper Limb Facility (WULF) in Edmonton, Alberta. He completed his orthopaedic surgery residency training at the University of Toronto in Ontario. His clinical and research interests focus primarily on shoulder and elbow trauma. Outside the hospital, he is an avid runner and cyclist.",https://files.abstractsonline.com/assocphotos/2656/1c2e1e47-7102-4376-8933-5413042c6ad0.profile.jpg
4bd443e9-472a-49dc-b401-541862250262,Hiroyori,Fusagawa,,
f0287c37-4b69-4251-b57c-5429944aa0e6,Noah,Lyndall,,
b7fe02e6-f9e5-4de7-b682-54384717d0d7,Benjamin,Stronach,,
52680d1e-d71f-4173-878e-544da33409d9,Ryohei,Sawada,,
0d8bc71b-52fd-463c-a9a5-5461959601cc,Thomas,Bruell,,
385cbd50-989a-4baf-a776-5463521d725d,Sushruth,Manchineella,,https://files.abstractsonline.com/assocphotos/2656/385cbd50-989a-4baf-a776-5463521d725d.profile.JPG
57b9ccd3-bbd8-437f-9293-546c2c54ae13,Ayman,Abdelkawi,,
74f67ac0-0721-4b48-b8d1-547c46228de8,Ernesto,Pino,,
f21867ba-2e95-461f-b074-5482bd05c950,Zachary,Lum,,
31abcd9b-2f88-49b9-9f8d-5484a685628a,Jennifer,Tangtiphaiboontana,"Dr. Tangtiphaiboontana specializes in orthopaedic trauma and shoulder/elbow surgery. She completed her medical school training and orthopaedic residency at the University of California, San Francisco. She then completed a trauma fellowship at Harborview Medical Center in Seattle, WA and a fellowship in shoulder/elbow surgery at Mayo Clinic. She is currently faculty at Mayo Clinic in Rochester, MN and specializes in upper extremity trauma and shoulder/elbow surgery. ",https://files.abstractsonline.com/assocphotos/2656/31abcd9b-2f88-49b9-9f8d-5484a685628a.profile.JPG
1e11893a-7c3a-46c7-9b14-548522834bbb,Ed,Wu,,
1a045b5c-86cd-4e63-a4ed-5486ecb4c120,Adam,Mansour,,
9c2be76e-a8c1-4453-befc-54915d7798af,Ivan,Garcia,,
7f9f7c20-5bb5-4366-9408-54a72c8d0466,Kara,McConaghy,,
438b85cd-3ed3-4e49-be59-54bbc33acd1a,Matthew,Bollier,,
9c2eb5fe-13c4-4e69-80ef-54be9412f112,Luisa,Urrea Díaz,,
23625291-3dae-4f96-b634-54c1f4110e3a,Yousif,Atwan,,
809377cc-e6bd-4ce9-99e5-54d4814f370c,Andrew,Nahr,,
5338b9f8-8860-4318-b246-54e1120f826a,F,ff,,
f7e70e28-09f1-45ea-9c62-54f3af2289f7,Ajai,Sambasivan,,
970665a8-711d-4b0a-aa39-552cf2e8b944,Haley,Puckett,,
6b1f71a2-26d3-4233-9fae-5537eb06ac06,Vahid,Entezari,,https://files.abstractsonline.com/assocphotos/2656/6b1f71a2-26d3-4233-9fae-5537eb06ac06.profile.jpeg
e237e066-c473-4801-9392-553968d6e161,Sergio,Hernández Tostado,,
2d0f6e5b-f193-411d-a9b5-5539847a3a1a,Kzuki,Shimada,,
e823abcc-5614-4cb3-84d1-554e179a759e,Société,Francophone d'arthroscopie,,
7bc0a0a7-edf0-484e-bcb4-5552088b5391,Emilia,Gómez Rueda,,
3bc07ad1-be7c-44c6-91f2-555b01145612,Tae-Hwan,Yoon,,
25509c2e-9d6d-49ff-b0d8-556b981fb78e,Ruchir,Nanavati,,
e3699513-1d99-4695-9aa3-557f760e73f1,Coghlan,Jennifer,,
1b1f22f9-6986-4e05-acf9-558421efe29e,Boris,Hollinger,,
cd118a75-bd5f-4787-9c7c-55938ada6a4d,Brendan,Shi,"I recently completed a shoulder & elbow fellowship at the Rothman Institute in Philadelphia, PA. Prior to this, I completed undergraduate studies at Yale, obtained my medical degree at Johns Hopkins, and underwent orthopaedic residency training at UCLA. I am now returning to UCLA to begin my career as as shoulder & elbow specialist within the department of Orthopaedic Surgery. My research interests include RTSA personalization and optimizing management of periarticular upper extremity trauma. ",https://files.abstractsonline.com/assocphotos/2656/cd118a75-bd5f-4787-9c7c-55938ada6a4d.profile.jpg
e00c68b5-02de-431b-9f32-55a7ed14d32b,Diane,Morton,,
e91bd33a-ceb2-4bf6-9d97-55aec768fe00,Mina,Shenouda,,
ece8d1e3-a123-42af-a102-55afb90d183c,Andres,Sanhueza,,
99e558f0-2506-421a-b84f-55b84d647b4d,Mohit,Gilotra,,
3c06a59f-2e77-494d-a272-55c1bd744cdb,Raul,Barco,"Professional ProfileA dedicated shoulder and elbow surgeon since 2004, he currently serves as Head of the Upper Limb Unit at Hospital Universitario La Paz and Head of the Shoulder and Elbow Unit at Hospital Memoria Publio Cordón in Madrid. He has trained at leading centers across Europe and the United States.Leadership & SocietiesHe is Past President of the Spanish Society of Shoulder and Elbow Surgery (SECHC) and Past Head of the Elbow and Forearm Group of the European Society for Sports Traumatology, Knee Surgery and Arthroscopy (ESSKA).In 2024 he co-founded the Global Elbow Network, organizing its inaugural congress in Miami (2025) and the second edition in Lisbon (2026). He is Co-President of the European Congress of the European Society for Surgery of the Shoulder and the Elbow (SECEC), to be held in Barcelona in September 2026.Education & TeachingDeeply committed to surgical education, he has authored multiple book chapters and textbooks. He is Co-President of two major international courses: the International Advanced Course on Elbow Surgery (IACES) and the Barcelona International Arthroscopic Shoulder Surgery Course (BIASS).Research & InnovationHis research activity spans both basic and clinical science and has been supported by competitive grants, in both shoulder and elbow, and has been awarded the Hawkins Award 2025 from the AAOS. He holds several patents for medical devices and has developed innovative surgical devices.",https://files.abstractsonline.com/assocphotos/2656/3c06a59f-2e77-494d-a272-55c1bd744cdb.profile.jpg
9fa573f4-6bc4-44fb-aec2-55d071f12218,Justin,Wong,,
f78612ed-e0ab-457b-9e72-55d78e8dd987,Anand,Murthi,,https://files.abstractsonline.com/assocphotos/2656/f78612ed-e0ab-457b-9e72-55d78e8dd987.profile.jpeg
92b6b825-bb1a-4ba0-8eb4-55d9ae303849,Filip,Struyf,,
df5dc0ad-fd71-4310-830b-55d9e87f2f66,Study Group,ARCR_Pred,,
198a66b8-0203-4a0f-8ffa-55e27d225691,Dimitra,Leivadiotou,,
5f320900-9aea-420b-9e50-55ec5595fa8d,Mariano,Menendez,,
cfaccc80-5383-494a-8e8b-55fd085959cc,chris,nikolopoulos,,
038fc02b-0b2a-45c8-88a1-56035baa6ab8,Jose,Aroca,,https://files.abstractsonline.com/assocphotos/2656/038fc02b-0b2a-45c8-88a1-56035baa6ab8.profile.heic
5a3619e4-df02-4a59-a523-560a11df65cb,Youssef,Fouad,Third year medical student at the Royal College of Surgeons in Ireland (RCSI). Keen interest in orthopaedic surgery and research. ,
58219f58-2e0c-40da-8619-561fbce0ce5c,Takashi,Inoue,"Dr. Takashi Inoue is an orthopedic surgeon specializing in shoulder surgery and sports medicine at Tokyo Sports & Orthopedic Clinic (TSOC), Japan. TSOC is a leading center for shoulder surgery and sports medicine directed by Dr. Hiroyuki Sugaya, an internationally recognized expert in shoulder disorders.Dr. Inoue’s clinical and research interests include shoulder instability, rotator cuff disorders, and osteochondral lesions in young athletes. He is actively involved in clinical research and has authored peer-reviewed publications in the field of orthopedic sports medicine. He regularly presents his work at national and international scientific meetings.",https://files.abstractsonline.com/assocphotos/2656/58219f58-2e0c-40da-8619-561fbce0ce5c.profile.JPG
ccc9622b-d554-4323-8187-56224bfe60f7,Leonardo,Zanesco,,
27c169ac-f1db-4acc-964d-562965a0c2d6,Vicente ,Vazquez,"Traumatology and Orthopedics surgeon from México, I have a fellowship in Elbow and Shoulder surgery. I´ve been surgeon since 3 years ago. Im doing mi practice in public and private hospital in México ",
e38217df-bfb5-47e1-8976-564df195e509,Robert,Lindeman,,
e393f758-3a13-4335-a252-565dd2354a21,Hirohisa,Uehara,,
56d8c96d-e2c9-4c43-9d20-565ece4eedd2,Kyosun,Hwang,,
18d07e87-292c-4481-a90c-565f57d5dd55,Katsuyuki,Kato,,
78a1d61e-6dbf-459a-a6f6-56786e922039,Evan,Stieler,,
50b4e0e9-97cf-48b5-b654-567aae72c940,Jacob,Triplet,"I was born in Buffalo, N.Y. Earned my doctoral degree from Nova Southeastern University in Fort Lauderdale, Florida. After graduating first in my medical school class, I completed an Orthopedic Surgical Residency at Ohio University in Columbus, Ohio. I then completed a Fellowship in Upper Extremity Reconstruction (Shoulder and Elbow Surgery) at the Mayo Clinic in Rochester, Minnesota. I now work as an Upper Extremity Specialist in the Department of Orthopedic Surgery at Indiana University Health in Indiana. I have experience with research with over 50 peer-reviewed publications with research in prominent journals such as the Journal of the American Academy of Orthopaedic Surgeons (JAAOS) and the Journal of Shoulder and Elbow Surgery (JSES). My research has been presented at several national orthopedic conferences including the American Academy of Orthopaedic Surgeons (AAOS) and the American Shoulder and Elbow Surgeons (ASES) annual meetings. I am very interested in continual education and look forward to moderating instructional course lectures.",
fd9b7728-21f8-424b-8a2b-568ad09c84dd,Madeline,McCaul,,
ddcafb4b-fba0-4020-a1a5-569ff00724f9,Karimdad,Otarodifard,,
041e366a-5b7d-48f0-970f-56a7b16e1d6e,Frank Fan,Huang,,
8ac665eb-e8eb-44c6-9c16-56bc6cc58ad4,Jonathan,Persitz,,
901a68e5-1325-4905-a7c2-56bd9a9c680c,Ryan,Morrall,,
c4a73db7-de61-4b9d-a1ed-56c50373370d,Rick,Wright,,
c13348ab-b62d-46b3-b661-56c9054b80b6,Adam,Khan,,
18e61fcf-a978-499d-a790-570ea2acc7c5,Connor,Sakis,,
122f0cf0-6acf-4fdd-b509-5719cb0b0a29,Jonathan,Marter,,
bac4dc6c-94fd-4b49-8351-572ea8f8d85e,Jianhao,Xie,,
032b9106-85f3-45fb-94ef-57476a211608,Sean,Grey,,
48ff82d6-ffff-4e9a-bcb7-575640d0f4cd,Tomoyuki,Matsuba,,
e0dffd25-fb64-422e-a9cd-575685384fbe,Michael,Rainbow,,
bb5ed6c4-84ce-47c8-93a4-5758094a9587,Anthony,LoGiudice,,
baa35cba-caba-4a8e-b849-576f76a3225e,Sandeep,Mannava,,
0229d9cb-bd9d-4f72-a9b7-577f3e171478,Sarah,Larson,,
73f4b9fe-8270-4f9a-9ae0-578f990726fa,Ben,Campbell,,
60363913-73b7-442e-8bac-57a05c124762,Travis,Kotzur,,
e669520f-6838-4776-9cc4-57aab785ab96,Natalia,Pawlus,,
070e87f1-4953-4f62-9775-57ae0c91bded,Christopher,Klifto,,
e9e72172-c149-447f-8ec1-57b9109de493,Jennifer,Vanderbeck,,
573cfff2-db12-4189-aaed-57c792bf523b,Eric,Black,,
ceca6099-db3e-4a3f-aa3f-57c9807ed640,Adrian,Aranda Gonzalez,,
f5da8c99-c731-4eb6-88d3-57e64a702224,Filip,Cosic,"Conference BioDr Filip Cosic is a fellowship-trained upper limb surgeon, having completed his fellowship at the Institut de la Main et de l'Épaule (Paris Hand and Shoulder Institute).He holds a public position at the Austin Hospital in Melbourne where he has a role as an AOA21 Training Supervisor. He has a PhD in Surgery from Monash University, with research focused on the operative and non-operative management of proximal humerus fractures. He is an Adjunct Senior Research Fellow with the School of Public Health and Preventive Medicine at Monash University and a Chief Investigator with the Victorian Orthopaedic Trauma Outcome Registry.",https://files.abstractsonline.com/assocphotos/2656/f5da8c99-c731-4eb6-88d3-57e64a702224.profile.jpg
309c42e8-d95b-4d4f-aa02-57e844757a52,Connor,Park,,
527c2d20-1686-4369-885a-57e9389d767f,Oğuzhan,Ak,,
0e4eb4fd-6316-4340-a0e4-580994f8857f,Ahmed,Al-Faleh,,
53254009-a811-42b3-ab8d-580d361c41f0,Juan Carlos,Godinez,,
f06c4dcd-4071-4e2f-9c35-5826b7c3180b,Eli,Silva,,
910a2b68-0d2a-4146-9765-5847938736a7,Julie,Lynch,,
5108470e-0d5b-4c52-b331-584838286bd6,Franz,Kralinger,,
60ee0342-71c8-45ac-a9bb-584848c73f66,Emilly,Wu,,
54f5a816-0177-477a-9731-584aae478166,Luis,Barros,,
cf49f90b-c7ef-4fef-9ab1-586018538f7b,Daniel,Chu,,
48aa9b5e-cf15-4145-ac8c-58664631a3a8,Andrea,Möhl,,
7be3d862-0468-4ec1-b3d6-5882fe9d7f4f,Jessica,DeGrasse,,
a4c7c144-55ab-4cf3-a8ed-588490c8e98b,Cameron,Bowers,,
f7cce573-66c7-4f21-a723-58874313e779,Youn Kyu,Lee,,
553abefb-d940-4875-bb88-58a01f62d4c6,Timothy,Guthrie,,
cf877677-1f09-40c6-b7f7-58a72f5fefad,Sean,Ho,,
37b440af-2e0a-416c-8e1e-58a909aa5bfa,Enrico,Guerra,,
ab8e135c-14f8-417e-8311-58b6d62454a6,Ahmad,Altawari,,
fbdee7f7-1a6b-4bcc-b727-58de408a3d6a,Jon-Luc,Poirier,,
ffc6730a-d58e-4132-be09-58e954c130d8,Ibrahim,Ebeid,,
53c32a7e-f142-4525-808e-58eafbdf1eb5,Ariel,De la Rosa Guerrero,"President of the Mexican Society of Shoulder and Elbow Surgeons (2026-2027), Private medical practice in an orthopedics and sports medicine center (CETRAMED), Consulting doctor for the Chivas de Guadalajara soccer team",https://files.abstractsonline.com/assocphotos/2656/53c32a7e-f142-4525-808e-58eafbdf1eb5.profile.JPEG
6412a90f-8bf1-4f00-9392-5907143bff2d,Juan,Manterola,,
b74acce3-56d0-4df0-98cf-590c0bfc051c,Alfred,Cook,,
8d375b90-2f16-48b5-8a94-59149f68bd53,Ashish,Gupta,,
48db2f66-6378-465c-920f-5918af3b9823,Tinghua,Zhang,,
64ecdb37-6802-4a75-960a-5932378fb8bc,Anshuman,Singh,,
b716be7e-67e9-425b-bea6-59375fbb8537,Erin,Lee,I am a CIHR Postdoctoral Fellow at the University of Waterloo. My research investigates how variation in bony morphology alters joint biomechanics and propensity for injury. ,
13dbb3a1-5235-415d-8f62-593b2693dff8,Joseph,Peters,,
a2a57d6a-b9d2-488e-a6a6-593cadaa211b,Lindsey,Droz,"Lindsey G. Droz, DO, MBA, is an orthopaedic surgery resident at Duke University Medical Center. Her academic interests include shoulder and elbow surgery, sports medicine, and clinical outcomes research. She is actively involved in orthopaedic research and education and plans to pursue fellowship training following residency with subsequent U.S. Navy service. ",https://files.abstractsonline.com/assocphotos/2656/a2a57d6a-b9d2-488e-a6a6-593cadaa211b.profile.jpg
2f4029a2-dfd2-4aa5-8452-5947a659a63f,Caroline,Rotilho,,
d5a23567-0e0a-4541-b403-5970321b1dbe,Sacha,Dubois,,
104fc7eb-1192-4153-a0a9-597cc2fa91ca,Port,Joshua,,
67da57a8-4cd0-42b6-877c-59a90aaebda1,Andrew,Stokes,Orthopaedic Surgeon working in Regional New Zealand Centre with interests in Shoulder and Knee Surgery. Current President New Zealand Shoulder and Elbow Society. Senior Lecturer University of Auckland Medical School.,https://files.abstractsonline.com/assocphotos/2656/67da57a8-4cd0-42b6-877c-59a90aaebda1.profile.jpg
fef14ec2-8ae0-4a27-b226-59b0fd51a962,Atsushi,Teramoto,,
7c3bbd83-12cf-488b-8a67-59b6a9b84cdb,Prashanth,Kumar,,
75a3b96c-9327-44da-a0eb-59c918d9b925,Daniel,Santana,,
918c79fe-fe28-4485-8a53-59cf98e561af,Kyoung-Hwan,Koh,,https://files.abstractsonline.com/assocphotos/2656/918c79fe-fe28-4485-8a53-59cf98e561af.profile.jpg
163b8997-575d-43a8-92f1-59f4bcebc4f9,Tsuyoshi,Sukenari,,
3654a0a0-8083-4ca2-9f6b-5a0b7defcf8b,Nithya,Mathew,,
6d9b078b-8c82-4dc2-b627-5a0d68a7f5e2,Sanghyeon,Lee,Orthopedic surgeon,https://files.abstractsonline.com/assocphotos/2656/6d9b078b-8c82-4dc2-b627-5a0d68a7f5e2.profile.png
6fcfc125-e169-49b5-ba65-5a102dbfe1d9,Keegan,Hones,,
a073a57c-ba6f-4c2a-b49a-5a4cab99d185,Ryan,Hoffman,,
d2e2de32-711c-4b66-9f34-5a501fc7ab8e,Jonathan,Minto,,
c882518d-a883-4315-aea8-5a60d98f95b8,Toby,Baring,,
8a606698-2961-441d-b596-5a62bc06df3a,Yousef,Alsalem,,
6ad7e777-c08d-462b-8f98-5a6af5858ee7,Olivia,Blaber,,
6ce2531f-6c92-4bae-9911-5a737ae9a3db,Victor,CHEN,,
dbbc6f5b-ef1e-4b55-b23e-5a774615def3,Christopher,Hart,,
984ea1b0-7a51-4c49-8119-5a86f14e1575,Maud ,Reynier,"Maud Reynier is a Clinical Research Manager with over 13 years of experience in clinical research, including 10 years in the medical device industry. She holds a Doctorate in Pharmacy and a Master’s degree in Clinical Research. She specializes in the design and management of clinical studies, with a focus on orthopedic devices, particularly shoulder arthroplasty. Her expertise includes regulatory strategies, real-world evidence generation, and international multicenter study coordination. She is dedicated to advancing safe and effective medical technologies through robust clinical evidence.",https://files.abstractsonline.com/assocphotos/2656/984ea1b0-7a51-4c49-8119-5a86f14e1575.profile.png
572bdaad-edc4-4855-abda-5a95472dfad4,James,Padley,,
5898606f-73eb-48a0-9681-5aa36cdaf9d4,Shanthan,Pather,"Dr. Sha Pather is a Chartered Professional Engineer (CPEng, RPEQ) with a PhD in Medical Device Design and over a decade of experience in the field. He has led engineering teams in the development and regulatory approval of a diverse range of products, including medical implants, instrumentation, software, and AI-driven solutions.",
dff0e57a-1db9-46d1-b1b9-5ab349bec36a,Parham,Daneshvar,"Dr. Parham Daneshvar is an orthopaedic surgeon specializing in hand and upper extremity surgery. He has a full time practice at Kingston Health Science Centre and is an Associate Professor at Queen’s University, Department of Surgery.Dr. Daneshvar completed his medical degree and orthopaedic surgery residency at the University of Ottawa in 2007 and 2012 respectively. This was followed with a one year fellowship in hand and upper extremity at the Roth/McFarlane Hand and Upper Limb Centre in London, Ontario. Following his fellowship, he worked as a staff hand and upper extremity surgeon at St. Paul’s Hospital, Vancouver, British Columbia for nearly seven years prior to becoming staff at Queen's University.",https://files.abstractsonline.com/assocphotos/2656/dff0e57a-1db9-46d1-b1b9-5ab349bec36a.profile.jpeg
8a967a1f-22c5-417a-ba76-5abbaca6d16e,Berna,Bolat,,
d1448a95-8c80-4097-998d-5ac11c1d1e81,Ben,Wesorick,,
79f38b6f-f692-4ece-ace8-5ac7cd6cb179,Ignacia,Nazer,,
bea5f821-73b1-4c54-a732-5acc13c877e9,Anna,Bozzone,,
3c8a43dc-aacc-46b0-b45a-5acf79d145fb,Nathan,Graden,,
f5df3ac1-cfec-4ae5-944b-5ad951572db4,Omri,Lubovsky,,
4fc103c3-cd4d-41e1-aa64-5ade34de85d3,Michell,Ruiz-Suarez,"Born and raised in Mexico City. I am a fellowship-trained orthopedic surgeon specializing in Sports Medicine and Shoulder, Elbow, and Knee Surgery. I earned his medical degree from the National Autonomous University of Mexico (UNAM) and completed my Orthopedic Surgery residency at the National Institute of Rehabilitation (INR). Subsequently completed advanced fellowship training in Arthroscopy, Shoulder & Elbow Surgery, and Sports Medicine, including an international fellowship at the Plano Orthopedic & Sports Medicine Center in Dallas, Texas. He was also selected as a Traveling Fellow of the Arthroscopy Association of North America (AANA).I have previously served on the faculty of the Shoulder and Elbow Surgery Department and later the Shoulder and Elbow Clinic within the Trauma Department at the National Institute of Rehabilitation, where I specialized in the treatment of complex shoulder and elbow disorders and the education of orthopedic residents.I currently serve as faculty for the UNAM-affiliated Fellowship in Sports Medicine and Arthroscopy at Hospital Ángeles Metropolitano. I am also a consultant for professional sports teams, providing specialized care in shoulder, elbow, and knee surgery for elite athletes.I am Past President of the Mexican Society of Shoulder and Elbow Surgeons. Current member on the editorial boards of several international peer-reviewed orthopedic journals and is a consultant and faculty speaker for leading multinational medical technology companies. My academic and clinical interests include sports injuries, arthroscopic surgery, complex shoulder reconstruction, biologic augmentation, and innovation in orthopedic education.In addition to my surgical career, I am currently pursuing advanced training in existential psychotherapy and coaching, with a particular interest in integrating phenomenological and existential principles into patient care, physician well-being, and medical education.",https://files.abstractsonline.com/assocphotos/2656/4fc103c3-cd4d-41e1-aa64-5ade34de85d3.profile.JPG
ce7b463f-7f7f-4b56-a9f1-5ae9f150cedd,Iryna,Ivasyk,,
2c4f17cc-fc70-4638-aee9-5af77152427c,Brittany,DeClouette,,
25f03b6c-f4bf-496d-bcb2-5b0446ccb7ee,Elsa ,Diaw,,
465cb0f1-1b50-4f03-8d2b-5b11ba435d6a,Eduardo,Bervian Jr,,
e3fc28e6-9e96-4530-83d0-5b1b537754c9,Christian,Schenk,,
ebac38ac-1be9-4454-9663-5b24ac30ce04,Joseph,Blommer,,
9ba4966e-0fbf-4c68-bf0c-5b3c65cd31d3,Sheng Chen,Han,,
c3f26c54-82f9-46fc-a727-5b488853db47,Jennifer,Kurowicki,,
fd7488cf-485e-4681-82eb-5b6c41e7e7f3,Lewis,Shi,,
83d012ce-da79-4409-90fc-5b879aecd622,Diego,Alvarez,,
b21b1f2d-fc6b-4df3-ae5a-5bcb1c02649f,Carlos,Murillo,,
55c511b7-a2ae-47e5-a516-5be284ba8ffa,massimiliano,mangone,,
e5bc35a6-0062-488e-b5f8-5bf6c1faf2d3,Joseph,Cavanagh,,
b281458b-eb7d-40cd-bc35-5c07c79beb05,Payton,Yerke Hansen,,
3ef049cd-5156-4305-af93-5c16abc5bcba,Siyi,Guo,,
be92c666-72e6-445e-821d-5c1943599afb,Martin,Bouliane,"Assistant Professor University of Alberta, Edmonton, Alberta. Shoulder Lead for Edmonton Zone. Dr. Bouliane specializes in all aspects of shoulder surgery including complex reconstruction, arthroplasty, arthroscopy, and traumatic conditions. ",https://files.abstractsonline.com/assocphotos/2656/be92c666-72e6-445e-821d-5c1943599afb.profile.png
80548672-743a-42b6-b1ac-5c1c17997895,Imad,Ashkar,,
7e057db7-4728-4b48-836c-5c357cd58aba,Eddie,Garcia,,
b1a726c2-abe9-4e28-bb0f-5c380735d8de,Miguel,Lizarraga,,
a699447a-b49b-4d3f-8385-5c40cc97960d,Zachary,Ralston,,
43a78652-a63c-460f-aea0-5c4353084dca,José,Torrealba,,
8d512023-aec0-40e9-96a3-5c47810e7bdb,Srinath,Kamineni,,
fde041f3-81e2-4b45-8d9b-5c49e5672ebb,Brenda,Espinoza,,
ff138e19-4c16-425c-b7bf-5c77584c98d8,Mark,Schickendantz,,
26c49423-1cd7-4100-b951-5c836ca2d667,Clayton,Garrison,,
534cee8d-411f-4787-8c0f-5c8c4f35e320,Brendan,Sheehan,,
48d59a18-2c6a-4441-a810-5c8e19a8c9c9,Jane,Terry,,
9b1b9e19-33cf-4dc4-b261-5c96321b66d3,Sabri,Dlimi,,
49d52d56-00c2-428b-84ab-5c97723464cb,Eve,Glenn,,
2eb3814b-e2a6-4405-a945-5c9dfd4552e9,Noboru,Matsumura,,
1dc34023-9f59-480a-acc4-5ceee8026391,Annelien,De Mesel,,
c7cb9828-3882-4518-b73e-5d0d876d856f,Ahmet Durcan,Yavuz,,
f194efa5-6de8-4613-91c2-5d0da57b73d4,Katy,Boland,,
1f3cff9b-575a-43c9-b8e5-5d0f2ea54402,Zihui,Ling,,
d2c6809d-8a6f-4b1d-b2b4-5d103294b5a7,Anna-Marie,Merkenschlager,,
170114e5-5511-423d-b475-5d1d67fef5bd,Gabriel,Garrido,,
6b0c86ed-d22c-4182-8f69-5d33922a48cc,Ameet,ameet.aiyangar@empa.ch,,
8a1782f9-f1ac-40d0-a82e-5d4155ce0ff0,Hui,Zhang,,
1390674f-3c18-4628-9e35-5d46b4b2f0f4,Li,Cao,,
7ebcc033-33d3-4aa9-9e26-5d52b9884e2c,Takako,Kanatani,,
ba21b7fa-5b57-49f5-8db1-5d5487a4939f,Lara,Kimmel,,
7e866588-fa30-4639-b348-5d58497cc041,ROBERT,MOVERLEY,,
b7f9d931-b4c0-4f62-9bef-5d58765a4979,Rachael,McMillan,,
a3c2cf9f-0c31-4ce4-a55b-5d5e1b75c8ef,Toru,Morihara,,
f2494375-5452-4030-a353-5d5e634694f0,Diego,Fritis,,
1dd992c0-e53a-437a-8722-5d98d1234c40,Jacob,Bershatski,,
8048799d-316c-4561-9e1a-5da5d7c46ab0,J. Whitcomb,Pollock,,
62e2fa53-ed7d-488d-84b5-5dcc6325d7c3,Daniela,Gutiérrez Zúñiga,Orthopedic surgeon. Fellowship trained shoulder and elbow surgeon at the Fundación Jiménez Díaz - Madrid. Attending shoulder and elbow surgeon at Clínica del Country in Bogotá Colombia.   Actively involved in clinical research and surgical education.,https://files.abstractsonline.com/assocphotos/2656/62e2fa53-ed7d-488d-84b5-5dcc6325d7c3.profile.jpg
59e0e965-702b-4028-b1f7-5dcfc4d2b3a7,Michael,Piscitello,,
cf86d14d-9af8-45b1-a319-5dd7788b0b25,Marco,Schneider,,
0ccbb184-df9f-4e1a-ad1b-5ddb38a29246,shannon,Ortiz,,
5b2f899d-2fc1-4175-9c49-5df5c3fbcd1e,Oscar,Rivero Rapalino,,
6790dd17-d08f-4bd8-9790-5e10bebc8827,dorian,klein,,
e0646923-6648-472d-8829-5e12327899a2,Ryan,Shields,,
18a76020-c098-4360-83aa-5e23187edbed,Shariq,Zaman,,
5e022d01-2dfd-4cbe-8a0b-5e3bef4f0ecc,Akram,Hagos,,
d266ac22-166b-4d35-a236-5e9a13ccd1e1,Minsu,Zoo,,
3f9c8bb1-f7ad-468f-89dc-5ea023c390c0,Alvin,DENG,,
cd600cfd-3cf5-4413-ace4-5eb3551fcd06,Aguirre,Roberto,,
9bf16733-4424-4522-809b-5ebbc76aba23,Cooper,Moody,,
6a103ebf-e548-47c2-8315-5ed0974c0e0e,Helen,Casey,,
cc0b7860-f92a-47d7-b70d-5edae383b2c9,Jessica,Dziuba Waters,,
823880ce-b4e5-4a6f-9f8e-5ee9f770a76b,Lina,Abbakr,,
e13fbf33-666c-4144-ac3f-5eea2371941d,Rainer,Mittermayr,,
a76a6353-d574-4304-9f90-5ef8a3a94654,Simrat,Tiwana,,
cb948935-d371-4f49-8910-5f1c66a3be22,Jeff,Bischoff,,
c3211f25-45f0-46e7-bccb-5f4270d56dec,Nicholas,Banfield,,
adc32467-9c39-459f-ab25-5f69333d8f21,Victoria,Bindi,,
df413ee9-25bd-4e6f-9f53-5f69a1e753b1,Sabri Kerem,Diril,,
b515a454-4d2e-49a1-a026-5f7e82cbf718,Zeyu,Wang,,
6f1a4f77-e45b-4ae2-96f5-5f9617e609af,Dennis,DeBernardis,,
2b82b27f-8e48-455a-9b88-5faf817b5476,Roy,Sanders,,
ea5b0524-7c97-49f4-8a57-5fb595227a9e,Aleksandra,Budarick,,
ea8ccd17-6875-40c2-b0fb-5fc7835b8ab0,Kazuki,Sato,,
498d8eaf-f806-4078-8078-5fddfd4d1bc9,Natalia,Martinez-Catalan,,
880f00a8-1b3f-4134-82e6-5ff4cf7ce7b8,Nicolas,Rojas,,
adf55290-6fc6-4b8c-acb9-6015bb4ec185,Michael,Abdou,,
7c19855f-4ab1-4a9f-80e8-601db1146c24,Tomohiro,Iuchi,,
332ddbaa-74a7-4384-996f-602293786020,Jacob,Hjelmborg,,
5e4078b5-11c4-47ad-a3c4-60240ad71f1d,Kaveh,Sajadi,,
dd506475-23a5-4f35-bca5-602663c5b5f9,Lars,Frich,"Lars Henrik Frich is a certified shoulder and elbow surgeon with 30 years of experience in shoulder and rotator cuff reconstruction. He leads a research group on shoulder reconstruction, established 10 years ago. He collaborates with strong biomedical teams, significantly enhancing his academic profile, and several important papers on rotator cuff regeneration and muscle recovery have been published or are currently in preparation",https://files.abstractsonline.com/assocphotos/2656/dd506475-23a5-4f35-bca5-602663c5b5f9.profile.jpg
8ef58ceb-b6c6-4bb7-9134-603a111cf8ef,Miles,Farlow,,
2c28febc-8c30-44e8-93ca-6051c9e7595b,Eleanor,Pace,,
c07ed862-e13b-4845-8482-60596bf5806a,James,Ross,,
d53c7dc4-c633-4ced-9855-605da2fc472b,Tyler,Uppstrom,,
be7af8f4-4016-4223-bcd2-605ef2424719,Maria,Kammire,,
428ec6f5-7b79-4a1b-8cec-606a0aef2d85,Michael,Amini,,https://files.abstractsonline.com/assocphotos/2656/428ec6f5-7b79-4a1b-8cec-606a0aef2d85.profile.jpg
94ddb260-fabf-43af-9cbd-60724eb5aa15,Vander,Gava,,
7cf9ddd8-1d75-494c-80d6-60795b42d3ac,Ruja,Kambli,,
d8ce918c-c949-4655-8f00-608191ce9bae,Connor,Sholtis,,
90e05e8f-88d9-4a07-9b5b-6086b53d0a1b,Jacob,Calpey,,
e514eb36-691b-488e-9dcc-60a2c3b1b3cf,Keegan,McKellar,,
63a23c1e-47e9-42cd-8b9f-60b1a935e9ee,Brenton,Jennewine,,
571a485c-7cae-4bfc-b774-60b7020d0162,Bridgette,Heschel,,
968a4e27-e539-4a2f-9f66-60dc3c0e2a87,Abdelkader,Shekhibihi,,
965f9a8e-ea42-4ec5-b070-60f87ffabb2e,Valrik,Dausch,,
a1245a8e-a679-4baf-997c-60fc382e6216,Morihito,Tokai,,
28219daa-9199-4510-aad6-611053be42f4,Aadi,Sharma,,
ddbc12cc-b1d9-4844-adc9-611a7353d984,Declan,Diestel,,
df976166-aad8-4f42-ace3-611bda12b0bf,Maneesha,Palakurthi,,
8b4ab0d6-b5f6-4c86-8b4e-6128de1a2d65,Hector ,Marmille,"Dr. Hector Marmille is an orthopedic surgeon specialized in shoulder and elbow surgery, with over ten years of experience in arthroscopic and reconstructive procedures. He completed his training at Santa Casa de Misericórdia de São Paulo, Brazil, and is actively involved in clinical practice, research, and scientific writing in orthopedic surgery.",
63954dd5-bdd2-44f7-9452-61452b7617f5,Cristina,Garcia,,
4d9f5f81-6614-4ce0-a29b-6154dae9738f,Robert,Spinner,,
b69d7c39-66c3-469d-832c-615836b091ac,Jamie,Lynch,,
4f8b351a-24e8-4ec7-b9f9-616ff17d4411,Trong,Nguyen,,
3caffd73-77c6-4ffa-bb33-61754a0f8f38,Matthew,DiPaola,Dr. Matthew DiPaola is Clinical Associate Professor of Orthopedics and Sports Medicine at University at Buffalo.  He is a full member of the American Shoulder and Elbow Surgeons (ASES).  He is past chair of the ASES Technology Committee and current co chair of the Patient Centered Initiatives Committee.  He has received the Charles Neer award from the ASES for excellence in basic science research and has active research focused on periprosthetic shoulder infection and physical therapy treatments of shoulder arthritis.  He teaches residents at the University at Buffalo Department of Orthopedics and is Co-Director of the Arthroscopy Lab at the Jacobs School of Medicine. ,https://files.abstractsonline.com/assocphotos/2656/3caffd73-77c6-4ffa-bb33-61754a0f8f38.profile.jpg
2865831a-2a5b-4a6e-b806-617b0f4cd515,Xinran,Yu,,
ddb9521c-4654-46ba-b53f-619793826f0b,Madeline,Wethington,"Madeline Wethington is a second-year medical student at the University of Minnesota Medical School. Her work focuses on shoulder and elbow care, medical education, virtual reality simulation, and 3D visualization technologies for surgical and procedural training. She is actively involved in orthopedic research and serves as the Ruth Jackson Orthopaedic Society Representative for the University of Minnesota Orthopaedic Surgery Interest Group. Prior to medical school, she earned bachelor's and master's degrees from the University of Minnesota while competing as a Division I ice hockey player.",https://files.abstractsonline.com/assocphotos/2656/ddb9521c-4654-46ba-b53f-619793826f0b.profile.png
549d5ee4-8e0f-487f-a18d-6199d27d7238,Naif,AlHamam,,
fa77da7f-13a2-4e56-bbc3-619e518788da,Nayanne,de Lima Malta,,
3f8ea8f6-884c-4689-8d22-61a1d4310566,Min,Kim,,
b0e858f3-1fb8-47ca-b20e-61cc52d94b85,Jernigan,Austin,,
353c7b94-101a-48d3-9a63-61d78b674bfb,Aonnicha,Burapachaisri,,
39409c3a-b55b-4c6d-ba35-61d88faf4826,Jonathan,Wright,,
7c50c3e2-871c-4259-9a22-61e46a269bd9,Farhad,Moola,,
3257749b-a558-4c94-94fe-61f325bb397d,Seung Min,Ryu,,
84c23df8-3a0a-4db6-aae1-62162c5c2882,Benjamin,Cass,,
6c5328f5-e75e-4be0-b8bd-622329b48be1,Libby,Mauter,,
6b45739b-0055-4e28-8cbe-6233dd23b40a,Rakshit,J,,
30662e2b-2bd5-4ce7-a457-623bf3ede696,Ryan,Rauck,,
bd855a75-d7c5-47d8-8f95-624328aaf017,Maximilian,Gressl,,
7d52d1b2-d1e8-4039-986e-6248b06e4273,Serdar Kamil,Cepni,,
7fcf19fa-6f6d-4a0c-bbb5-624f5aaa6857,Alain,Toledano,,
40be7899-0670-4592-805a-624fdf5afbc6,Leon,Liu,,
541b2cee-0cc7-423f-a036-62576502d7f5,Sophia,Corfield,,
c19c983e-9e8b-45b1-afd3-625a5f6f4540,Jonathan,Dickens,,
174fba0c-a720-48a0-b21a-625b301ba74c,Sean,Nguyen,,
ea1d2039-1171-47de-bcc7-626210114451,Hayden,Parsons,,
f4a65d4b-794f-4994-95ff-626bcd1a101c,Kyle,Snethen,,
c5f4b30c-e1be-4af1-8ac9-62877d7bbbfd,Joana,Barreto,,
e53b0cae-c003-4d07-bb1b-62ed7ca5081c,Justin,Wong,,
6e60206f-d8e8-4841-b9c0-630eb8dd0b7c,Henry,Colaco,,
ceb291dc-36cc-43d7-b4cd-6320aea41a26,Kaleb,Patterson,,
7d9761ab-2b9e-4cfc-b985-6324aed53281,Nicholas,Bostrom,,
ee2e186a-8a64-42cb-8ddf-6332200ba0ba,Jeremy,Somerson,,
9d0b9cf0-662b-4686-b13f-63416f2894c3,Lina,Acosta Pradilla,,
cf196834-0a3e-4ce8-96f0-6348c8330ba7,Mahdi,Mazeh,,
644791de-2794-4ee2-b3e1-6369177e0d45,Momin,Ahmed,,
a093807e-b322-4740-9ae9-637f99f108f9,Renan,Rosa,,
4f5a146c-6a1c-4fbf-8402-639006e26bf7,andrew,dekker,,
10fee385-ea51-4ed9-aec1-63a31713204f,Fernanda,Leon,,
4b86aa53-c00a-473b-8925-63a36204057e,Cherilyn,Camichel,,
b013db07-d110-4d91-b955-63b6c8c5bce5,Chimdindu,Obinero,,
fe59528b-7448-437f-91c7-63bc31e0d54c,David,Lee,,
509923a4-ab3b-4397-ad37-63ef25ed08d2,Jin woong,Yi,,
35a59e8c-ae3f-4562-aed7-63f0b2bfe54e,Sang-Pil,So,,https://files.abstractsonline.com/assocphotos/2656/35a59e8c-ae3f-4562-aed7-63f0b2bfe54e.profile.jpeg
e44e6869-8ede-4918-92a5-63f5e8609489,Lyndall,Noah,,
36872020-3e4a-4a67-b43d-63f677e8734b,Lauren,Grobaty,"Dr. Lauren Grobaty is a chief orthopaedic surgery resident at Cleveland Clinic in Cleveland, Ohio. She recently matched at the Rothman Orthopaedic Institute, where she will begin a Shoulder & Elbow Fellowship in 2027. She graduated from Harvard University in 2018 with a Bachelor of Arts in Cognitive Neuroscience & Evolutionary Psychology and a minor in History of Art & Architecture. She earned her medical degree from Case Western Reserve University School of Medicine, where she was actively involved in shoulder & elbow research and medical student education. Originally from Orange County, California, Dr. Grobaty is also a former competitive dancer and continues to enjoy dance recreationally.",https://files.abstractsonline.com/assocphotos/2656/36872020-3e4a-4a67-b43d-63f677e8734b.profile.jpg
2d157324-a45b-4d07-823b-63fc62f929a1,Radhakant,Pandey,,
4ceacb7a-b839-46f4-93f5-640ed45e5f65,Foad,Mohamed,,
e29270d2-2735-40bc-8741-6412e4173ffc,Joanna,Craven,,
d79f41d5-8fce-49ff-abb8-6426b4b6e0fe,Patrick,Massey,,
93abe98d-58d6-45e8-a9d3-642e9e386a6d,Michael,Lee,,
d2e8f077-470c-4e2a-91a0-64306df369c6,Matthew,Guareschi,,
a5e1426f-3ee8-4a59-8673-6431f6f36ef7,Tejas,Yarashi,,
d0a8f7ac-923f-47ab-b23f-643bcd7435d1,Shoaib,Javaid,,https://files.abstractsonline.com/assocphotos/2656/d0a8f7ac-923f-47ab-b23f-643bcd7435d1.profile.jpg
9d03475f-dad2-4709-9ffb-6470b01534ea,Gerardo,Lecaros,,
6ff32eb3-7bc7-4df4-a1f4-648e1496382a,Furkan,ARAL,"I am a final-year Orthopedics and Traumatology resident at Gazi University Hospital in Ankara, Türkiye. My clinical and research focus is shoulder surgery, and I have authored more than ten publications on shoulder surgery over the past two years. I also participated in ICSES 2023 held in Rome.",
03fe0616-40e7-49db-8818-64b9172bc10c,Sadaaki,Tsutsui,,https://files.abstractsonline.com/assocphotos/2656/03fe0616-40e7-49db-8818-64b9172bc10c.profile.jpg
52d98e6f-7766-4b4e-aada-64be05bdf936,Huayamave,Victor,,
43726800-a0d3-4e90-be1b-64cd28aa2ac3,Jonathan,Vogel,,
0f6cf96c-43fc-40c1-98e5-64e3efcdb72d,Mohamed,Abdrabou,,
2e3083c8-8987-4236-b06f-64e8f02a9e96,Saroop,Nandra,,
84744bb4-5857-49ee-8576-64e969b7f864,Regan,Arnold,,
6114193d-903b-4217-bcf6-64f2ae0a035b,Martinus,Megalla,,
8c30cc54-1b5b-4c29-97d2-64f4e9d6ea89,Johanna,Mackenzie,,
8bff8153-7be6-4ada-b876-650379fdc37e,Toshiaki,Hirose,,
58a12cce-849e-4e59-896a-651a466743df,Jong Min,Lee,,
ee0aad29-708f-490c-9eb3-652cdb54f1be,Enrique,Larraín,,
06cd37a6-f159-4823-801f-65349db56db1,H. Mike,Kim,,
e19fb6c2-5d50-40d2-8a3a-653ac96dfbba,Kiyotaka,Iwasaki,,
9273db57-6392-470c-8a9e-654b4f992a02,Klaus,Burkhart,,
02900ea9-5fce-49ab-af8e-6561f9435430,Matthew,Ramsey,"Dr. Ramsey began his career as a faculty member at the University of Pennsylvania where he was an Associate Professor of Orthopaedic Surgery and the Chief of the Shoulder and Elbow Service.  In 2007, he joined the world-renowned Rothman Orthopaedic Institute.  He has held several leadership positions at Rothman including being a member of the Board of Directors, Chief of the Shoulder and Elbow Service and Vice Chairman of the Department of Orthopaedic Surgery.  Dr. Ramsey is a Professor of Orthopaedic Surgery at the Sidney Kimmel Medical College at Thomas Jefferson University.  He is currently on the Board of Directors at Physicians Care Surgical Hospital.Dr. Ramsey specializes in reconstructive surgery of the shoulder and elbow. He is committed to a holistic approach to patient care.  The only way to treat a patient effectively is to understand the unique circumstances that prompt them to seek medical care.   In addition to his clinical interests, he is particularly passionate about the preservation of private practice and physician leadership in healthcare.  In recent years, Dr. Ramsey has focused on broader issues in healthcare.  He began a podcast entitled “43cc-The truth about healthcare with a shot to dull the pain”.  The podcast explores the current state of healthcare in the hope of raising awareness of the of the challenges we face and determining solutions to the myriad issues that threaten our ability to deliver exceptional care to our patients.",https://files.abstractsonline.com/assocphotos/2656/02900ea9-5fce-49ab-af8e-6561f9435430.profile.jpg
4e87d30b-ffd2-4b82-9bb2-6562d79590e6,Mathieu,FERRAND,"Shoulder and Elbow Surgeon - Rennes - FrancePast fellow of Paris Hospital, FrancePast Fellow of Capetown Shoulder Institute, South Africa",
d0b53f20-4149-41f4-905f-658322288b6e,Pu,Yang,,
fbea997d-89b7-4cbf-9ac2-659bab17c0a0,Mina,Enterassi,,
4a30c0b9-9faf-4192-92f5-659f3d53cfc4,Miguel,Ramirez,,
87ae334a-2fd3-4216-9930-65a2503f7bcb,Sarah,Jenkins,,
980497ff-9cdb-4b3c-94fe-65b3c7b16b6b,Michael,Freehill,,
ad42faa4-a472-4710-bfe1-65ce4cf5128d,Manuel,Fuentes,,
632817cd-0d17-443f-a134-65dd65dbeeb0,Maryama,Dufrenot,,
30e4999e-a1cc-4ffc-a7d9-65fa6c8163f4,Lucas,Mena,,
73873c6f-e1e6-4db7-be9c-66381c9f022d,Yota,Kin,,
fbc9ecb2-0d5e-4b38-b999-665b3e892c25,Jia,Guo,,https://files.abstractsonline.com/assocphotos/2656/fbc9ecb2-0d5e-4b38-b999-665b3e892c25.profile.jpg
20ae8fef-d88f-4502-b03e-66638d3b2b3a,Moreica,Pabbruwe,,
09102cfe-3f31-4d99-a0d3-667b73a609c2,Kai-Axel,Witt,,
021a579a-dc95-4c16-b35a-667d9aa841b6,Alex,Malone,Shoulder Surgeon with a research interest in ACJ injury,
7c7f9a6b-1c7a-4259-8892-668367df23a8,Victoria,Conn,,
2db413da-0763-4c37-9ffd-66a7c2b1c0ea,Kota,Watanabe,,
951a8e46-39c8-482b-8bf1-66a989e162de,Domenico,Rodà,,
408bf2b8-8a2e-4ee1-9641-66aeb717b540,Paul,Bassett,,
45afce7b-f379-4c30-b815-66b6bcbd8f9f,Takayuki,Muraki,,
3ab7278e-25bb-42f9-9e30-66b74209cb9b,Connor,Wright,,
9badb336-9496-4564-bbd6-66bba4652502,Carolyn,Hettrich,,
53cfd2b6-273e-4db8-9780-66bbc91781c7,Michael,Gaudiani,,
ea298fb3-7e7a-4971-a759-66c7d3c08fc8,Evan,Lederman,"Evan S Lederman, MD is the Chief of Sports Medicine for Banner Health and Clinical Professor of Orthopedic Surgery at the University of Arizona College of Medicine-Phoenix (UACOMP).  He is the program director UACOMP Orthopedic Sports Medicine Fellowship and faculty of the Orthopedic Residency.  Dr Lederman is the Head Team Physician for the Phoenix Suns and Arizona based physician for the Milwaukee Brewers.  ",https://files.abstractsonline.com/assocphotos/2656/ea298fb3-7e7a-4971-a759-66c7d3c08fc8.profile.jpg
ac3e4d22-0f30-4af7-a326-66cee93d32f4,Alper Sukru,Kendirci,,
d5978a16-0fec-4f59-b82a-66d2902bd2d8,Jacob,Becerra,,
3678bfc8-e453-4dcd-9864-66ddf52a651f,Tristan,Shuker,,
8fedd712-4efa-4f38-9be8-66f0cc305b32,Reza,Omid,,
9ff2ed24-83e1-4771-a638-6713721b3c8e,Alyssa,Peterson,,
642db650-dd0d-492b-848a-67464acfbcfb,Şeyma,Özcan,,
fa2d489f-2ce8-48a6-9750-674826e3a1a9,Blum,Carlos,,
2c65ba53-5853-439e-a4a1-674a19855b39,Klaus,Burkhart,,
a0b0d6fb-f354-4f6a-a22d-674f54391e48,Peter,Chmiel,,
21c713a1-5a1e-45b2-a417-6750f06e4abd,Farhad,Al Marzook,,
9056f60b-ea92-4341-9dea-675d75b8193e,Sierra,Casper,,
c6e76b59-6b42-4a5b-b7cc-676201d3dc79,Sigbjørn,Dimmen,,
2ad3aa0c-10f0-43d1-80fc-676ba54b167d,Abby,McInturf,,
a35f167c-3067-4484-91e9-6771b8946a5d,Maya,Sinha,,
a4ed3b63-8394-4f75-a7bf-677cf9a3b40d,Frederick,du Toit,,
77ae02a6-f461-4fbd-a8a7-67cdde4aab6a,Bryan,Leek,,
965ad73c-9ca0-43e7-beca-67d0e1a3232c,Hannah,Gibbs,,
26a2b34e-3a75-43ca-ad37-67e84555ea6c,Andrzej,Borowski,,
cddc0479-110c-4014-bf7d-67e8a26677fc,Christopher,O'Driscoll,,
9e93384e-2c01-435a-bb92-67eba3755494,Macleay,Frost-Innes,,
44dd8d61-6827-4a48-a5f0-67f2426d1166,Aaron,Therien,,
5074d4be-3c13-4e70-9df6-67fb891e0bcc,richard,doxey,,
6b0009be-0c38-4502-82d7-6808942ff6da,Wissam,El Kazzi,,
2db45b4c-7449-4bda-95e3-680d03764c4a,Corey,Schiffman,,
158016b4-ea73-4829-8592-681320076e1b,Eduardo,Barreto,,
8f0f4b7a-7d2d-4eef-ae6b-68295f66719c,Artem,Klimov,,
87e7e54f-8e8b-4036-b947-6834c7b50136,Jung Gon,Kim,,
721f10c1-5464-4856-83b0-68405ae9f325,Kemble,Wang,"Kemble Wang is a pediatric and adult upper extremity surgeon based in Melbourne, Australia. He works at the Royal Children's Hospital and Box Hill Hospital. He has particular subspecialty interest in pediatric elbow and shoulder reconstruction for congenital and post-traumatic sequelae",https://files.abstractsonline.com/assocphotos/2656/721f10c1-5464-4856-83b0-68405ae9f325.profile.jpg
ce24bb98-25f4-4915-a872-685bfcbd601e,Jordan,Banker,,
5eac4ed3-55a1-4a40-ad21-685f1951fb37,Randall,Rainwater,,
ac0b894d-1a9f-410b-b8a0-6862f0442f3b,Thomas,Wittmann,,
1a3b6840-5b44-453c-9d6c-688b269eeb05,Mika,Paavola,,
5ca40ee8-a256-4368-bd7f-688bbf5f2023,Jon,Warner,"Dr. Warner completed his medical degree and surgical residency at the University of Rochester School of Medicine NY (1982), followed by the Harvard Combined Orthopedic Residency (1984-1987). He subsequently completed multiple research and clinical fellowships in Shoulder and Sports Medicine in Europe (Bern, Switzerland, Paris, France, Linkoping, Sweden-1988) and New York City (Hospital for Special Surgery-1989-1990). From 1990-1998  the University of Pittsburgh Medical Center, Dr. Warner was Associate Professor of Orthopedics at the University of Pittsburgh Medical Center and Director of  the Shoulder Biomechanics Laboratory. He was also the Chief of the Shoulder Service as well as Associate Director of the Sports Medicine. Since coming to Harvard in 1998, he created the Shoulder Biomechanics Group and founded the Boston Shoulder Institute, New England Shoulder and Elbow Society and the Codman Shoulder Society. He is a graduate of Harvard Business School (Executive Program). The focus of his work has been in the areas of Value-Based Healthcare, cost analysis, and clinical outcome studies. This includes ongoing collaboration with colleagues at Harvard Business School. He is also a successful innovator and entrepreneur with successful ventures  in both digital healthcare innovations and hardware product development including implants for for sports medicine, arthroscopy, and arthroplasty. Dr. Warner is Currently Professor of Orthopedics at Harvard Medical School, Founder and Emeritus Chief of The MGH Shoulder Service, and Emeritus Vice-Chair for Quality and Safety for MGH Orthopedics. He is also the founder of the MGH Shoulder Fellowship. He is also Past-President of the American Shoulder and Elbow Surgeons Organization and President of the San Diego Shoulder Institute, the longest running professional education program in the world for shoulder surgery.",https://files.abstractsonline.com/assocphotos/2656/5ca40ee8-a256-4368-bd7f-688bbf5f2023.profile.jpg
dfa4c716-feb6-440e-87dc-6895b2cb8db8,Cyan,Patterson,,
f34d83eb-8e8f-4a22-99ce-68aa5bbb48c2,Chu Long,Yuan,,
169af407-a70e-4872-9d78-68f4e215ae62,Charles,Su,,
ffbef9d6-4972-4df1-abfa-68fab3c672dd,Alexa,Arvidson,,
9f77420b-ad7b-4f20-b88a-6909d20c5540,Ali,Zafar-Khan,,
dedc3def-c426-41a2-820a-690b0ddfff7f,Joseph,Iannotti,,
4f836c3b-4295-4028-93fc-696d185adada,Christopher,Chuinard,"Dr. Chuinard is board certified by the American Board of Orthopedic Surgery, specializing in shoulder and elbow surgery, and has a Certificate of Added Qualification (CAQ) in Sports Medicine. His advanced training includes a shoulder fellowship with professor Pascal Boileau in Nice, France, traveling fellowships to other shoulder centers in Europe and the United States, and a Visiting Clinician in Elbow Surgery at Mayo Clinic. In 2010, he was awarded the AANA Travelling Fellowship.",https://files.abstractsonline.com/assocphotos/2656/4f836c3b-4295-4028-93fc-696d185adada.profile.jpeg
2186c444-ab0c-476b-8116-696e03ef67e3,David,Jung,,
d49e81f6-f0b4-45b6-a58d-6972ef57a2a9,Megan,Kou,,
b3c65119-dd9b-417e-81a2-698c5f408cb0,Stephen,Aronoff,,
90072c15-449c-4ffc-b121-698fc0c8481b,Amir,Kachooei,"Amir R. Kachooei, MD, PhD, is an orthopedic elbow, and hand surgeon. After completing his orthopedic residency at Mashhad University of Medical Sciences in Iran, he served as a research fellow in hand and elbow surgery at Massachusetts General Hospital, Harvard Medical School. He earned a clinical PhD in Elbow Surgery at the University of Amsterdam, The Netherlands where he also mastered in Elbow Arthroscopy and Arthroplasty Surgery. Dr. Kachooei is the Associate Director of Hand and Elbow Research at Rothman Orthopaedics Florida and is an Associate Professor at the University of Central Florida. His extensive research has led to nine patents, more than 180 peer-reviewed articles, five books and book chapters and more than 200 oral and poster presentations. He has served as the Deputy Editor-in-Chief of the Archives of Bone and Joint Surgery since 2013, and Editor-in-Chief of SurgiColl Journal.",https://files.abstractsonline.com/assocphotos/2656/90072c15-449c-4ffc-b121-698fc0c8481b.profile.jpg
02810913-1695-43e2-b086-6993d3b3d087,Marco,Cartaya,,
d6cc8ca4-24c8-4e77-abbb-699d245aaa14,Eriki,Yanagi,,
e4447713-a422-4ca2-a519-69a73c8ae2c2,Adrian,Blasiak,,
2e1950ba-f7f5-4334-8d57-69b235392623,Mahmoud,Habib,,
f5e70d80-ede0-414a-b86e-69b3db48a833,Trevor,Simcox,"Trevor Simcox, MD, is an orthopedic surgeon specializing in shoulder and elbow surgery at Stony Brook University Hospital on Long Island, New York.He completed his residency training at the NYU Long Island School of Medicine, followed by a shoulder and elbow fellowship at the University of Florida. After practicing in Houston, Texas for two years, he returned to Long Island to join the faculty at Stony Brook.",https://files.abstractsonline.com/assocphotos/2656/f5e70d80-ede0-414a-b86e-69b3db48a833.profile.jpg
2842b7f0-01e6-4f5d-9cb2-69e8bd0113b8,Dineth,Fernando,,
c7ff7c62-2237-4482-8312-69ee3c95dac7,Barrett,Brown,,
b98be868-3fe1-4324-b821-69f0e3058df8,Abdelhady,Abdalla,,
7be612c0-be6e-4354-91ea-69f696283440,Nathan,Li,,
12e73509-6d98-4de8-8c17-6a07fe0e388a,Bridget,Assip,,
529fe11a-a882-4404-8368-6a21bf1005cb,Sarah,Whitehouse,,
3f228793-3fe1-4b5b-997d-6a3038280058,Omar,Habashy,,
9b9dc313-e811-4006-bc5a-6a376ad01a95,Alex,Charlton,,
b3e12c1a-af35-41ef-b897-6a43b1981b75,Mohammad,Jomaa,,
1a3d6d60-a550-4185-bd0a-6a449f44d3b4,Hugo,BARRET,,
100646dd-a79b-4061-b966-6a4b81a3a24b,Seena,Amin-Sanayei,,
a9a9b567-8455-4b85-8a07-6a5638e40f0e,Chung Yee Cecilia,Ho,,
6754dc3b-f7cf-4dc5-94e8-6a5a15a0d387,Sophie,Chuinard,"Graduated from the University of Michigan with a BA in Biopsychology, Cognition, and Neuroscience. Applying to Medical School for the Fall of 2027",https://files.abstractsonline.com/assocphotos/2656/6754dc3b-f7cf-4dc5-94e8-6a5a15a0d387.profile.jpeg
9e2051b8-7b48-4b54-8b27-6a6b430357e4,Aritz,Lizundia,,
d53b2f92-35bf-4295-82e6-6a6eb6f4c75d,Brandon D.,bushnell,,
fa37ae42-eb6e-4648-bb2a-6a7d9166c461,Ryan,Lew,,
0861f13f-3cec-4c78-94ac-6a8aa510735a,Blake,McCall,,
00ffb902-66f0-4d20-a0b0-6a91be08aeaf,Mathusan,Manoharan,,
29183c09-06c7-4f91-929a-6b110e1b2281,Joshua,Castle,,
39e9ffa8-249b-47f3-8210-6b1d36586bf3,Eric,McLaughlin,,
fceaf775-6697-4772-98b0-6b3ccee4472b,Kyle,Cragg,,
58d0185c-3b29-43f7-a2df-6b492f8ea47b,Muira,Fontaine,,
c82e6f8b-4e9d-40d5-a773-6b4b6779890a,Kyungsu,Lee,,
24e8a1ce-7710-4ef9-9e12-6b5195dbe09f,Patrice,wong,,
79239d10-6a79-4d12-8f5b-6b5a5a1bf3ff,Kevin,Liu,,
0407a6e6-cc70-419a-a9c3-6b697725861e,Mohamed,Ali,,
3bd1c568-c2da-4772-a14b-6b6f189d5380,Marissa,Dearden,,
65cbbcf2-d021-4c6d-8563-6b711913d541,Robert,Chin,,
a8c97423-e6b2-4dd6-b1ed-6b811a712997,Edward,Yian,,
12b587a3-a29d-462b-8a59-6b8312a1fbc7,Hui,Ben,,
a913dc09-f0eb-41a8-9f8d-6b9637f7c6a9,Basaran,Sabri Baran,,
4b1c63d7-9bca-478e-9fb4-6ba2ec1240cb,E Scott,Paxton,,
d862d2c3-f0ec-4a5e-9402-6ba70b6f5677,Ilija,Ban,,https://files.abstractsonline.com/assocphotos/2656/d862d2c3-f0ec-4a5e-9402-6ba70b6f5677.profile.jpeg
ee591c5e-e22c-43d7-bc44-6bb9e2a0d450,Hakan,Yanik,,
ae8fe759-57ca-45f7-9a16-6bc797f4be75,Salim,Parbtani,"Salim Parbtani, DO is a PGY-4 Orthopaedic Surgery Resident at St. Joseph's Medical Center in Stockton, California. Originally from South Florida, Dr. Parbtani completed his medical education at Touro University Nevada and has developed a strong interest in shoulder and elbow surgery. His academic and clinical interests include shoulder arthroplasty, rotator cuff surgery, and upper extremity nerve entrapment syndromes. He is actively involved in orthopaedic research and looks forward to pursuing fellowship training in shoulder and elbow surgery.",https://files.abstractsonline.com/assocphotos/2656/ae8fe759-57ca-45f7-9a16-6bc797f4be75.profile.JPG
a960eb7a-c170-4f11-acf9-6bfe4fb5d35d,Mandeep,Virk,,
f339bbe7-eefd-4086-b3af-6c15afcde1a2,Hüseyin,Öztürk,,
cbb9da12-93de-4449-b5ae-6c22f5859cae,Thakkar,Shivam,,
e585a510-2a30-4bf0-94c7-6c2e9d36a8e0,Marcus,Amaral,,
63a722b0-b557-4f2f-bf85-6c30a171456c,Heckroodt,Laubscher,"Dr Heckroodt Laubscher is an orthopaedic surgeon based in Johannesburg, South Africa, with a dedicated subspecialist focus on the shoulder. He practises at the Centre for Sports Medicine and Orthopaedics.He qualified MBChB at the University of the Free State in 1998 and completed his orthopaedic training at the University of Pretoria, obtaining his FCS (Ortho) SA and M.Med (Ortho) in 2007. Immediately thereafter he undertook a shoulder fellowship working alongside Dr Philippe Collin, and visited internationally renowned shoulder surgeons across Europe. He has continued to pursue advanced training at the various international Shoulder Course and Symposia.Dr Laubscher serves as the appointed shoulder specialist consultant to the Golden Lions and  Blue Bulls Rugby Unions (since 2018). He is a full member of the South African Orthopaedic Association and the South African Shoulder and Elbow Surgeons (SASES), a corresponding member of the European Society for Surgery of the Shoulder and Elbow (SECEC).  He served on the SASES executive committee from 2021 to 2023 and currently holds the office of SASES President for 2025–2026. He has also been appointed to the scientific committee of the 16th International Congress on Shoulder and Elbow Surgery in 2026.He has published in the South African Orthopaedic Journal and the Bone and Joint Journal, and lectures regularly at national and international meetings, including ICSES, ESSSE, ISAKOS. He has acted as international faculty member at courses in India, Singapore, Istanbul, Doha and the United Kingdom, and runs ongoing CPD programmes for South African GPs, physiotherapists and orthopaedic registrars.",https://files.abstractsonline.com/assocphotos/2656/63a722b0-b557-4f2f-bf85-6c30a171456c.profile.jpg
bd7f41fe-1743-43f0-9466-6c3bf7b0a317,Han,Qin,,
b0afed8b-476c-4069-a43e-6c4ed4a31122,James,Hwang,,
fa16c200-6db2-45f3-ac15-6c55ec55e350,Itaru,Kawashima,,
8352627f-dfc4-4054-a77b-6c5f1a686176,Scott,Caterine,,
c3a9282c-1d25-452e-b27b-6c6cd50a2b10,Rochelle,Furtado,,
68ed49aa-4a23-4141-b2c2-6c6d8744c8fe,Saima ,Waseem,,https://files.abstractsonline.com/assocphotos/2656/68ed49aa-4a23-4141-b2c2-6c6d8744c8fe.profile.jpg
6a801699-7a9d-47b6-86fa-6c7c72f5d255,Will,Rudge,,
f8d96b59-0dd1-4f65-b3ed-6c83550c5367,Mandeep,Virk,,
66d2f67c-60b6-4bcb-bd8e-6c9682260e8a,Richard,Nichol,,
a8c42996-809d-409c-9341-6ca1e8f361cc,Leonardo ,Cavalcanti,,https://files.abstractsonline.com/assocphotos/2656/a8c42996-809d-409c-9341-6ca1e8f361cc.profile.png
5aef1f10-6b14-453e-a736-6ca7556f2862,Teresa,Li,,
ece84dd4-bcb5-44eb-8c28-6cca1f61968a,Mirko Giuseppe,Sicurella,"Orthopaedic resident at the University of Catania (Italy) with a clinical and research focus on shoulder and elbow surgery. I have completed fellowships with Dr. Roberto Castricini and Dr. Hiroyuki Sugaya, gaining experience in advanced arthroscopic procedures and shoulder and elbow pathology. I am currently a fellow with Dr Thibault Lafosse in Annecy, where I am further refining my skills in upper limband complex shoulder reconstruction- arthroplasty. My main research interests include outcomes of shoulder surgery and the optimization of surgical techniques for sport-active and high-demand patients. I am also interested in integrating artificial intelligence and new technologies into shoulder and elbow surgery to improve patient-specific care.",
b354668d-8999-4db2-b69d-6cce1950f54e,Grace,Tan,,
a57054bb-c9ae-4fda-a45d-6cd19241ebc5,Angela,Mercurio,,
0e87f0d1-e161-4443-8ba1-6cd5c1290cfa,Karim,Khaled,,
32fa403a-e24a-488f-8369-6d046682338d,Jeong-Hyun,Koh,,
851da189-b9e2-4acb-8fb9-6d1497271c62,Jesse,Seilern und Aspang,,
045a6566-f79c-40db-b7d3-6d195e16d868,Michael,Kimmeyer,,
ab456af1-f2da-454b-872b-6d287673d090,Rene,Pozo,,
b1b39e98-a409-4e4d-a4a0-6d37558afb4b,Ralph,Hertel,,
31988861-94b7-4837-8378-6d3eff9c3192,Justice,Achonu,,
932983f0-314e-4857-9349-6d48c9de03c8,Alton,Oldham,,
d0b33268-8daf-495c-ae4a-6d56f84d5c34,Fumihide,Terakawa,,
b237be66-9eeb-4cea-bcb3-6d640af247c7,Bruce,Miller,"Dr. Miller is a Professor of Orthopaedic Surgery at the University of Michigan and specializes in sports medicine and surgery of the shoulder and knee. He also has an active practice in shoulder replacement surgery. Dr. Miller is a Team Physician for the University of Michigan Athletic Department and Football Team. He also serves as the Medical Director of MedSport, the University of Michigan’s Sports Medicine Clinic.Dr. Miller graduated from Harvard Medical School and was an All-American athlete as a Harvard undergraduate. He continued at Harvard University to complete his residency training in orthopedic surgery as well as a Fellowship in Orthopedic Trauma Surgery. In addition, Dr. Miller has completed Fellowship training in Shoulder and Elbow Surgery in Sydney, Australia, followed by a Fellowship in Sports Medicine, Knee and Shoulder Reconstructive Surgery at the Steadman Hawkins Clinic in Vail, Colorado.Dr. Miller specializes in all disorders of the shoulder, including shoulder replacement surgery, rotator cuff surgery, instability surgery, and fractures. His practice also includes all sports injuries of the knee and shoulder (ACL and meniscus tears of the knee, cartilage injuries of the knee, and shoulder instability).Dr. Miller has an active clinical research program focusing on shoulder replacement surgery and rotator cuff disorders. His research in these areas has been recognized with many honors and awards. He has authored numerous articles, chapters, and peer-reviewed publications on shoulder and knee injuries.",https://files.abstractsonline.com/assocphotos/2656/b237be66-9eeb-4cea-bcb3-6d640af247c7.profile.jpg
1dfbf6c6-3622-4d29-8d71-6d71805c41da,Ariorad,Moniri,,
6e8a2d83-5eb9-4319-8116-6d9c2c0b6b63,Edward,Rosero,,
090f990d-a90d-4920-9302-6da8277ae737,Lincoln,Koyejo,,
2cb8f432-db84-4a56-9451-6dabe643b3bd,Minoru,Yamada,,
cfcf63e8-fbeb-4b8b-9c8f-6dbf529d189c,Tiago,Torres,,
15ea11ff-05a5-4f2f-a874-6dd6a38fd18c,A,Vazquez,,
aa46f84a-2772-4f63-a06a-6de1cefb84a4,Young,Kwon,,
4b3e9231-11d8-45db-869b-6deedb0de9e5,katie,Guadagno,,
83cb09cb-2ac7-4bd5-b0a9-6e00cf4512a6,Juan,Gonzalez Gomez,,
bc904054-47ef-491a-8a98-6e02dda3d985,Jin-Young,PARK,"Jin-Young Park, M.D.,Ph.D. (drpark@naver.com) Director of NEON Orthopaedic Clinic, Global Center for Shoulder, Elbow & Sports Medicine, Seoul, Republic of KoreaCP: +82 10 4922-5009  Jin-Young Park is director of NEON orthopedic clinic. Before starting the clinic, he was a director of orthopedic department in Konkuk university medicine school and deputy president of Konkuk university hospital Seoul, KOREA/Dr. Park completed his orthopedic surgery residency training at Seoul National University Hospital in 1994. In 1998, he completed fellowship in Columbia-Presbyterian Medical Center to Louis U. Bigliani, M.D (1st Asian fellow of prof. Bigliani). He published 180 papers and 9 books. Dr. Park is member of medical committee of Korea Baseball Organization (KBO) & Korea Handball Federation (KHF). He was president in Korean Shoulder & Elbow Society (KSES, 2010), Korean Orthopedic Ultrasound society (KOUS, 2017), Korean Society of Sports Medicine (KSSM, 2021) & Korean Orthopedic Pain Society (2022).He was an editor in Asia, Journal of Shoulder and Elbow Surgery (JSES) from 2003 to 2009 and he is an assistant editor of JSES & associate editor of Seminar in Arthroplasty of JSES. now. He was a chairman of international congress of shoulder & elbow surgery (ICSES, Jeju, 2010), secretary of International Board of Shoulder & Elbow Surgery from 2019 to 2023 and member of Korean Olympic Committee from 2002 to 2017.Home page: www.neon.or.krBlog:   https://m.blog.naver.com/neonshoulder",https://files.abstractsonline.com/assocphotos/2656/bc904054-47ef-491a-8a98-6e02dda3d985.profile.jpg
59374767-0c3c-4132-8d12-6e109b35f787,Jenna,Shepherd,,
b932c117-45ff-4bff-a63c-6e10ec7d6a72,Timothy,Kouo,,
342b6df1-c67f-422d-9c01-6e389b79f789,Chris,Roche,,
0aa69ca2-3811-4804-a043-6e3bf01f1b1f,Shannon,Lykowski,,
c005c6c1-dc45-49ea-81ca-6e4787b642a1,Roopam,Dey,,
6b19bb16-c967-4d4e-94e5-6e53f9ba6069,kevin,bargoin,,
e4e033ce-fbcc-4635-9ba2-6e5852dc6644,rodrigo,rezende,,
cfe72e2e-3892-411a-90ed-6e675c7f0c47,Shannon,Carpenter,"Dr. Shannon Carpenter is a fellowship-trained orthopedic shoulder and elbow surgeon and founder of The Bone Health Clinic in Lenexa, Kansas. She serves as Clinical Associate Professor at the University of Kansas Medical Center.Dr. Carpenter is a full Member of the American Shoulder and Elbow Surgeons (ASES) and a Neer's Circle Fellow.  In 2026, she received the Robert F. Gagel Award from the Bone Health and Osteoporosis Foundation.Her clinical and academic interests center on rotator cuff disease, shoulder arthroplasty, and the intersection of musculoskeletal and bone health, with a particular focus on bonespan care for patients. She is a frequent speaker on shoulder pathology, bone health, and preventive musculoskeletal medicine.",https://files.abstractsonline.com/assocphotos/2656/cfe72e2e-3892-411a-90ed-6e675c7f0c47.profile.jpeg
16ff3ca3-06a8-4afc-95d5-6e6e604fd964,Daichi,Morikawa,,
cd430852-8059-4a2a-b6fc-6e701ac1b352,İlker,Eren,,
c7dd33ad-5f65-4206-91c5-6e76a23308c8,Kiyotsugu,Shinagawa,,
db33a361-2e4f-49e5-a37c-6e7cba76d301,Leo,Fradet,,
97b0ad4e-75db-41f7-831d-6e9030ff6116,Frass,Ahmed,,
c4bfc9f6-d459-42c8-8459-6e92e6dd1807,Henry,Ford,,
21dda08e-928c-402e-938d-6e97c4cf114f,Christophe,Charousset,,
e5b4e1b1-b7ae-4737-b841-6ea92ffbe0be,Gwanbum,Lee,,
ac019a27-1fef-45b9-8f12-6eab9dcb6e93,Sandra,Krawczyk,,
fc94fcc2-800a-42a5-aa5e-6eb8847a82a7,Takashi,Yoshida,,
36b6fcb0-6f54-408e-9899-6ebce1a8f95d,Leila,Hennessy,,
2cc1fd11-a6eb-41d4-af0d-6ec7490a2652,Erika,Naliato,,
cb0aa4a7-0a36-440e-a000-6ede5205019f,The,Shoulder Arthroplasty Research Committee (ShARC),,
7c0162b0-3c89-4bae-bcf9-6ee014210886,Vesa,Lepola,,
294105c1-03bf-46b0-86fb-6f0c83af5482,Jennifer,Wright,,
cb46cd87-9b7b-4f64-b80c-6f146adb29b1,Hila,Gelfer,,
96631906-1e31-4475-92b0-6f161548429d,Miguel,Fiandeiro,,
895a860f-ff2e-480c-b4a1-6f176bff0522,Martin,Levy,,
32bdf065-c93c-442b-8ea4-6f295c89a3e7,Annika,Hiredesai,,
3b9a810f-b9f4-4bbc-89d0-6f2c9f4bf1eb,Daniel,Paccot,,
06854dd2-9f0f-48f8-89bd-6f3de1b65536,Gyeong Joon,Moon,,
b0e28809-8104-48e9-b2c3-6f44661cea33,Saara,Raatikainen,,
5e35855f-85de-43a4-9180-6f681c956dd5,Michael,Hackl,,
852f618c-365e-4101-a0d0-6f6bf1e9536e,Zaid,Yacoub,,
6062fd71-7d04-4b42-ae9e-6f7428f123c1,Jackson,Comer,,
f8830110-671a-4b8a-b4eb-6f879289038c,Theresa,Burgess,,
9778da62-a071-448d-8c49-6f8dfed8dc5f,Moehito,Sakaida,,
e71ed32b-5cc1-43e5-be8c-6f8e032de201,Keviin,Ma,,
0ec1ba65-82e3-46a0-a809-6f94fd35ba19,Sean,Phua,,
94fa58a9-5356-480b-a959-6f9a93db6888,Benjamin,Miltenberg,,
295f2113-9d3e-49a4-876f-6fa489ccf699,Samuel,Swiggett,,
c1630ac4-11b8-4cd3-a408-6fbf97e9e2d8,Moira,Devereaux,,
a4694ebc-458b-43ad-a349-6fcb791baed2,Aleksander,Banic,,
f2246a52-1fa3-4be3-91a5-6ff7a86de753,Akihiko,Yonekura,,
ed037f3a-d06e-424a-8054-70232722cfca,Seung Min,Bang,,
d63c1e7a-d1a7-4e93-a6a5-702e4937ee62,Christopher,Bacak,,
e8172822-02ad-4070-a732-704a81470760,Robert,Jordan,,
85df7641-7509-4bac-8664-7064524a6805,Fraser,Taylor,,https://files.abstractsonline.com/assocphotos/2656/85df7641-7509-4bac-8664-7064524a6805.profile.jpg
f6ff3790-36af-4e64-810c-706d6146b89e,Olivier,Verborgt,Prof. Olivier Verborgt is a shoulder surgeon at the Orthopedic Center Antwerp (Orthoca) in AZ Monica in Antwerp. He is a consultant at the department of Orthopaedic Surgery and Traumatology of the University Hospital Antwerp and visiting professor at the faculty of Medicine and Health Sciences of the University of Antwerp. He is the former president of the Belgian Association for Orthopedics and Traumatology (BVOT) and current president of the Belgian Shoulder and Elow Surgery Society. He is a board member of the executive committee of the European Society of Shoulder and Elbow Surgery (SECEC) and a member of the American Shoulder and Elbow Society (ASES) and is active in clinical and basic research on shoulder pathology and actively involved in the treatment of shoulder pathology of elite athletes.More information and contact details via www.orthoca.be,https://files.abstractsonline.com/assocphotos/2656/f6ff3790-36af-4e64-810c-706d6146b89e.profile.jpg
6ce4ed78-83ba-41a3-a2bd-70745ab8a6d9,Andre,Portella,,
02607749-a1dc-4211-83c6-708070aadee2,Trevor,Toavs,,
c934f6bb-f07c-4376-85a2-708a724ea1f2,Carson,Keeter,,
ed45cd13-92ae-4afb-a93d-708cff0bff86,Tsuyoshi,Murase,,
ffa0377e-58d1-4c6b-9611-70b8ffdc71ad,Namkeun,Kim,,
1ddc8f8c-e79e-4912-a156-70c4b2babfcc,Malcolm,DeBaun,,
5be29f64-cd83-42f1-96d9-70e53074c674,Shayma,Selim,,
2ac0f482-443f-4873-b36b-70e6d74a4694,Kristen,Nicholson,,
5d97511a-bd19-488d-9190-70f545318f9e,Antonio,Tenor Junior,"Medical degree from the State University of Campinas (UNICAMP).Medical Residency in Orthopedics and Traumatology and Fellowship in Shoulder and Elbow Surgery at Hospital do Servidor Público Estadual (HSPE-SP), São Paulo, Brazil.PhD in Sciences from the Faculty of Medicine, University of São Paulo (FMUSP).Full Member of the Brazilian Society of Orthopedics and Traumatology (SBOT) and the Brazilian Society of Shoulder and Elbow Surgery (SBCOC), where he also serves on the Continuing Education Committee.Head of the Shoulder and Elbow Group, Department of Orthopedics and Traumatology, Hospital do Servidor Público Estadual (HSPE-SP), São Paulo, Brazil.",https://files.abstractsonline.com/assocphotos/2656/5d97511a-bd19-488d-9190-70f545318f9e.profile.jpg
1a49a0e1-417f-4f50-b18c-710852e53afd,Adnan,Cheema,,
d08167a1-a4a7-49c6-8e67-714c28b499bb,Jeff,Murphy,,
6407f622-52c1-410a-ba72-715775a46ce7,Michaela,Malin,,
67ea9c64-bae8-449d-b2cd-71640e447468,Su Cheol,Kim,,
90fb03c4-958b-4be2-9245-717066a24a5d,Marta,Navarro,,
1575a4a1-4960-4aa6-aa5a-718165ed8de6,arnaud,walch,,
75c6086e-eead-4aa2-bb74-718f95dcf7ab,Ignacio,Beddings,,
107872c3-5ddd-4e08-aaac-719cdbf0008b,Sophia,Wang,,
b2a8f25e-aa10-4d12-a602-71a0230b64ac,Shiho,Wasai,,
341a0dbe-c819-4ebf-aea5-71a2149eeafe,Corey,Dwyer,,
2b24ef31-a22c-4067-96d5-71a3d9a632e7,Andrés,Pierobón,,
90341239-415d-4783-b0fc-71b2501884b2,Ali,Ashrafy,,
d5462a48-d047-4731-8f96-71c3558952ed,Rodrigo,Luna,,
379bf5a1-9069-4c78-b812-71d27102ae42,Lucas,Haase,,
d94b2023-d9d5-4656-a86b-71fbcb22f6d4,Kristin,Yu,Orthopedic surgery resident at the Mayo Clinic. Future shoulder & elbow fellow at Washington University in St. Louis (2027-2028).,https://files.abstractsonline.com/assocphotos/2656/d94b2023-d9d5-4656-a86b-71fbcb22f6d4.profile.jpg
2bc9280e-710e-4890-b334-720d4172a3f1,Alyssa,Tomkinson,,
cd32d21a-0fc3-4c21-ad24-7218316e982d,Jill,Ruppenkamp,,
b7b712d5-bac2-4a2b-93d2-721ab4a4ecbd,Rodrigo,Saad Berreta,,
2cb2a052-355b-4830-91bc-7231ae73534b,Jocelyn,Lubert,,
9678aa12-c674-4b11-b125-723ce81891c9,Pablo,Sanchez-Sotelo,,
cacd6d07-1ad2-432d-8221-72475443d712,Hamidreza,Rajabzadeh-Oghaz,,
06758f53-b313-4c81-9cb8-724c834ee4b0,Christian,Fang,,
89837762-83cb-4ed6-8b7d-725799edaa02,Drew,Dalby,,
f0efbe23-721d-4721-8020-72602b85d52f,Rafael,Silva,,
cf2de4f6-6b42-4aee-bb6b-727b35bb5a08,Takashi ,Seya,"Department of Orthopaedics, Graduate School of Medical Science, Kyoto Prefectural University of Medicine",
c1b3b455-9f8e-428a-8fc0-728c52a9802b,Taylor,Timoteo,,
c7de6847-5735-43b0-a7e0-72977816e581,Xin Ran,Yu,,
863369dc-9de2-4d3d-9aaa-72977a4198d2,Yoichi,Yokoyama,,
203e4494-a593-41ae-8ac9-72a65d3bc888,Michelle,Gosselin,,
62526225-1854-4412-a055-72cd33aa4474,Adrian,Ruckli,,
6e43aaf0-e923-4ce6-b570-72d5d67b78d7,Guoqing,Cui,,
0e5a48ba-d176-4981-9bb6-72d8c06a2419,Matthew,Dangleis,,
d12f7100-7587-410d-8080-72e9af41f9af,Pasquale,Sessa,,
a5739182-8ff1-4ad0-8b1a-72ec949071d0,Luis,Comas,,
6117903c-2312-4de8-8184-72ecedaac5af,Kyoung-Eon,Kwon,,
f5608eb2-2932-4db9-9329-730fd7e967ea,Milad,Farkhondeh Fal,,
f6d82ca4-226e-4899-a319-731a66c49b5d,Spencer,Lee-Rey,,
228d0a03-46a9-463f-8c49-73341314e5a3,In Hyeok,Rhyou,,
b481ecfe-94ca-4bdc-ab61-733533197d3b,David,Ding,,
83251468-71b9-41e6-88e1-7347c37bd365,Takashi,Inoue,,
f361ed8d-bcf9-4141-9309-734f03255d35,Kathleen,Leinweber,"Kathleen Ann Leinweber, MD, MA, is an Assistant Professor of Orthopaedic Surgery at Geisinger Commonwealth School of Medicine and faculty at the Geisinger Musculoskeletal Institute specializing in orthopaedic reconstructive shoulder and elbow surgery, including shoulder arthroplasty, revision shoulder arthroplasty, shoulder fractures and sports injuries, rotator cuff and tendon injuries, elbow injuries, fractures and arthritis. Dr. Kathleen Leinweber attended Northwestern University, where she studied molecular biology, genetics and global health. She earned a Master of Biomedical Sciences from Loyola University Chicago and her medical degree from the Geisel School of Medicine at Dartmouth. She completed her orthopaedic surgery residency at Dartmouth-Hitchcock Medical Center in New Hampshire and has specialized fellowship training in Shoulder and Elbow Surgery from New England Baptist Hospital in Boston, Mass.Dr. Leinweber has a strong commitment and interest in clinical research, resident education, leadership, innovation and advocacy, with specific interests in complex shoulder arthroplasty, revision arthroplasty, upper extremity trauma and reconstruction.",https://files.abstractsonline.com/assocphotos/2656/f361ed8d-bcf9-4141-9309-734f03255d35.profile.jpg
f297c65d-169d-44cf-be48-73551a6c89b0,Michele,Di Mauro,,
d2488f24-d0ce-40e8-ae89-735b101241d8,Hyojune,Kim,,
746ad9a9-074f-48cc-b7d7-7360415b26a7,Christopher,Brusalis,,
6a645803-3708-4f50-8538-7370b025f78c,Lucas,Fávero,,
50211256-5f70-4158-906b-7375549bb620,Joseph,Macksood,,
0ab41b29-2949-42f4-a3f2-7380ac562597,Manuela,Angulo,,
8f60b863-6428-40cd-a954-738c8b6d4f0a,Samuel,Mircoff,,https://files.abstractsonline.com/assocphotos/2656/8f60b863-6428-40cd-a954-738c8b6d4f0a.profile.jpg
f7846d17-7130-4730-af98-73954e374784,Clare,Green,,
fbd7dd74-d89a-43b0-ae38-73a48d99cca6,Max,Ekdahl,"Program Director for Orthopedics and Traumatology Residency Program at Universidad de los Andes, Dr. Ekdahl is a leading shoulder and elbow surgeon in Latin America. With advanced training in sports medicine and shoulder and elbow surgery, he specializes in complex elbow reconstruction, ligament repair, and fracture management. A former President of the Chilean Society of Sports Medicine and active member of ASES, SCHOT and SLARD, his research in biomechanics and joint preservation is published in top-tier journals worldwide. He is also co-founder of the Global Elbow Network (GEN)",https://files.abstractsonline.com/assocphotos/2656/fbd7dd74-d89a-43b0-ae38-73a48d99cca6.profile.jpg
ba42d352-ff01-4cca-b94c-73bdc4272fe6,Michael,Donohue,,
e0cf9b3c-1fe7-4a79-91d7-73f23691834f,Sakae,Tanaka,,
52378e74-2ca3-489e-b1fc-73f319edc47c,Jonah,Hebert-Davies,,
15231c82-5b5c-41fb-9b3d-73f36e99d9a9,Sunho,Cha,,
bc0fec25-f29c-436b-b4c6-73f8f8cbbe3f,Juan,Prollan,,
5ec5f378-f098-49d7-8d39-73fbeb3cd675,Daniel,Kwak,,
c520edd7-5140-4cf7-ba97-73feed8f550a,S. Ashfaq,Hasan,,
fc342266-1a6c-4332-a3df-7421e8462c97,Constantinos,Ketonis,,
9b628474-5368-463a-a15e-742c71a01718,Masahiro,Maruyama,,
8bd293d8-b135-454d-838a-74350ae179f0,Vi,Lee,,
46b7fb36-8fb8-48fe-a596-744589b35e32,Ali,Alshahrani,,
9f8c309b-d908-4b4e-a380-744860590676,Mehmet,Ozpembe,,
c8e63de8-04cf-47f8-a44d-74502c156f7f,Julia,Beretov,,
9aa8437d-431d-4e15-9a39-7457e9328a41,Burak Emre,Gunduz,,
551fe17a-e4e6-40be-98f2-7467e4ef8049,Seth,Gamradt,,
05996773-2703-43de-9e8a-746cebd5b687,Justin,Griffin,,
f2cf7553-68ae-4b70-a126-747098f3beaf,Cristian,Mendoza,,
593fd1c6-64b4-4444-8008-7499d83e494d,Olufemi,Olatigbe,,
98e50d76-c3c5-490d-8bfc-74ad3d2ea34a,Gilad,Rotem,,
aa1dd286-d3bc-4e53-854c-74c8271314b2,Xavier,Duralde,"Dr. Duralde is a native of Atlanta, Georgia.  He received his undergraduate education at Harvard University and then went to Columbia University in New York City where he completed medical school, orthopedic residency. He served in the United States Air Force during which time he was stationed in Europe and participated in Operation Desert Storm.  While there, he served as the Chairman of the Department of Surgery and the Assistant Chief of Hospital Services of the 20th Tactical Fighter Wing Hospital. He returned to Columbia University for a Shoulder Fellowship under Dr. Louis Bigliani.  He joined Peachtree Orthopedic Clinic in Atlanta in 1993 where he practiced until 2023.  He served as Chairman of the Department of Orthopedic Surgery at Piedmont Atlanta Hospital as well as Chair of the Orthopedic Clinical Governance Council of Piedmont Healthcare, a 23-hospital system in Georgia. He served as the Lead Orthopedist for the Atlanta Braves for 19 years and also served as the Shoulder consultant for the Atlanta United Soccer team.  He is a past president of the American Shoulder and Elbow Surgeons, the Association of Bone and Joint Surgeons, the Georgia Shoulder and Elbow Society and the Georgia Orthopaedic Society.  He is currently the Chairman of the Board of Trustees of the medical journal Clinical Orthopedics and Related Research.",https://files.abstractsonline.com/assocphotos/2656/aa1dd286-d3bc-4e53-854c-74c8271314b2.profile.JPG
82d41586-da2d-4ca1-9518-74d060f9c14d,Vedant,Shah,,
51150964-3a25-4cc3-86e6-74f4ba9e2194,Biju,Varughese,,
d1b10933-c7cf-42ca-b655-7513dfa517fb,John,Pignataro,,
fa250ca7-82e1-48f2-b836-751657c7aa45,Timothy,Domashevich,,
777fd0cb-50b4-4728-9bb9-75390efa6b08,Haroon,Kisana,,
a32f7f2b-0119-461d-9d77-7541d2bca5bd,Sonia,Slusarczyk,,
ccf4ca14-b47b-42c9-bc0c-754eed267890,Gwang-Sub,Lee,,
0acbd7c1-ab4a-491d-917e-7554f43c5d91,David,Soma,,
5577fd27-5797-4b14-b92d-7567af671b80,Onur,Tunalı,,
4aead3a7-b69c-472b-a757-756b737e4b05,Xiali,Xue,,https://files.abstractsonline.com/assocphotos/2656/4aead3a7-b69c-472b-a757-756b737e4b05.profile.jpg
c2a5162a-d73a-4873-a613-7583bf3e609a,Peter,Imrey,,
eb3ace78-781d-4434-b882-758485a7cd81,Kenneth,Cutbush,,
5dd3c321-0623-46a6-8282-758dca00cbb7,Sujay,Garlapati,,
98b20c35-7f6a-4f62-a18e-75916ae800c7,Neil Patrick,Buac,,
d70579c6-1b14-43bb-8a32-75ba15d0ec19,Rodrigo,Vargas Lara,,
01ccb678-c905-41d6-ab33-75bb70733ede,Maximilian,Modelhart,,
1b9555b7-d76c-48b2-8645-75e36663b240,Jorge,Assuncao,,
95285578-f165-4bf8-a573-75e7f268c80a,Haeyun,Lee,,
22d99119-1251-4dde-af7b-75e938f1d66d,Zayan,Khan,,
36d5aab4-21b6-48d7-9e3b-75fab9c60c7e,Christopher,Hewison,,
ee2450c5-ba54-4817-a300-75fddad2ba75,Zohreh,Tangrood,,
e3e5385b-4a40-42ad-9c92-75ffbe7ec232,Abdullah,Ramazan,,
ed1a7ec8-0dc2-4a90-a274-7601dc7c1aa1,Deepthi,Lokesh,,
00c81483-cfa0-4af7-90aa-76106bc42dd8,Carmen,Ortega,,
5731b467-d6bf-4899-9acf-762f97d96923,Gennaro,DelliCarpini,,
0312194c-830d-47d2-b1fb-763edaf2d3ba,Sungwook,Choi,,
12e3239b-ba3b-4ed3-9ef5-76526169b675,Richard,Jones,,
5dc65c08-60d3-4f4d-b76c-76694667b036,Mathangi,Sridharan,Resident physician at UCLA,https://files.abstractsonline.com/assocphotos/2656/5dc65c08-60d3-4f4d-b76c-76694667b036.profile.jpeg
2feb9a69-6411-41da-8504-76766622e2aa,C. Benjamin,Ma,,
f37edccc-be4b-4249-b160-7681d28e6fec,George,Thomas,,
bbe759ed-55dd-40b9-96f6-7683b72bd06f,Mariana,López Escobar,,
aee9353c-28b2-4a6f-86f7-768af3c28dc4,Shriyaus,Lingam,,
c2fa0fe6-e1e0-4edb-8ba6-7696dc60d7e0,Kristina,Allen-Brady,,
e4217f51-7451-460f-95a2-76996b74feab,Woo Yong,Lee,,
6560f5f6-d0e9-42bd-945f-769a89a41ee4,Eoghan,Hurley,,
e269183c-5606-4b54-91da-76c5e731e8b3,Julie,Adams,,
79da9159-6a3a-49e8-a71b-76f0bff89c0d,Steven,Voinier,,
6f39e67e-9d26-4c5e-883c-77210b4d8a95,Patrick,Sun,,
2f43d896-8a29-4548-8789-772c5ff8634b,Lina,Henao Pérez,,
f8a0d611-9f7c-46a6-bdd1-7731c81b68a7,Raul,Torres Garcia,,
fc57ae87-6868-4e05-ab6a-773f5c3dd299,Megan,Czachor,,
31457878-eabe-4158-946f-774cbcb22bfa,Denise,Eygendaal,,
378e6a95-cf9b-430f-acdf-77580f7c1567,Khalid,Murrad,,
6bb02e4e-b0a4-4af7-9743-7763855bf9f8,Moon,Shoulder Group,,
ae264f6d-7fdf-4f3a-8b63-776a9bfc967a,Bernardo,Claassen,,
8704276e-cce0-4eb8-9f7c-77712adb508f,Shin,Yoshimura,,
ec136fdd-f2d7-4886-8eb0-77837ba124bf,Jin Hyeok,Lee,,
629f92ac-c0fa-4714-be55-77928e1a3b73,Santiago,Bongiovanni,,
b93b5bde-0721-450f-9c5b-77a2fd1b6790,Jakub,Kaszynski,"Dr. Jakub Kaszynski graduated with a Master’s degree from Poznan University of Medical Sciences in 2018 and received his PhD in April 2023. His doctoral dissertation focused on the prospective functional assessment of treatment outcomes in knee osteoarthritis using autologous fragmented adipose tissue and platelet-rich plasma, comparing the effectiveness of both therapeutic methods.He began his professional practice during his studies at Rehasport Clinic, where he continues to work today. He has also collaborated with the Greater Poland Football Association and the Polish National Beach Handball Team.Dr. Kaszynski is a certified manual therapist according to the Kaltenborn-Evjenth concept. In his clinical practice, he places strong emphasis on movement-based therapy, exercise, and patient education. His main areas of expertise include conservative treatment, postoperative rehabilitation, and later-stage return-to-sport rehabilitation following shoulder, elbow, and knee injuries.Since 2020, he has also been involved in academic teaching. He currently serves as an Assistant at the Department of Paediatric Orthopaedics and Spinal Disorders at Poznan University of Medical Sciences. He is Secretary of the Board of the Physiotherapy Section of the Polish Arthroscopy Society and a member of the Polish Shoulder and Elbow Society.",https://files.abstractsonline.com/assocphotos/2656/b93b5bde-0721-450f-9c5b-77a2fd1b6790.profile.JPG
c138cfd1-c777-4d74-898f-77a6f4dabb0d,Kazuma,Sasaki,,
74b783a9-be89-4619-8fd7-77aeb7ae9b60,Arnau,Verdaguer Figuerola,,
70fade58-4252-4780-9103-77c11c1d5fa7,deepthi nandan,adla,,
0d94e395-1515-420c-bd4e-77dc5ca18c77,Doruk,Akgun,,
c3328c76-5b66-4b0d-a7c8-77dda3174287,Emre,Aşiret,,
e2dfccc2-8dcd-40e8-8438-77e9588a2e91,Matthew,Wideman,,
b270d628-0cfa-4f8f-8248-781607dca643,Naoki,Takatori,,
4556869f-5f30-4905-a3dc-7824f9ca37eb,Hyoungchul,Cho,,
01e70903-737a-4e12-b73c-7825273da904,George,Murrell,"George Murrell is a shoulder surgeon based on the St George Hospital Campus, UNSW, Sydney where he is Professor and Director of the Orthopaedic Research Institute. He was an Adelaide University medical school graduate and 1984 South Australian Rhodes Scholar, completed a DPhil at Oxford—where he also gained blues in athletics then taught anatomy and rowed in Cambridge before Orthopaedic Residency Training at Duke University. He then undertook a two-year fellowship in sports medicine, shoulder surgery, and research at the Hospital for Special Surgery in New York, with an NIH First Award, and an American Orthopaedic Association North American Travelling Fellowship. He returned to Australia in 1995 to establish the Orthopaedic Research Institute and a clinical practice focussing on arthroscopic shoulder surgery.",https://files.abstractsonline.com/assocphotos/2656/01e70903-737a-4e12-b73c-7825273da904.profile.jpg
514a26b2-1ee9-4c46-836e-78391612d782,Matthew,Schultz,"PGY5 orthopaedic surgery resident at Jefferson Health - New Jersey. Future clinical fellow in Shoulder & Elbow surgery at MedStar Union Memorial Hospital. Professional interests include complex shoulder and elbow reconstruction, shoulder arthroscopy, sports-related upper extremity pathology, and academic orthopaedics.",https://files.abstractsonline.com/assocphotos/2656/514a26b2-1ee9-4c46-836e-78391612d782.profile.jpg
3272dc0f-e3d2-4717-8655-788d27f54dbc,Richard,Chang,,
ea33cd57-0cc5-4f85-9f57-7899db9f2f6b,Charles,Poff,,
3dc5a08c-a8c6-40b2-b95a-78a3fa43617f,Peter,Campbell,,
b0e561a3-cfd9-46d0-b9e3-78ab674625d6,So-Young,Chang,,
8e6b835f-56aa-42f8-9536-78ab8ba9ff57,Thay,Lee,,
5ab698fb-19b6-4762-aa67-78ac075b2a0b,Kunihiro,Suzuki,,
06d649c0-a1b2-4bb2-af44-78c3afa999c7,Greg,Hoy,,
06a91e44-434e-4eb9-a07c-78e8a6b7d69f,Eva C.,Herbst,,
c1a14c34-bbde-4c7e-a697-78ebd54798b0,Young Dae,Jeon,,
525305cc-616f-41d8-a3f5-7903d1a4700b,Thomas,Buquet,,
8dcba0e8-baea-4bb9-bc3f-790ce469fa10,Patrick,Henry,,
9560ae7f-6f85-45bd-8188-791c695c00d6,Michael,Mastroianni,,
aad51605-d973-4b19-a900-793e02e29b97,Edoardo,Giovannetti de Sanctis,,
f48d3597-6c7f-4367-bb07-7949f3faab7d,Jonathan,Hughes,,
e78aaa35-c174-4c10-9532-794bb32b2c0d,Thais,Vasques,,
c446c8a4-6fa3-4d7b-8766-7951a75f867d,Jashint,Maharaj,,
06a36f8f-5ca6-4949-98b4-7953d90224eb,Fernando,Valero,,
89ee6311-d217-4d97-bb39-79673a49bd89,Mikayla,Mefford,,
169f4e04-7497-45da-b801-7968b0213350,Kara,Gaetke-Udager,,
32b6b080-04a2-417a-aaed-7976d9643bfd,Jung Ho,Park,,
8b6aee47-30c1-4dbe-8267-7979eef7f712,Bradley,Fossum,,
1c0e44dc-687b-404d-acba-7983ae9800e3,Alex,Bergman,,
2f3b0cb3-c432-4294-80ea-7988db14cb1d,Laws,Jada,,
348774b0-bdb6-482a-8f67-7989fd79b27a,Hayato,Satake,,
c63902b7-ac5c-4852-b870-799c2f32f0ba,Kaspar,Tootsi,,
380a70c9-6ddf-4b98-b129-79ae50992759,Caroline,Markmann,,
ae3dd055-90f9-407d-91fd-79b53241fbba,Basim,Fleega,Orthopedic Board Germany 1984,https://files.abstractsonline.com/assocphotos/2656/ae3dd055-90f9-407d-91fd-79b53241fbba.profile.jpeg
b3e01b36-35e5-45d7-a732-79c40733f0b6,Camberly,Moriconi,,
ecbc60c4-8855-40e7-9d6f-7a19c09eb231,Aleksi,Reito,,
73bb0978-29fd-401d-ad63-7a2cb65f4a1b,Taffin,Evans,,
a1a71d57-08c7-4111-a490-7a44793dd9a4,Kasra,Rahmati,,
0610b0d5-9e69-41a5-88a6-7a5fd348dbb3,Cole,Fleet,,
ae5aee68-d9db-4c4f-b821-7a779e415ef5,Matthew,Frederickson,,
e215adf2-077a-4f97-83a8-7a7d089500c1,Julia,Hoegl,,
ca378448-bfb0-47a4-bb9d-7a7fecfff530,Nata,Parnes,,
3248870c-ea8e-4a00-8e68-7a91bcc18706,Lukas,Verweij,,
fe02db4e-4995-4b17-8205-7a92d1d8d166,Jung-Taek,Hwang,"I am a specialist in shoulder and elbow surgery, and arthroscopy. Also, I am interested in biomechanical study and regenerative medicine.   ",https://files.abstractsonline.com/assocphotos/2656/fe02db4e-4995-4b17-8205-7a92d1d8d166.profile.jpg
31ff7cf1-d1b1-4efe-a31d-7a99ec242e29,Connor,Park,,
5ffd4381-5ac3-4c55-aa34-7ad19bf34784,Jonathan,Glenday,,
9e53faf6-597e-407d-8770-7b089a0d8c52,Eliane,Guadagnin,,
5fcaf15a-77e2-490e-8680-7b0f3f479760,ALAN,HIRAHARA,,
9290548c-1cb2-453b-b5e6-7b271898d879,Sanidhya,Singh,,
59bbfaef-e014-41d5-a477-7b34f928fe7d,Sara,Edwards,,
3c66a432-637b-4ef1-8f6d-7b3505eaff7f,Jonathan,Watling,,
a8ec86e3-89f1-41ac-bafc-7b3edcdb51e6,Kang,Heo,,
78090500-8649-48d0-9ec4-7b470c82ab63,Joanna,Piwnik,,
c2d4c2c1-04ce-4490-b56e-7b5ea6d20ad0,Akshay,Daji,,
6b38dc7d-41bc-4b35-8f49-7b6d59d3ca93,Alexander,McEwen,,
d4a3f400-4910-49bb-83a8-7b74c0210672,Shannon,Tse,,
3f00c6c8-3c3f-46e6-a6a3-7b7939c5e443,Miguel Angel,Ruiz-Ibán,,
6a40bf38-664b-457e-8c72-7b7f6d1553eb,Hyeongmin,Kim,,
e05352ee-ae66-4091-88bb-7b91e9aa021a,Viktoriya,Dyukaryeva,,
95d24718-7a35-4eea-b20e-7b974d998fb5,Masahiro,Jinzaki,,
a13227af-58d8-42d5-9835-7bb540e84cac,Ashish,Babhulkar,"Head of Shoulder & Sports Inj, Deenanath Mangeshkar Hospital, Pune India, Founder president of Shoulder & Elbow Society India",https://files.abstractsonline.com/assocphotos/2656/a13227af-58d8-42d5-9835-7bb540e84cac.profile.png
4f64bc27-8daa-4753-9681-7bc480cb6faf,Evan,Sidebotham,,
bc4ebb77-2eed-4a6f-94fd-7be224a02d9d,Evan,Glass,,
1f50fd77-305f-4866-b3bf-7bf662de7167,Raschelle,Musci,,
ee931bc4-6d3c-4713-ae14-7c157ee9288c,Yadi,Li,,
6d0631a9-f986-444a-bad2-7c202e84df0f,Moussa,Mohamad,,
e2a4bbea-a7a5-46b4-bf08-7c213ee78e8b,Lauren,O'Mara,,
2ac74391-39ed-4a19-9936-7c33f2635e3c,Brian,Hill,,
512ddb94-8614-42da-aa01-7c4c0266122f,Rodrigo,Dominguez Gonzalez,,
90be6e3f-8606-492c-8da1-7c4ce3d6c0ed,Heather,Prentice,,
9581e732-734b-4b63-b1a8-7c5e0e736edd,Austin,Middleton,,
0a89bfbd-a2fb-4d75-a819-7ca08b35b652,Fumihiro,Isobe,,
b61768ae-8454-4144-9301-7caa560bfccc,Michael,Megafu,,
a753ae4d-c101-4715-86a0-7cadafbd463b,Justin,Lau,,
121fe0da-57a3-4efe-a383-7cbdfa5d848f,Kevin,Chen,,
6eb7d27b-fa34-4957-af9a-7cc5058cacbe,Sankalp,Sharma,,
24563000-dbea-421d-9f69-7cc6a54a0945,Hiroyuki,Sugaya,,
a9d00f25-2c6d-4c80-b46c-7cccf7f8d826,Debra,Chan,,
a11bdc51-a02f-45d2-9345-7d055103455a,Miranda,McDonald-Stahl,,
6701d800-274d-4497-8953-7d19076e2337,Samuel,Montgomery Jr,,
c91476d2-0495-42b7-a16f-7d370c57bb73,Vitor,La Banca,,https://files.abstractsonline.com/assocphotos/2656/c91476d2-0495-42b7-a16f-7d370c57bb73.profile.jpg
eaaea5c9-c8b6-438e-a7d2-7d54b300b9e4,Lukas,Ernstbrunner,,
21aaeda8-a715-49f5-ad01-7d5c7757d204,Kurosh,Darvish,,
b570d5b9-5229-4c1d-9d44-7d5f53364002,Richard,Danilkowicz,,
a8df6db2-e4b0-406d-a944-7d6a5564d98c,Randall,Arroyo,"Randall Arroyo is a medical student at University of California, Riverside School of Medicine and completed a one year research fellowship at the University of Utah.",https://files.abstractsonline.com/assocphotos/2656/a8df6db2-e4b0-406d-a944-7d6a5564d98c.profile.JPG
6e120857-6cb4-4c1c-a324-7d6ae5596316,Ryan,Roach,,
e850235d-be2e-4cf7-82eb-7d74f1efa37c,Spencer,Albertson,,
3474d5f5-98cf-4241-97cb-7d7f66fa4190,Caleb,Berta,,
0d7eaf99-ad46-4084-a718-7d9c43338b75,Carlos,Afanador,,
6c3215f1-8776-412a-a6d7-7d9c4bfe046e,Alexandra,Makenzie,,
093edd57-9cd8-4bb1-ab0d-7daacb9ccd2d,David,Dines,"David Dines MDUnited StatesDavid M. Dines (MD)s an internationally recognized orthopedic shoulder surgeon and Clinical Professor of Orthopedic Surgery at the Weill Cornell College of Medicine (WCMC) and The Hospital for Special Surgery in New York. He is program Director of the Shoulder Fellowship at HSS. He served as Chairman and Professor of Orthopedic Surgery at the Albert Einstein College of Medicine at Long Island Jewish from 1997-2007 and is the author of over 300 peer-reviewed articles and, 8 texts and numerous chapters related to surgery of the shoulder and sports injuries to the upper extremity. He has given more than 1000  presentations on Shoulder Surgery around the world, including many “live” surgical demonstrations as well.Since 2023 he has served as Medical Director of the HSS Education Institute and more recently as HSS DIO. He served as President of the American Shoulder and Elbow Society 2005-6 and has been given a lifetime achievement award by the American Academy of Orthopedic Surgeons In 2017. He has been honored to receive the Sir John Charnley Award for excellence in Joint Replacement research (1996), Americas Best Doctors, Whos Who in Medicine , Best Doctors in NY and Americas Best Orthopedists since 1996. He was honored by US News and World Reports as one of the top 1% of Orthopedic Surgeons in the US. Dr Dines and his co-workers won the prestigious Neer Award for Shoulder Research in 2005 for their work on genetic engineering for improvement of rotator cuff tendon healing in a rat model. Dr. Dines has been the principle designer of a number of orthopedic devices including both the Biomet Biomodular Shoulder and the Zimmer-Biomet Comprehensive Anatomic and Reverse Total Shoulder Replacement System, one of the most popular systems used around the world. He has served as Team Physician for the New York Mets Baseball team from 1991-nd New York Arrows Soccer team from 1985-88. He is a consultant to the New Jersey Devils Hockey Team (NHL) and  has served as a Medical Director and member of the ATP Medical Services Committee for the ATP World Tour since 2004. He has been United States Davis Cup Tennis team Physician since 2000 and Orthopedic consultant to the US Open from 2003 until 2013. He is married (Judith) and proud father of two children, Josh and Alison and 2 grandchildren. Josh is presently an Attending Orthopedic Surgeon and Associate Professor (WCMC) at Hospital for Special Surgery. He is also world-renowned Sports Medicine Surgeon.",https://files.abstractsonline.com/assocphotos/2656/093edd57-9cd8-4bb1-ab0d-7daacb9ccd2d.profile.jpg
ae72dcca-4983-4ae5-a0d1-7dafcaa241a0,Airthon,Correia,,
7298f6d8-c140-4840-ac69-7db8e3470343,Joel,Murachovsky,,
6de0444c-5bb6-4872-8952-7dca5f0963aa,Oleg,MOISA,,
baf09739-1aac-4aa6-ac70-7dd083d0421a,Aaron,Martínez Ulloa,,
7aea20d5-94d2-4ca7-b8c3-7dd92a04045e,Laurent,Baverel,,
833548e5-2d0c-4ec4-a22f-7ddc1e6343c0,Cameron,Handford,,
d65a8e9d-06aa-4286-8fd7-7de82e0f4e39,Paolo,Consigliere,,
0c0087e4-c941-4bcb-870a-7df2b4230e97,Andre,Fontenelle,,
d94dd50c-43f8-4311-a82d-7e277564cca0,Andrew,Carr,,
ef4a9bed-92df-41a4-9913-7e30b03c44d2,Merve,Saur,,
7d1e62ce-de17-4c4f-a8da-7e4301a2779c,James,Fitzsimmons,"Jim Fitzsimmons is an Assistant Professor of Orthopedics and manages both the Elbow and Shoulder Research Program under the Direction of Shawn W. O'Driscoll, M.D., Ph.D. and the Biomechanics Core Facility under the direction of Chunfeng Zhao, M.D respectively. He has focused the latter half of his 3-decade career on Elbow and Biomechanics research. He serves as co-principal investigator on numerous clinical research studies alongside Dr. O’Driscoll which have included a prospective clinical randomized trial comparing the success of the post-operative application of continuous passive motion versus physical therapy following elbow contracture release surgery. Jim has developed new methods for data acquisition and analysis for ongoing laboratory studies, and presents his team’s research findings both nationally and internationally. He has co-authored more than 90 peer-reviewed publications and 220 abstracts, and mentors research fellows, trainees and students in the lab. He serves on the editorial board of Clinics in Shoulder and Elbow and has serves as a peer reviewer on numerous other journals. Jim received a Bachelor of Science degree from the University of Toronto in 1991, his Mayo Clinic College of Medicine and Medical Science Assistant Professor appointment in 2010 and was appointed as an Associate in the Mayo Clinic Department of Orthopedics in 2017. He is an Associate Member of the Global Elbow Network and serves as the Deputy Chair of their Logistics Committee.",https://files.abstractsonline.com/assocphotos/2656/7d1e62ce-de17-4c4f-a8da-7e4301a2779c.profile.jpg
5eefc0af-8f19-4778-bbe2-7e54370a9e6a,Rhett,Hobgood,,
2d418050-36f6-4134-afcd-7e636c4d9a66,Steven,Kurtz,,
fa4d44dd-6ae6-4a73-8a5d-7e780996e157,Marcelo,Campos,,
10b3353e-2cca-422a-84ef-7e79e87a605b,Sushil,Chapai,,
1837a58d-4522-424b-a19b-7e9246390ddf,Krunal,Soni,Consultant Orthopedic Surgeon with a strong interest for research,
60fa1a71-daf8-4000-a36c-7e967abe97eb,Bryan,Adams,,https://files.abstractsonline.com/assocphotos/2656/60fa1a71-daf8-4000-a36c-7e967abe97eb.profile.jpeg
a2461c66-0e06-40fd-b7a9-7eaacca064f8,Taylor,Troutman,,
775479af-9014-45d5-bac2-7eb10fdea659,Joseph,Galvin,"Dr. Galvin is a shoulder and elbow surgeon at the University of Iowa Hospitals and Clinics in Iowa City, IA. He is an active member of the American Shoulder and Elbow Surgeons (ASES).",https://files.abstractsonline.com/assocphotos/2656/775479af-9014-45d5-bac2-7eb10fdea659.profile.jpg
ffc2906b-b6bb-4e2c-8f83-7eb688d15bc9,Andrew Hwee Chye,Tan,,
e18cb275-1cbe-40bd-b3a5-7ebca9c3e013,Hanspeter,Hess,,
a1594a0a-8dd2-407e-adbc-7ebd016775b5,Charles,Getz,"Doctor Getz is a Professor of Orthopedic Surgery at the Sidney Kimmel Medical School, Jefferson University in Philadelphia of the Unites States. He serves as the division chief for shoulder and elbow surgery and is on the Board of Directors for Rothman Orthopedics. Additionally, he has a fulltime clinical practice, treating all aspects of adult shoulder and elbow disorders.Doctor Getz is the immediate past secretary treasurer of the American Shoulder and Elbow Society, The ASES Foundation and the Journal of Shoulder and Elbow Surgery.  He is the prior Chief Quality Officer for Rothman Orthopedics and for musculoskeletal services within the Jefferson Health System. He has published research on a wide range of shoulder and elbow disorders and is frequent lecturer at national and international conferences. ",https://files.abstractsonline.com/assocphotos/2656/a1594a0a-8dd2-407e-adbc-7ebd016775b5.profile.jpg
3f58851c-8e41-4879-a4e2-7eca726b934a,Christopher,Roche,,
62c69864-3750-4e57-84c7-7ed84d50756e,Toygun,EREN,,
99a18e94-2a4c-43ad-86e2-7ede426c80fb,Kari,Kanto,,
105b3b2b-8b05-4094-adef-7ee61a18ecb7,Hannan,Mullett,,
18f5d75e-9431-4213-a38c-7eeb130c056a,Rodrigo,Antón,,
e0e6b806-d550-4ada-aa40-7f05a0075ac7,Moritz,Klarer,"Moritz Klarer is a medical doctor, pursuing a clinical PhD at the Paracelsus Medical University Salzburg in Austria. Part of his research on bone and soft tissue properties in cuff tear arthropathy has been carried out during two research stays at and in collaborations with Roth|McFarlane Hand and Upper Limb Centre (HULC), University of Western Ontario as well as the Orthopaedic Technologies & Biomechanics Lab at the University of Victoria.",
859043bf-b1a7-4748-8543-7f09831d8e19,Kalpana,Singh,,
7581497a-1b12-497d-b9c8-7f203c1ec278,Takafumi,Niwa,,
33778d15-0fbe-4768-b81f-7f2bf99854e6,Nickolas,Garbis,,
5bc04620-fe13-41ac-8b70-7f2f13ec66a3,Anant,Jhaveri,,
b5deffba-fd51-4ad3-a237-7f3004e8334e,Sanjay,Desai,"Consultant Shoulder & Knee Surgeon, Mumbai, India",https://files.abstractsonline.com/assocphotos/2656/b5deffba-fd51-4ad3-a237-7f3004e8334e.profile.jpg
0aab0974-2d5b-438e-a4fa-7f396c877b6a,Brandon,Driggs,,
20b8ab8c-e8b0-40b3-ae57-7f3e2b1117fe,Helen,Moser,,
7be05acc-6f22-445e-9c01-7f43b12e8c67,Philippe,Collotte,,
6107d1c5-0b6e-4a04-a3ff-7f67325c5070,Margherita,Rizzato,,
7ba21269-8ca7-4562-9f1d-7f6bcd939cda,Alexander,Stabile,,
335a2856-7606-47d1-8212-7f80b9a0583d,Jose Luis,Osma,,
d4f55b53-9361-4cd4-a11d-7f8b0fe1450f,francesco,cervone,,
ff6e4861-afab-4de0-bc64-7fa8bea2646c,Robert,Ablove,,
9bd3a4d0-9534-4f11-bc75-7fb9b63db6f5,francesco,agostini,,
d739a92f-768d-4750-8c6d-7fc649729c8b,Hugo,Souza Costa,,
e5f504b6-03a8-439f-b8d3-7fd561fb77a5,Pranav,Jain,,
ffd5c8aa-7d90-41b0-93dd-7fe8edb622c1,Jason,Khoury,,
21f8591b-7e6d-496c-8b65-7fe90e04d1e7,Omkar,Prabhavalkar,,
b06470e1-0f8e-4176-9cc2-7feb06f8f52b,Vipool,chaudhary,,
1d3c19b6-50b4-431b-ae7b-7fef235b6fb3,Hadrian,Platzer,,
56aef6a7-d392-4062-a34d-8008ebaca0e0,Aliah,Shaheen,,
b8103249-1edd-49eb-beb8-800c5ad7e516,Andrew,Ni,,
6827700c-743c-48ee-b745-801cf994e7fe,Junta,Kikuchi,An orthopedic surgeon in Japan specializing in shoulder and upper extremity surgery,https://files.abstractsonline.com/assocphotos/2656/6827700c-743c-48ee-b745-801cf994e7fe.profile.jpg
3270daac-726a-4b7c-aeda-8020d7eb46ff,Godard,de Ruiter,,
740ef573-1f4c-4fd7-ab16-802d42e530b9,Mario,Scaglia,,
683071db-a270-4f62-a787-8050c6a55d4e,Alfredo,De Queiroz junior,,
4c2f9045-9d5b-465c-b7be-805c3475f0d4,Valentina,Rossi,,
432a3f05-5745-4d11-a3a0-8093fd1ef88a,Roman,Brzoska,,
3f00a838-c3be-4a55-b04b-809a0269196c,Hirofumi,Katsutani,,
23c3ccae-a40b-4f11-b2a3-809c06f44e45,Carol,Janney,,
363297c0-4067-4796-8929-80cf406f8321,Varun,Kavuru,,
9e890a4c-975d-46ef-8b5c-80e051056b18,Shuangshuang,Zheng,,
cf137dc0-16de-4c99-9b1a-80ea35147e55,Thomas,Duquin,,https://files.abstractsonline.com/assocphotos/2656/cf137dc0-16de-4c99-9b1a-80ea35147e55.profile.JPG
6845a308-18af-4d82-be0b-80ec0dc75c55,Adriano ,Mendes Jr.,"Adriano Mendes Jr. is an Adjunct Professor in the Department of Surgery at the Federal University of Juiz de Fora (UFJF), Brazil, where he also serves as Head of the Department. He holds a PhD in Translational Surgery from UNIFESP and a Master’s degree in Medical Sciences from UFF. As a member of the Brazilian Society of Orthopedics and Traumatology (SBOT), with an extensive background in Orthopedics and Traumatology, he completed his residency at FAMERP. He specialized in Shoulder and Elbow Surgery at Santa Casa de Misericordia - SP. His international experience includes visiting fellowships at the Mayo Clinic and the Shoulder Center of Kentucky. Currently, he is a member of the SBOT - National Continuing Education Committee (2026-2028) and the physician responsible for the Sports Trauma Clinic at HU-UFJF/EBSERH. He is an active member of ISAKOS and an international member of the AAOS.",https://files.abstractsonline.com/assocphotos/2656/6845a308-18af-4d82-be0b-80ec0dc75c55.profile.jpg
631598d0-8315-40ff-a807-80ef46aff074,Itaru,Kawashima,,
34515d22-efb9-46eb-afc7-80f508e29268,Arden,Shen,,
61579d9e-6fe3-49f5-94c6-8105fceaeef2,Mohamad,Al-Badaineh,,
d74d4717-3c16-4b37-a0ff-81084fce0848,Frederick,Pimental,,
ec78f4db-1d2a-41bd-97d5-81175caa4612,Olivia,Ng,,
8881a7ca-73e9-40c8-99e5-811ea7c82bb4,Benjamin,Lack,,
986ca532-abb2-495b-b36c-8123b354e33e,John,Shrock,,
3f750abd-5371-4290-b0ed-8124032cdf02,Sarah,Sarah Jenkins,,
5ba414d6-dd49-43f1-a643-81359f40d982,Chandler,Harris,,
6a8e0b38-c834-4dc8-932a-81374422ed30,Krishna,Mandalia,,
6efc1dd2-c5d5-42d7-b6b8-8140ddf09dec,Stephen,Gill,,
e8dafa57-acb9-4255-b1e2-8141ad12d69a,Sergio,Rowinski,,
aa8eede5-ba4a-4c31-a4e8-814380b40acd,Jan-Christoph,Backhauß,,
75ccf89d-d4db-4961-9cdf-815afb934f09,Zoe,Orlando,,
2bff430e-8720-46a4-9366-815ce8d5db48,Lyliane,LY,,
f319f436-b68d-4a81-89c5-81864e7feeb0,Cristobal ,Maccioni,,https://files.abstractsonline.com/assocphotos/2656/f319f436-b68d-4a81-89c5-81864e7feeb0.profile.jpeg
c740d73f-1e06-4cec-bc38-818869cf454d,Myung-Sun,KIM,,
435464fa-0986-4e82-bbb7-818d20506111,Anthony,Kinnair,,
30694de4-f2fe-4ee1-927b-81af516b4951,Kevin,Kevin,,
ea9a280e-bfc7-4e81-8183-81b2f5cea3ac,felipe,turner,,
12f76889-3e01-4d33-a961-81b6de5875ba,Adrian Ali,Aranda Gonzalez,,
58e0ac31-99a7-4c98-9dee-81f340f6a3fc,Achille,De marco,,
53ddba8a-b361-45e8-9a89-820bdaac1314,Frank,Alexander,,
ccb0738f-e9b8-462a-a0e3-820f625322ce,Alejandro,Novoa,,
aa105f97-57f2-4579-aa32-821418b25b38,Mnadeep,Virk,,
e8825215-b163-44f2-8170-822ffe43da2c,Bernhard,Jost,,
6902f2c1-dc72-40a8-8458-82433014b763,Michael,Howell,"Dr. Howell is a Professor of Neurology and Division Head of Sleep Medicine at the University of Minnesota and dedicated to developing novel strategies to improve brain function and sleep health. Dr. Howell's research interests include characterizing the relationship between poor sleep and neurological disorders, and determining whether improving sleep can prevent neurodegenerative disorders such as Parkinson's and Alzheimer's disease.  His research is funded by the National Institutes of Health, industry and the Department of Defense. Additionally, he co-founded the Sleep Performance Institute to assist Professional, Olympic and Collegiate sports teams improve their performance through sleep coaching and circadian training.  ",https://files.abstractsonline.com/assocphotos/2656/6902f2c1-dc72-40a8-8458-82433014b763.profile.jpg
62d9df2e-c6e8-4819-8319-825430355c2d,Mina,Shenouda,Orthopedic postdoctoral fellow at Johns Hopkins Hospital,
92e5d71a-66d7-44d3-bf6c-82725d99f4ab,Pietro,Gentile,,
5690cf58-f7d7-4f33-a603-827c1469e79f,Abouharb,Alex,,
19b91585-c1cd-48d7-9f2f-82a9296aaa36,Chad,Klochko,,
d248eb2b-2836-4f12-abfc-82aae2e5f6e1,Lisa,Hackett,,
f0ee373b-b290-46ee-b5e1-82cecb1c22e0,John,Roberts,,
4230fb89-03d7-4040-8302-82d94f7849a5,Jaesoo,Kim,,
ef0e34d6-685f-4830-a7ca-82db2931a6b4,Jennifer,Gass,,
8edaa905-2b0c-42f5-8f45-82e31afe7962,Peter,Rab,,
a10f55dc-e8ab-43cb-9d4d-82eefb36617b,Scott,Steinmann,,
b1258524-7cca-40b4-b9ce-830660f74d57,Cameron,Atkison,,
5f042b47-5ebf-4c20-a89d-8308d7e5826b,Alp,Paksoy,,
1cff9585-09bb-4caa-a9fe-830d37fb8797,Alexandre,Laedermann,,
22865d89-9074-4667-8511-831d67528320,Aníbal,Debandi,,
229108b3-ec73-48f2-880f-833c72bae503,Alexander,Dippre,,
a353ba4f-cc18-4faa-b28b-8341ffab4d06,Christian,Spross,Dedicated Teacher and Shoulder/Elbow Surgeon,https://files.abstractsonline.com/assocphotos/2656/a353ba4f-cc18-4faa-b28b-8341ffab4d06.profile.jpg
2b18fcf0-50be-4af5-b75b-835185649b2b,Michael,Cusick,,
dfbb8c2a-a92c-4ac1-bcc9-8353a00cfdde,Marco,Guareschi,,
829c8ec7-14ec-4cc7-bec7-8359ce7af003,Victor Yan‑Zhe,Lu,,
f6bd34bd-277d-4331-bc00-837b709ece3b,Alexander,Hornung,,
fce4e003-d13e-4887-8098-837c33a5c88d,remi,carre,,
ab886c24-0027-4e8a-a665-83867936ac75,Matthew,Pappas,,
38da2235-4f17-4016-aca9-8392aa09e1b4,Alberto,Fontanarosa,,
113e6b40-f561-48b2-b550-83a7c559e2e4,Mirek,Karel,,
721a002a-1cfa-45b5-847c-83a8a6c21cf3,Sofiu,Ogunbiyi,,
42628200-3029-414e-ab3e-83cc1c3ef9c5,Margaux,Feltrin,,
072c5cdc-f286-41cf-9d79-83d59a0facba,Charmili,Chandrakumar,,
35a3052f-ea21-40a4-90a6-83de67fb5d80,Steve,Andrews,,
7e87b29d-542b-41ca-96ff-83e0ae8fccb8,Mara,Riminucci,,
e4e4010e-2062-4def-a7b8-83e9bffc5510,Daniel,Maunder,,
c2556723-c8cb-4792-9e0b-841bd266eed0,Byung Jun,Hwang,,
31737ed7-f837-40cf-97e9-842b03eacf25,Christian,Lozano,,
c310e2b3-7e41-4153-bec3-8431273be664,Rohit,Sane,,
29c1d745-175e-46c0-b207-8438492589a6,Aimee,Bobko,,
a3019b6e-72eb-4b1e-945e-843b609203cb,Phillip,McClellan,,
45e2460e-2ade-4b63-b3a9-84405fe89820,Fares ,aljahdali,,https://files.abstractsonline.com/assocphotos/2656/45e2460e-2ade-4b63-b3a9-84405fe89820.profile.png
60aea348-4bc8-4264-bad5-84514995b900,Mauricio,Perroud,,
af3fe7c0-9f89-4e51-9b30-8480bf60919b,Ricardo,Mendes,"Shoulder and Elbow Surgeon, trained at the NAEON Shoulder and Elbow Group in São Paulo, Brazil.Currently serves as Director and Fellowship Program Coordinator of the NAEON Shoulder and Elbow Fellowship.Member of the Arthroscopy Association of North America (AANA) and the International Society of Arthroscopy, Knee Surgery and Orthopaedic Sports Medicine (ISAKOS), actively participating in international academic and surgical initiatives.",https://files.abstractsonline.com/assocphotos/2656/af3fe7c0-9f89-4e51-9b30-8480bf60919b.profile.jpg
914734d4-3222-482f-bdb7-8498b9d1cbff,Corey,Hryc,,
f5f6efe2-2c19-4eec-9642-849d60d2f751,Naser,AlNusif,,https://files.abstractsonline.com/assocphotos/2656/f5f6efe2-2c19-4eec-9642-849d60d2f751.profile.JPG
c732b0ee-3374-4429-a351-849f21f63f06,Anil,Dutta,,
3f34fdee-4e19-40e6-a4a6-84a0cddf5522,Leonardo,Moreno-Rodriguez,"Shoulder Surgeon Bogota, Col",
c990e901-e301-4d55-9064-84a327d79829,Biagio,Carboni,,
2bf2f72c-19ca-4bfb-9aed-84f10e0d5f69,Lisa,Cannon-Albright,,
7a664e2c-1430-459c-ac9d-84f14808af68,Cleveland,McCarty,,
660374ab-3ee3-4bb0-8b1f-84f1a4ee20f2,Harrison,Fellhiemer,,
6a3bd9a5-1290-4972-bf99-84fd05095393,Blake,Delgadillo,,
4cb19d4b-c371-4e99-a018-85131c010d0b,Julia,Retzky,,
74fb0a4d-fbeb-49c0-b78a-852a49ca6cba,Francis,Lazier,,
f96fd840-9ffb-4284-a83a-852b1b12a0ef,Julia,Bayer,,
a1c8cc0b-3dee-4afb-aecb-85306988648e,Konrad,Mader,,
b6bbb7a1-3e9d-4185-9430-853530481b4b,Tanner,Ellison,,
f718111a-1ce1-40ab-a6bc-855074f04633,Antonio,Arenas-Miquelez,,
f70df5fa-be08-4c64-a0c5-85583cfe3933,Albert,Mousad,,
f0bf4edf-bf7e-4b4d-a443-856b4f8032f0,Ye,Shu,,
93e5052e-40fb-4a3d-b22e-856d373e667f,Lisa-Marie,Randlkofer,,
9657f482-3c45-48f4-ab4d-857b9d80014b,Brieuc,Monin,,
d951e8b8-232e-4342-bd5b-8581943c8223,Vincent,Buckman,,
9acee3a9-3aa0-4b8a-b0b6-8591f1074126,Joesph,Brinkman,,
d186c569-6a12-4ce9-ba77-859eccc886c6,Matthew,Ambalavanar,,
a6fcd9bd-b565-4066-9699-85b588625568,Masaya,Nakamura,,
5eb66ad0-22dd-4f78-b09c-85c630747993,George,Li,,
f98fff53-a903-4727-8ceb-85eb141c9740,Philippe,Valenti,Shoulder surgeon Orthopedist    President Institut Hand and Shoulder  Member ASES SECEC  post President AOT SOFECMicrosurgeon (Nerves around shoulder)   ,https://files.abstractsonline.com/assocphotos/2656/f98fff53-a903-4727-8ceb-85eb141c9740.profile.jpg
8a33a18b-5074-4361-ba78-85f98e9b5844,Alberto,Miyazaki,,
7a979b01-e0de-4e20-a212-861765494bed,Marcelo,Bordalo,,
1c9c2e71-af63-4851-9f58-8628c53923df,James,Carpenter,,
52e23d08-04b3-4229-9825-8636e9002ce6,Mohamed,Mahmoud,,
ae7c91a9-ce0c-45e1-a7fa-8641df77d867,Alex,Youn,,
1987e1a0-2d5d-4bbd-bfcd-8648fa1cd337,Alexander,Barrett,,
827dfb77-973c-4056-9eb3-865c2e67ed0e,Kim,Tabelião,,
df9a6c94-4fc1-4d4d-9798-8666767971d7,Lindsay ,Schuster,"Lindsay Schuster is an orthopedic research assistant at Hospital for Special Surgery working in the Shoulder Service under Lawrence V. Gulotta. She completed her post-baccalaureate premedical studies at Johns Hopkins and plans to pursue a career in medicine with a strong interest in orthopedic surgery. As a former Division I athlete, her experiences in athletics and sports-related injury recovery helped spark her interest in orthopedics and musculoskeletal research. ",https://files.abstractsonline.com/assocphotos/2656/df9a6c94-4fc1-4d4d-9798-8666767971d7.profile.jpeg
1f226f90-7c1d-4c21-b739-866a46323251,Danny,Chan,,
704b49a9-3d44-4bce-ba03-866f3209221a,Lawrence,Hall,,
50afa58f-8f2f-4824-8b7f-86714eddc63d,William,Daner,,
832024d2-f59a-4fce-b17b-867e497a2c98,Roberto,Ikemoto,,
3e5569ad-e6e6-439f-8196-8682752c79b0,Yingtong,Gao,,
fb032104-d9f7-4fbf-9a49-8685b91a15c4,Eunho,Choi,,
36ae3d7f-36c3-4052-906d-8693df85772b,Stefan,Bauer,"APPENDIX B: SHORT CURRICULUM VITAE Personal Details•Name: Dr. med. Stefan Bauer, MD, PhD cand., Orthopaedic Shoulder and Elbow Surgeon•Institutional Affiliations: Shoulder, Elbow and Upper Limb Centre of the Service d’orthopédie et  traumatology at Hospital, Ensemble Hospitalier de la Côte (EHC), Morges, Vaud, Switzerland. UWA research collaborator and PhD Student.•Linkedin: https://www.linkedin.com/in/stefan-bauer-9055b46/•Languages, surgical research network: Trilingual in German (C2 native), French (C1-C2), English (C1-C2); Germany, Austria, Switzerland, France, Europe, Australia, Canada and USA.Education and Training•2022-2026 PhD in Reverse Total Shoulder Arthroplasty, Shoulder Surgery, and Orthopaedics, University of Western Australia•2025 Clinical observership with Dr Mark Frankle •2019 Clinical observership with Dr George Athwal and Professor Graham King •2015-2017 Integrated fellowship with Prof. Markus Loew and Dr. Sven Lichtenberg •2012 Clinical observership with Dr Gilles Walch •2006-2015 Orthopaedic surgery training, Western Australia (Perth) — 8.5 years of postgraduate surgical training, in orthopaedics, with focus on shoulder and elbow surgery•2005-2008 Basic Surgical Training in Edinburgh with MRCSEd exams •2005 Medical school and national exam, University of Tübingen and Heidelberg •2005 Doctorate (Dr. med.), University of Heidelberg and RWTH AachenCartilage research in clinical and basic scienceMentorshipI am grateful for the mentorship and guidance of recognised leaders in shoulder surgery:•Dr Gilles Walch (Lyon, France) – mentorship in shoulder arthroplasty, shaping my early academic and clinical foundation.•Prof. Markus Loew and Dr. Sven Lichtenberg (ATOS Clinic, Heidelberg, Germany) – fellowship mentors in advanced shoulder and elbow surgery, with a focus on arthroplasty and arthroscopic shoulder surgery•A/Prof. William Blakeney (University of Western Australia / AOA NAJRR) – tandem research partner in reverse shoulder arthroplasty, registry-based outcomes, and translational science.•Clin. Prof. Allan Wang (University of Western Australia) – surgeon scientist and mentor during orthopaedic training in Western Australia.Academic and Clinical Position•2020–present: Research Lead, Shoulder, Elbow & Upper Limb Centre, EHC, Morges, Switzerland2018–2022: Chairman of Service d’orthopédie et traumatology at EHC, Morges •2017–present: Founder of Shoulder, Elbow & Upper Limb Centre, Consultant Orthopaedic Surgeon, EHC, Morges, Switzerland•2015–2017 Consultant Orthopaedic Surgeon, Arthroscopy, Shoulder & Trauma Surgery, KLK Lörrach, Germany.Clinical Experience and Expertise•Performed and followed over 500 reverse total shoulder arthroplasties across a broad spectrum of primary and complex revision indications, with use of computational planning and modelling and longitudinal outcome tracking.•Experience with patient-specific, scapula-centred reverse total shoulder arthroplasty, incorporating anatomical, postural, and biomechanical considerations into surgical decision-making.•Experience in revision reverse total shoulder arthroplasty, management of scapular spine fractures and instability, and complex cases involving bone loss, deformity, and prior failed arthroplasty.•Established and maintained a prospective clinical registry with long-term follow-up, incorporating radiographic, strength, and patient-reported outcome data, including contribution to the development of a novel PROM (FS ASAP-22).•Additional surgical experience includes anatomical total shoulder arthroplasty, Latarjet and instability procedures, rotator cuff reconstruction, and pectoralis minor release for scapulothoracic dysfunction.Research Output and mentoring•Peer-reviewed publications: >70; Citations: >700; h-index: 15, i10-index: 18•First/Senior author publications: >50; Conference presentations: >50•ORCID ID: 0000-0002-8235-0287•Google scholar:https://scholar.google.com/citations?hl=de&user=UGdSJuUAAAAJ&view_op=list_works&sortby=pubdate•Doctoral mentoring and co-supervision contributions to two doctoral theses at the University of Lausanne (UNIL), including contribution to research design and methodological development Candidates: Wei Shao and Jeanne Martin. Intellectual Property, Patents, and Trademarks•FS-ASAP-22™ patient-reported outcome measure and associated software framework — inventor; patent filed; trademarked.•ShoulderScap+™ software framework for scapula-centred planning and modelling — trademarked.•Reverse Trillat procedure for correction of posterior acromial coverage — inventor; patent filed.•Arthroscopy-assisted posterior glenoid open-wedge osteotomy with dedicated instrumentation — inventor; patent filed.Awards, Selections, Prizes, Grants•2025 Paper selection “Top of the Top papers” session, SECEC Rotterdam•2025 Grant de la Fondation Givel, 10.000 CHF, “Are scapula kinematics altered by bras?”•2024 SECEC Video Award: “Bone block for coronoid bone loss”•2023 DVSE-DACH Alwin Jäger Award: Bone block for coronoid bone loss” Mahlouly J, Bauer S.•2021 SECEC Video Award: “Latarjet-Patte with Walch’s technique•2016 Berlin Arthroscopy Award: “Multiligament knee reconstruction” Friedrich K and Bauer S.•2015 Berlin Arthroscopy Award: “Rotator cuff repair with bone grafting” Bauer S.•2005 Gertraude-Holste Award for the doctorate (Dr.med.) in orthopaedicsAcademic Service, Membership, and Leadership •2025 Expert and Steering Group Member, Member of Scientific Advisory Board (SSAB):Swiss Shoulder Arthroplasty Registry (SIRIS) •2025 SECEC Examiner of shoulder surgeons for the SECEC certificate•2024 Corresponding Member of the American Shoulder and Elbow Surgeons (ASES) •2024 Reviewer for the Journal of Shoulder and Elbow Surgery •2024 Elected Member Shoulder and Elbow Surgery Expert Group, Swiss Orthopaedics •2023 Member of the SECEC Qualification Committee •2022 Member of Editorial Board, Video Journal of Sports Medicine (VJSM)•2021 Member of Rehab Committee, German Austrian Swiss Shoulder & Elbow Society (DACH)•2023 Member of Swiss Orthopaedics •2019 Member of the European Shoulder and Elbow Society (SECEC)•2018 Member of the Société Vaudoise de Médicine (SVM)•2015 Member of the German Society of Orthopaedics and Traumatology (DGOU)•2015 Member of DACH•2013 Member Society for Joint Surgery and Arthroscopy (AGA) 2026 ASES specialty day, American Academy of Orthopaedic Surgeons (AAOS) New Orleans: Faculty; 1 podium 2025 The Battle: Shoulder and Sports medicine Course in Modena: Faculty; 1 podium2025 European Society for Surgery of the Shoulder Elbow (SECEC) Rotterdam: 2 podiums; Top of the Top session2025 Deutsche Vereinigung für Schulter- und Ellenbogenchirurgie (DVSE) Zürich: 3 podiums; Session chair 2025 IGOF/MIOT International Shoulder Course, Chennai: Faculty; 3 podiums; session chair 2025 Swiss Orthopaedics Zürich: 4 podiums2024 American Shoulder and Elbow Surgeons (ASES) San Antonio: 1 podium2024 Society for Joint Surgery and Arthroscopy (AGA) Zürich: session chair2024 SECEC Munich: Instructional Course Lecture (ICL) design/moderation; 3 podiums; SECEC Video Award – Elbow2024 DVSE Düsseldorf 2024: 2 podiums 2024 Nice Shoulder Course: Faculty; 2 podiums 2024 Swiss Orthopaedics Lausanne: 2 podiums2023 DVSE Hamburg 2024: 2 podiums 2023 SECEC Dublin 2024: 1 podium 2022 DVSE München: 2 podiums2022 American Academy of Orthopedic Surgeons (AAOS) Chicago: ICL design/moderation; 1 podium 2021 AGA Innsbruck 2021: 1 podium 2021 SECEC Poznan 2021: SECEC Video Award – Shoulder2020 DVSE Düsseldorf: 1 podium ",
6b1955ff-bb16-4270-93d4-86a18141d877,tristan,langlais,,
77dbc11d-a45e-4a63-a468-86a4ab83b16a,Malek,Itani,,
3160d72f-57ef-4321-a6de-86a516c8f82a,Obinna,Nwanna,,
15a5bfbc-2521-47a3-81f7-86bc14d33527,Miguel González ,González Thompson,SHOULDER AND ELBOW SURGEON,
0764af08-b0ca-4876-9a0e-86c88172a193,Henk-Jan,van der Woude,,
716ac028-209f-40b9-8065-86c9e0620b72,Mochamed,Hachem,,
de2e59fa-7b4b-4376-bff1-86cc2621b8db,Max,Kunz,,
aa3c0985-458e-48be-9dde-86f0f2df0eaf,Itsuki,shimada,,
e3854d9e-c8e0-4af9-a9c0-86f63da407d8,Kerry,Danelson,,
b6757646-5006-47fe-8041-86f6511c6930,Eric,Mao,,
482c17ea-4d5c-4624-8dc0-8707fde2700d,Mehrdad,Swizi,,
8156791d-dfbd-41b8-8a8d-870bacaa9c1b,Michel,Azar,,
86e12f66-4d9c-4299-83b8-870ca7f0e5ed,Ronald,Navarro,,
2c821d5e-aa8c-4a21-88e5-871f0d0c80fb,Timothy,Uhl,,
6a8a1ac7-896a-4fb5-975e-872503f9f38d,JUNG-YOUN,KIM,,
bbda8f53-8ab1-451c-809e-8729b7c114a2,Patrick,Robinson,,
fe6303e1-38d4-46aa-8837-8731189f7149,Nish,Patel,,
9ae6ea58-4e13-4603-8688-874106837528,Marcelo,Mello,,
6a3db5ff-4566-445c-8c56-874c031d71e2,Alper,Dünki,,
f72ea550-a056-4af5-943b-877ce3ad4d75,Guillermo,Droppelmann,,
96f1fd85-89b8-424b-832b-879f279972f2,Beatrice,Ricciardi,,
5a63ddd9-abb9-4150-884f-87a72b9374f9,Rohan-jean,Bianco,,
3434d4ee-43b3-480c-be5d-87b52fd38eae,Sebastián,Spichiger,,
cf701ef8-7896-4dd6-99b7-87b5483ff49c,Christopher,Child,,
7abe09cb-460d-4ea3-997a-87b5641558ea,Douglas,Bruce-Brand,,
c3aa3b5b-a8f7-4cb3-b53c-87bd71f9b179,Patrick,Ward,,
94b0e7e6-48a3-45c9-988f-87cb61f4197a,David ,Ruch,,
bc0acccb-1ab4-4229-ae9e-87d8d3575033,Davide,Cucchi,,
9460c460-adf0-4de3-8f99-87e16dd19eec,Todd,Moen,,
563c3b14-8aca-47c9-9ff6-8806607b0ba2,Amaury,Jung,,
00b398e2-21b6-4c17-9739-880ffbc9d83c,HYUN SEOK,SONG,,https://files.abstractsonline.com/assocphotos/2656/00b398e2-21b6-4c17-9739-880ffbc9d83c.profile.jpg
69cc5f0f-943f-4ba8-bb4d-882bfd398844,Ankit,Hirpara,,
7fe49a11-d24e-4fe5-ba4d-8845a0f8d170,Anthony,Albers,,
40474db2-9080-4750-91eb-8870b2dd4242,Fay,Leung,,
2dc48d4a-2ead-427b-8fd9-887526c12b19,marco,Spoliti,,
366741d3-d05f-4686-a5c3-88771d2550e9,Moin,Khan,,https://files.abstractsonline.com/assocphotos/2656/366741d3-d05f-4686-a5c3-88771d2550e9.profile.jpg
99de6cfe-82ff-4f01-aa94-8877a8f2f176,Stephen,Weber,Orthopedist specializing in complex shoulder surgery with 4 years experience as FDA Medical Officer,
4cef3e0e-095a-466a-b421-889dc9f30ab4,Jonathan,Ticker,,https://files.abstractsonline.com/assocphotos/2656/4cef3e0e-095a-466a-b421-889dc9f30ab4.profile.jpg
ea6bd849-2a48-4633-a4fe-88b106922579,Maciej,Simon,,
fdbc294b-95b6-4008-aa18-88b92bd9754a,Raffy,Mirzayan,"Dr. Raffy Mirzayan is a double board-certified orthopedic sports medicine surgeon with over 25 years of experience specializing in shoulder, elbow, and knee surgery. He practices at DOCS Health in Los Angeles and serves as a Clinical Professor of Orthopedic Surgery at the Keck School of Medicine of USC.  Dr. Mirzayan completed his sports medicine fellowship at the prestigious Kerlan-Jobe Orthopaedic Clinic. He is internationally recognized as an innovator in shoulder surgery and joint preservation, best known as the inventor of Biologic Tuberoplasty™ for massive, irreparable rotator cuff tears. He is co-founder of Shoulder360™, one of the largest shoulder courses in the United States, and a dedicated educator who has trained over 100 orthopedic residents. Dr. Mirzayan is the editor of three orthopedic textbooks and has authored more than 150 publications and book chapters, delivering over 200 lectures and presentations worldwide as an international lecturer.",https://files.abstractsonline.com/assocphotos/2656/fdbc294b-95b6-4008-aa18-88b92bd9754a.profile.jpg
719540a7-3f1d-46a8-84e6-88bcd762ee66,Andrea,Celli,,https://files.abstractsonline.com/assocphotos/2656/719540a7-3f1d-46a8-84e6-88bcd762ee66.profile.jpg
537b5d33-3bd7-4df9-bbeb-8907ead844e7,Andrew,Collins,Orthopaedic Surgery Resident at the University of Washington,https://files.abstractsonline.com/assocphotos/2656/537b5d33-3bd7-4df9-bbeb-8907ead844e7.profile.png
7a938ca8-c3f4-438e-bf7d-8912347912ea,JOSE,OSMA,,
624f4f50-7617-4bf6-b8f3-895e4e3c8965,Hussain ,Selmi,"Mr Hussain Selmi is currently an Upper Limb Fellow at the Royal National Orthopaedic Hospital, Stanmore. Prior to this, he completed a fellowship in Upper Extremity Trauma at Imperial College Healthcare NHS Trust. Outside of work, he enjoys playing sports with his son and is an active member of his local cricket team.",https://files.abstractsonline.com/assocphotos/2656/624f4f50-7617-4bf6-b8f3-895e4e3c8965.profile.png
f570fbcf-710d-4885-ad3f-897c74bdf417,Charles,Jobin,,
c47c649c-987c-4824-934a-897dbba4d2a3,Cooper,Williams,,
b368b320-2e89-4de7-997f-8988af312aca,Joel,Bird,,
fc0cfb34-466e-4540-9d7c-8992365e798a,Ricardo,Okamoto,,
2b6aadf1-83ff-403c-9f15-8997490328ea,Daniel,Thurston,,
0d7e8217-27ad-425c-b128-89b424227c46,Carl,Basamania,,
dc4bea0a-748e-4ff0-90ef-89b8398cad93,Emmanouil,Fandridis,,
24a0a595-557a-4c67-acbe-89bcdd747f35,Joseph,Buckwalter V,,
aeeea13c-2083-47dd-9483-89bf6dddd5ba,Bashir,Zikria,,
76e286f7-edfd-4acc-b87f-89c66cc699cb,Juan,Lizcano,,
6760c48a-fb99-4b2b-bc86-89cd0e5b8c46,Manami,Katsumata,,
1fd18991-8da9-4aa4-8f7f-89d47718ae1f,Adel,Tavakkolizadeh,,
29f4ebcb-1e95-42b8-9375-89d91f61c63a,Dante,Trabassi,,
7e93dbd5-1ca2-4974-8e86-89e9ac66ef4e,Scott,Mair,,
531d85a2-f46a-4779-af13-89efe4629ee8,Frank,Alexander,,
9b0541b6-c898-4bae-93b9-89f2e3da9474,Alexander,Hooke,,
c38d4cea-041f-4fe8-b998-8a08c83718ce,Cassie,Fleckenstein,,
1e62e0cd-9322-4db2-8bd3-8a12cfc162c9,Brendan,Patterson,,
75020c00-5d30-4956-8a71-8a382a8ca193,Chan Mo,Sohn,,
ba245a22-c818-445f-9091-8a3c8a306da3,Jennifer,Traverse,,
7bbaa96a-4837-4bab-8faf-8a3d642635b4,Tyler,Radack,,
4e45f561-36f4-4497-af1b-8a45d88eecfc,Sungyoon,Cho,,https://files.abstractsonline.com/assocphotos/2656/4e45f561-36f4-4497-af1b-8a45d88eecfc.profile.JPG
888355d4-b927-4bce-b266-8a640d2c958c,Devon,Pekas,,
88d433b0-193f-435b-9ff2-8a770f6a96ca,Deborah,Hall,,
5f4eb83c-926a-4c8d-90e8-8a8c9106de9c,Morgan,Sisk,,
9d4f36d0-0432-42fd-b0b6-8a953e142fa0,Samuel,Antuña,,
a1104da3-56a0-43ae-ad35-8aa974c29862,Kirsten,Porter,,
9267279e-f8c9-433f-9689-8ab626da9822,Garrett,Berger,,https://files.abstractsonline.com/assocphotos/2656/9267279e-f8c9-433f-9689-8ab626da9822.profile.jpg
ac0830b1-7293-4548-b04f-8ad2d7301bcf,Amit,Momaya,,
2f643a27-cd53-4e7b-98fd-8ad42928509b,Michael,McKee,,https://files.abstractsonline.com/assocphotos/2656/2f643a27-cd53-4e7b-98fd-8ad42928509b.profile.jpg
ecb90f87-01d8-4cb6-b03b-8afe537265d6,Mackenzie,O'Connell,,
6f1eab1c-9318-45e3-b3f4-8b07f939d2e0,Lynn,Robbins,,
95dd9b35-8dde-461b-b010-8b124d910df1,Tera,Scott,,
ddc96839-dba4-45e1-8c13-8b290bcffe94,Milton,Quijada,,
9dd9c651-6f63-4900-9a62-8b295d683989,Suhasini,Gupta,,
059689ad-1cdd-4eda-a8f8-8b321ea12bcb,Lisa,Lattanza,"Dr. Lisa Lattanza is the Ensign Chair of the Department of Orthopaedics and Rehabilitation at Yale School of Medicine. She earned her medical degree from the Medical College of Ohio, completed her orthopaedic surgery residency at the University of Missouri Kansas City, and fellowships in hand surgery at Columbia/Roosevelt Hospital and pediatric upper extremity surgery at Texas Scottish Rite Hospital for Children.Lattanza specializes in post-traumatic and congenital reconstruction of pediatric and adult elbow conditions and is a world-renowned leader in patient-specific 3D surgical planning for deformity correction. In 2016, she led the world's first elbow-to-elbow transplant and pioneered a new classification system for Chronic Monteggia Fracture Dislocations in children. She also regularly travels to Nicaragua and other countries to perform hand surgery on mission trips.Her research focuses on 3D surgical planning, elbow instability, post-traumatic elbow conditions, and the underrepresentation of women in orthopaedics. When she joined Yale in 2019, she became one of only two female orthopaedic chairs in the U.S. In 2009, she co-founded what is now the Perry Initiative — named after pioneering surgeon Jacquelin Perry, MD — which has grown from 18 high school girls in San Francisco to over 17,000 students nationwide, with participants matching into orthopaedic residencies at nearly double the national average.Lattanza has received numerous honors, including UCSF's Compassionate Physician (2013) and Exceptional Physician (2014) awards, the Jefferson Award for Community Service (2014), the AAOS Diversity Award (2021), and the Medical University of Ohio Distinguished Alumni award (2024). She served as president of the Ruth Jackson Orthopaedic Society in 2017 and remains active in major orthopaedic professional organizations.",https://files.abstractsonline.com/assocphotos/2656/059689ad-1cdd-4eda-a8f8-8b321ea12bcb.profile.jfif
0d2a6ae6-23c4-4d09-9871-8b44f2b5bcc6,Alex,Youn,,
7d2522be-3f20-4c91-b846-8b4640e627b8,João,Yazigi Jr,,
5a303686-bbdb-4049-a820-8b7d712f9129,Warren,Dunn,,
66c6d732-4a1a-4c4c-b794-8b7f1768bfb0,Namdev,Gorgile,,
7bde7d8c-121d-40a6-b9fe-8b9991a1e480,Alex,Hoffer,,
c9efe132-fabe-4200-af3f-8ba7ab533652,Richard,Appleyard,,
d10c3d3f-ac47-43bc-8cc1-8baea1fe19fb,Linda,Tang,,
1293ea6f-372f-4c75-ab27-8bb10c39aedc,Alessander,D’Ascoli,,
53cc8348-dccb-466b-9e50-8bb6fccf9b82,Jason,Howard,,
ae0e350e-ab50-46c5-9922-8bc3fbfb547c,Haley,Tornberg,,
496b7a0e-3e33-4f99-9137-8bf580c6bfcd,Sebastien,Prigent,,
d83103a1-8008-415a-bbb9-8bffb57772c9,Lisa,Peduzzi,,
5e3ed234-3802-43b5-871c-8c20763712e0,Andrew,Jawa,"Dr. Andrew Jawa is the open shoulder specialist at the Boston Bone and Joint Institute, a large private academic practice. As the open shoulder specialist, Dr. Jawa performs over 300 shoulder arthroplasties a year at both the New England Baptist Hospital and Boston Outpatient Surgical Suites. Through rigorous surgical and academic efforts, Dr. Jawa has become a regional and national leader in shoulder arthroplasty.  He is the head of the shoulder section of the New England Shoulder and Elbow Society, and an active member of the prestigious American Shoulder and Elbow Society (ASES) and the Association of Clinical Elbow and Shoulder Surgeons (ACESS). Within ASES, he chairs the Complications of RSA Research group that aims to elucidate the etiologies of major complications following RSA. As an associate professor at Tufts University School of Medicine and co-director of the Harvard Shoulder Fellowship Program, Dr. Jawa has won numerous resident and fellow teaching awards for best instruction by an attending surgeon. He has been voted into “Boston’s Top Doctors” every year from 2017 to present. Additionally, has published over 100 peer-reviewed articles and book chapters, regularly presents at national conferences, and is an associate editor for the Journal of Shoulder and Elbow Surgery.Dr. Jawa also pushes the field of upper extremity arthroplasty forward through his insight as a designer. He holds 3 patents, and is the lead designer for Ignite Orthopedics and Depuy Synthes on multiple projects including a radial head replacement and stemless total shoulder replacement.",https://files.abstractsonline.com/assocphotos/2656/5e3ed234-3802-43b5-871c-8c20763712e0.profile.png
f4ca5615-7665-4edb-a887-8c286bec7954,Eryvaldo,Egito,,
d78abd79-5b6c-49bb-83cd-8c2c3d289f2a,Brigitte,von Rechenber,,
61afcfff-321b-483a-a84c-8c3106369aac,YOUNG-TAK,CHO,,
d17f377e-c5e8-41e6-bed9-8c445056a543,Crystal,Meza,,
c981d816-07df-47fd-9b95-8c5e200c1ddb,Alexandra,Mathews,,
23131981-a246-45ce-9bbd-8c65f1bff1f6,Minah,Waraich,,
1789ffb9-85a4-4192-b1ee-8c8012454c15,Anne-Marie,Bédard,,
616d857a-2a2a-4feb-af7f-8c8b8c54d70a,Edward,Allen,,
6d3d6fd6-cabe-40dd-969a-8ca40a496fd4,Angela,Presson,,
a5b29131-19c3-42b7-812a-8ca64b55c6b9,Jong-Ho,Kim,,
b6d3b4f1-cbfb-4bb6-8c95-8cbf1c1ce72a,Tayfun,Ozel,,
4d47a808-3e4c-47c7-8562-8cc0c43085ce,Katherine,Corso,,
829099c8-1a2e-4c44-85f6-8cc93747bee3,Kate,Gerber,,
c51c4fec-2547-4439-b1e3-8ccd0e39482f,Philip,Nelson,,
995a17fd-8e75-4ec0-864b-8cd885184be6,Samer,Al-Humadi,,
d375a7be-c29f-47fa-bd43-8cdbd08f713e,Issei,Nagura,,
a9e5a84d-4335-48ba-9a69-8ce3634aa9bb,Alessandra,Colozza,,
157a7fd9-b49a-43e2-9233-8ce4fec9ebbb,William,Justice,,
ce8c0bf4-88ef-46d3-84c6-8ce66f4e08bd,Ronald,Navarro,,
381dcefe-a5f0-4006-b94c-8cefc4096410,STEPHANE,JABRE,Orthopedic Resident,
bc75b7a2-0640-4ae7-b67f-8cf91e6161fb,Adam,Lencer,,
87b77037-9eb7-457e-930a-8d0452fd91f1,Jay,Moro,,
9608d88c-3d8f-4cfe-9519-8d0ddf805ce2,Brandon,Rogalski,,
1414ffb9-345a-40ee-8a91-8d104bd9e691,SEBASTIAN,CANAHUATE,,
665184d9-54d3-4711-977d-8d11f4f42a6d,Jose Francisco,Soza Rex,,
459b709d-c836-4a0c-89d3-8d188b8b3b0c,John,Scanaliato,,
e1d8c050-1301-4e7b-bcbc-8d29499028a6,Carmen,Castroviejo,"Orthopaedic surgeon and researcher based in Switzerland, currently specializing in paediatric orthopaedics at the University Children's Hospital Zurich.  My academic work focuses on clinical and biomechanical research, with particular interests in musculoskeletal modelling, gait analysis, and improving outcomes in orthopaedic surgery. Alongside my clinical and scientific activities, I am passionate about climbing, sailing, and mountain sports.",
aee43190-cb93-425a-ad4e-8d2a597b58f8,Johnny,Kasto,,
af419ddf-6c36-483f-8e03-8d2dc337b055,Claire,Hays,,
bc0c5be3-7a76-4438-a9ee-8d48da9f1ca7,Quirino Alessandro,Petrucci,,
1f6aefcf-5591-4027-9952-8d4afd9da359,In Kyoung,Shim,,
faaf225f-d1f6-4cd5-a554-8d581bbe7fed,Christian,Lozano,,
dfec8153-9902-4fa8-b7a6-8d6ad721805f,Noemi,Zaffaroni,"Noemi Zaffaroni is an orthopedic surgeon with a strong focus on shoulder arthroscopy and arthroplasty. She earned her medical degree from the University of Milan in 2018 and subsequently pursued orthopaedic training at the University of Trieste, Italy. Driven to refine her expertise in shoulder pathology and surgery, she undertook a fellowship in 2025 under the mentorship of Prof. Kenneth Cutbush and Prof. Ashish Gupta in 2025, followed by a second fellowship with Prof. Gupta, with a particular emphasis on innovation and the treatment of complex shoulder cases. ",https://files.abstractsonline.com/assocphotos/2656/dfec8153-9902-4fa8-b7a6-8d6ad721805f.profile.JPG
0316cea7-87d3-4e7c-b63d-8d7a44d94ada,Robinson,Dror,,
60b4d97e-fa7b-4f3e-99c4-8d83eb3b7e08,Krishna,Nayak,,
a7b5348b-cbba-4b31-8296-8d9508f81535,Mark,Ziemann,,
f9e1f23c-5838-4a7b-bb0b-8d9c81b2120c,Paula,Gamm,,
cc82f97f-4cdf-4671-856c-8da654957353,Yong Oh,Lee,,
76ede8e1-6548-475d-9ede-8dc36f33f799,Eluana,Gomes,,
47be3a47-5a5d-4542-ab7d-8dccbec5710e,Weronika,Kuznik,,
81a58681-fd2b-459f-84e1-8dd7a90f4e47,Stephen,Lancia,,
6389c56a-db0e-444a-a3ae-8e17d497ceb4,Michael ,Khazzam,,
058ac76d-5b3b-4b34-85b4-8e62a9a5f737,Olof,Wolf,"I work as a consultant orthopaedic trauma surgeon at Uppsala University Hospital, Uppsala, Sweden. I completed a fellowship in Upper Extremity Trauma at Royal Infirmary in Edinburgh in 2012-13. I treat upper and lower extremity fractures including pelvi-acetabular fractures. Complex shoulder and elbow trauma is of special interest with primary and revision elbow arthroplasty being intersting and demanding. I also act as Director of the Swedish Fracture Register.",https://files.abstractsonline.com/assocphotos/2656/058ac76d-5b3b-4b34-85b4-8e62a9a5f737.profile.jpg
cc8c64cb-d30c-40e7-b77d-8e6539630ee3,Diego,Gonzalez-Morgado,,
993ec363-e3d7-4542-87f6-8e65cd434fc1,Dongkyun,Lim,,
4b44eec3-e0a1-4fb0-95fa-8e68f913f9a9,Allison,Smith,,
9f2137ec-df05-4f02-81da-8e959700a34a,Asim,Khan,,
9b0a6afd-0656-4e5c-be01-8e978eedea0e,Austin,Stone,,
eacac4fc-b0cc-47b9-bd09-8eb490e05b99,Bong Jae,Jun,,
ed440d23-c160-428c-b333-8eca95b12ab0,Chad,Cook,,
db7c6b9f-f880-4eb7-80f4-8ede7caf300b,Albert,Solano-López,,
c26182c2-88aa-4dbd-9c05-8ee2d13e8e64,J. Michael,Wiater,"J. Michael Wiater, MD is an orthopaedic surgeon whose practice is limited to arthroscopic and reconstructive shoulder and elbow surgery.  Dr. Wiater received his BA degree from the University of Notre Dame in 1989.  A graduate of the University of Michigan Medical School in Ann Arbor, Dr. Wiater completed an orthopaedic surgery residency at the University of Michigan Medical Center, followed by a fellowship in shoulder and elbow surgery at Columbia University Medical Center in New York City in 1999.  He is a Diplomate of the American Board of Orthopaedic Surgery and holds a Subspecialty Certificate in Orthopaedic Sports Medicine.  Dr. Wiater has published many peer-reviewed scientific articles and book chapters and has lectured extensively at regional, national, and international meetings about numerous topics in shoulder and elbow surgery.  In 1999, Dr. Wiater joined the faculty of the Department of Orthopaedic Surgery, Corewell Health William Beaumont University Hospital, Royal Oak, MI, USA, where he is the Chief of Shoulder Surgery.  Dr. Wiater is a Professor of Orthopaedic Surgery at the Oakland University William Beaumont School of Medicine.  He currently trains orthopaedic surgery residents and fellows and conducts original scientific research.  He is the Program Director for the ACGME-accredited Fellowship in Adult Reconstruction-Shoulder and Elbow Surgery.  In 2012, the orthopaedic surgery residents honored Dr. Wiater with the Teacher of the Year Award.  He holds active memberships in the American Shoulder and Elbow Surgeons, ASES - Neer Circle, American Orthopaedic Association, and the American Academy of Orthopaedic Surgeons.  Dr. Wiater is a founding Editor-in-Chief for Journal of Shoulder and Elbow Arthroplasty.  In addition, Dr. Wiater has served as an Oral Examiner for the American Board of Orthopaedic Surgery and is a reviewer and editor for multiple peer-reviewed orthopaedic publications. His primary clinical and investigative interests include the outcomes and design of anatomic and reverse total shoulder arthroplasties.  He has a busy private practice in Beverly Hills, MI, USA and has been selected by his peers as an Hour Detroit Magazine Top Doc.",https://files.abstractsonline.com/assocphotos/2656/c26182c2-88aa-4dbd-9c05-8ee2d13e8e64.profile.jpeg
9b7689e2-2563-4649-8948-8eedf8d37009,Jack,Legler,,
deaa57be-97e4-4604-8f1d-8ef09eb2b5d1,Riya,Malhotra,,
ba407986-5d56-4d06-a839-8efe5aead740,Matthias,Biner,,
e80a963c-f4a5-4a6f-a260-8f1834a9988c,Lindsey,Ruderman,,
e6ce8df2-f199-4656-85e0-8f23c477a2ac,Peter,Spencer,,
a89de590-171d-4bac-b236-8f280d89135b,alexandre,morante de los reyes,,
c33846e9-801b-473e-96ee-8f43c7db5726,Jonathan,Dickens,,
9a48f2a2-9856-4ea5-b4ac-8f4694f1edaf,Bassem,Elhassan,,
1bdba0b6-8668-424f-8190-8f4d5c60da9b,Steven,Leary,,
7d0f6bc3-409c-417f-9041-8f58134c816a,Birgül,Ascioglu Temiztas,,
a0e19e62-16ee-41d6-b4a2-8f5e883f977a,Kay,Raum,,
b2cc412f-e0e1-47e7-aedf-8f69f91bd966,Atit,Tiwari,,
ccee22b4-a390-4047-bbc4-8f91fed67535,Omar,Guerrero,,
de409d4f-8291-4a14-91cd-8f99f9ba0ff3,Denny,Mathew,,
cb165ab5-5fc3-4bf6-825b-8faa070a8eba,Seung il,Choi,,
adc88099-7c76-46b1-8ba8-8fad0b5a18d4,Bart,ten Brinke,,
d702deb8-7a79-43d8-888d-8fc90220957f,Dirk,Böhm,,
966ece73-cdd8-4055-a213-8fd68b6fce21,David,Knopf,,
b86cdc41-79f6-4d7a-a3a7-8fedb6e8f9e5,Michael,Kissenberth,,
8f182f4c-7a51-4590-93ed-8ff211da8a07,Naoko,Mizuno,,
b096d649-bc26-42a5-b53f-9005a53e3de4,David,Smith,,
d377f70b-2a46-45d6-9146-902181c0a9ac,Nicolas,Cespedes,,
a281943f-d968-4ad3-b193-902ce95fed8d,Isha,Shah,,
41d594e8-7153-4666-9e42-90447e0c4167,Shinichiro,Nakamura,,
13763fae-4074-4b5f-b582-904f918660fb,Ty,Langford,,https://files.abstractsonline.com/assocphotos/2656/13763fae-4074-4b5f-b582-904f918660fb.profile.jpeg
79aa392a-447c-43a2-af88-9053bbb4a55f,Christoph,Schroen,,
643f6266-50b0-4020-ac6f-9056ffdb464a,Grant,Schroeder,,
cb158f95-11cf-4636-b0af-90687396e851,Brandon,Romero,,
bdb64c55-f1f9-45d0-8b3f-906a916b1516,Alexandra,Feuereisen,,
075839d6-a267-401a-953c-906b3c5d43a9,Hugo,Barros,,https://files.abstractsonline.com/assocphotos/2656/075839d6-a267-401a-953c-906b3c5d43a9.profile.jpg
fdda4d1e-0617-47a8-b50c-907b17c589e3,Craig,Ball,"Dr. Craig Ball is an Orthopaedic Shoulder and Elbow Surgeon with 25 years of post-fellowship experience in all aspects of arthroscopic and joint reconstructive surgery of the shoulder and elbow. Having completed his Orthopaedic training in New Zealand, he then undertook subspecialty shoulder and elbow fellowship training in Australia and the USA. He was the pioneer of arthroscopic shoulder rotator cuff and instability repair techniques in New Zealand and has continued to be at the forefront of new techniques in the management of these conditions. He was one of the first surgeons to undertake reverse TSA in New Zealand over 20 years ago and has a particular interest in the role of enabling technology in TSA.  He is continually involved in research and education both at a national and international level. He is a Past-President of the NZ Shoulder and Elbow Society and is the current Australasian representative on the International Board of Shoulder and Elbow Surgery. He is also a Board member of the Asean Shoulder and Elbow Association. His current practice is based at Auckland Bone and Joint Surgery at Allevia Ascot Hospital in Auckland, New Zealand.",https://files.abstractsonline.com/assocphotos/2656/fdda4d1e-0617-47a8-b50c-907b17c589e3.profile.jpg
b1b4d714-cb43-4a89-ab92-909f79dbddc3,Tyler,Thorne,,
eadf212c-ccf5-41e2-93a2-90aa981861e6,Alan,Reynolds,"Alan Reynolds is a shoulder, elbow and sports medicine surgeon in Greensboro, NC; and an assistant professor at the Wake Forest University School of Medicine. ",https://files.abstractsonline.com/assocphotos/2656/eadf212c-ccf5-41e2-93a2-90aa981861e6.profile.jpg
4aa80d66-7e32-418e-94a9-90d7b04ea596,Haoyue,Li,,
500eee80-7837-4fb5-abba-90d971504701,James,Nepola,,
9027d58b-16b2-4fb7-8271-90f27300925a,François,Boux de Casson,,
2638bff6-0c7c-44ec-a366-90fc3ec86f5e,Misty,Suri,,
70edaf1b-5d7d-485a-84b3-9104244b2d9b,Clayton,Hui,,
b823be8a-7a59-4625-a65a-9142f0d7919c,yves,lefebvre,,
602f829d-e56d-4922-ad2d-9144c1f3e55a,Ryunosuke,Abe,,
3602ebc9-1a45-48e2-954c-9166f8a2f6df,Jorge,Sayum Filho,,
650adfe1-f58e-4a61-a89d-916f072e4a07,Jiaxin,Hu,,
00ef9a1a-7652-4c63-9267-917c5207ef09,Adam,Maestas,,
329056ef-215a-473d-9bad-918a93777a3f,Melani cristina,Flores Brito,,
f96e88fa-8a2f-4960-9406-918d6e93278f,Alexandra,Arguello,,
788b5e43-e89a-4225-bf7f-91958ce72ff4,Nicolas,Moran,Orthopedic SurgeonShoulder and Elbow Surgeries,
75cd2f69-2877-4050-8518-9195da2a96b9,Chris,Frampton,,
2e858e18-f5ef-4204-9731-919fec2fcf6f,Byron,Torres,Latin America shoulder and elbow surgery society (SLAHOC) past presidentEcuadorian shoulder and elbow surgery society founder and presidentHospital Metropolitano and Hospital Vozandes active shoulder and elbow surgeon Centro de Especialidades Ortopédicas del Ecuador founder and  shoulder and elbow unit director ,https://files.abstractsonline.com/assocphotos/2656/2e858e18-f5ef-4204-9731-919fec2fcf6f.profile.jpeg
445f749d-08fc-43fe-ae72-91aba3507753,Yasemin Begum,Topkarci,,
5b0c8a56-7490-4aff-aad5-91bfe7137d77,Jan,Nizinski,,
36e7f302-63a1-4f97-9d53-91d9ad9dc1f2,Dillan,Dhanak,,
666c4bfd-a943-4533-9ffb-91dfe3d738cf,Rei,Nishiura,,
b00e7a47-9f9c-4b95-82bf-91ee46513b0d,Sarah,Koljaka,,
fb1e875e-9119-4553-a468-91f1c1de38b7,Cristobal,Del Pino,,
434629ba-9266-415d-b142-91fe2f88aa43,Christian,Fialka,,
13dea92d-03e4-4a2c-a0a2-9203fcf4fd23,Zachary,Morcos,,
da825b51-c982-490c-b063-92069395e725,Scott,Huff,,
43e40b21-5d27-43e8-80bc-920b3f1b2f9b,Kendall,Derry,,
9bd2f4fa-4ca7-4f71-9a99-924e6f2980e6,Nicola,De gasperis,,
29fe078a-b4d1-4053-9f0a-92578e7af5d2,Bridger,Bell,,
388d890d-c768-46b7-a371-925b5bc73f96,Amin,Abukar,"I completed my orthopaedic residency training in London, UK, on the University College London Hospitals rotation under the leadership of Professor Fares Haddad, who served as Training Programme Director. I am currently completing an Upper Extremity Fellowship at the University of Toronto at Sunnybrook Health Sciences Centre under the supervision of Professor Diane Nam. My clinical and academic interests focus on upper extremity arthroplasty, trauma, and sports-related injuries, with active involvement in the Sunnybrook Orthopaedics Upper Limb Research Group and ongoing research in upper extremity clinical outcomes and arthroplasty. I have a particular interest in advancing evidence-based approaches to shoulder and elbow care.",https://files.abstractsonline.com/assocphotos/2656/388d890d-c768-46b7-a371-925b5bc73f96.profile.jpg
e6841729-ee9e-445c-9339-92601df87b81,Matthew,Smith,,
cb5c6099-9af0-4e55-9fc2-9260fde92b32,Gerald,WIlliams,,
05937a73-f52e-4773-9e16-9264ddddfe3f,Mark,Rodosky,,
76f2f2dd-fdb5-4b95-9558-9273b009d615,Hazimah,Mahmud,,
8b0dc601-b68a-42ae-88c5-9275bbbf5563,jose,sandoval,"Dr. José Carlos Cortés Sandoval is an orthopedic surgeon and traumatologist with over four decades of clinical practice, recognized for his work at the intersection of bioethics, clinical decision-making, and health system governance. He holds two master’s degrees from the University of Guadalajara, in Bioethics and Medical Sciences.He serves as President of the Bioethics Committee at Centro Médico Puerta de Hierro Andares and as a member of the Bioethics Committee at the Centro Médico de Occidente (IMSS). He is also a faculty member at the Universidad Autónoma de Guadalajara, where he teaches Orthopedics and Traumatology and leads the Ethics in Health Services module in postgraduate hospital management programs.Dr. Cortés Sandoval is the author of the concept of Smarmy Medical Paternalism and the framework of Moral Architecture, which address ethical inversion, overtreatment, and low-value care in contemporary surgery. His current research focuses on unnecessary surgeries, informed consent, second-opinion models, and the ethical integration of artificial intelligence as a cognitive partner in clinical practice.His work emphasizes clinical pertinence and proportionality as essential principles for restoring ethical alignment, patient autonomy, and sustainability in surgical care.",
9dfb2fb7-9fc7-400e-9131-927e419f02bc,Ozkan,Ozturk,,
ef1dd6a5-dbfe-45a3-915d-929389cf62c7,Alexander,Guareschi,,
b4615b81-0a70-464c-bf3d-929d71cba20d,Tim ,Uhl,,
ba937277-cdf0-4f3c-992d-92a15e79e9eb,Brian,Grawe,,
645e2837-b95e-4275-832d-92b3dbe1c810,KITAE,KIM,,
37d038b2-6c82-4ec7-81b3-92c0a9026857,Stephanie,Muh,,https://files.abstractsonline.com/assocphotos/2656/37d038b2-6c82-4ec7-81b3-92c0a9026857.profile.jpg
f023e165-4673-4de9-b9d2-92c16e06ab59,Kellie,Hastings,,
8a87a6bf-e46c-4098-b9f4-92c652fdd58e,Ryan,Johnstone,,
e47a0f66-4282-443c-b439-92d4c612fa81,Evgeniy,Uvarov,,
4e3cd711-f983-4662-b6b4-92e1ff020156,Jorge,Orbay,"Jorge L. Orbay, M.D. is a board-certified Orthopedic Surgeon specializing in hand and the upper extremities. He received his training and residency at the Hospital for Joint Diseases Orthopedic Institute of New York and completed his fellowship in hand and microsurgery at the University of Miami/ Jackson Memorial Hospital. As a dedicated innovator in his field, he has developed implant systems and techniques that continue to improve patient quality of life. He has proudly served patients at the Miami Bone & Joint Institute, formerly Miami Hand & Upper Extremity Institute for over forty years.",https://files.abstractsonline.com/assocphotos/2656/4e3cd711-f983-4662-b6b4-92e1ff020156.profile.jpg
1221d8ed-d4cd-4dd9-8a3c-92e914367861,Peter,Boufadel,,
2a1cf788-8f16-4191-abf3-92ee74e17f1c,Ciarán ,Mc Donald,,
ecdad9e6-5be1-4349-bdf2-92f949c77f43,Bong Jae,Kim,,
4726b2eb-d3ee-4e18-8285-92fb43330570,Patrick,Chin,"Patrick Chin, MD, FRCSC is a fellowship-trained orthopaedic surgeon specializing in shoulder and elbow surgery, sports medicine, and advanced arthroscopic and reconstructive procedures. He is a Clinical Associate Professor in the Department of Orthopaedic Surgery at the University of British Columbia and currently serves as Head of the Upper Extremity Division. Dr. Chin completed his medical degree and orthopaedic residency at Queen’s University, followed by advanced fellowship training in Sports Medicine and Arthroscopy at Western University and Adult Shoulder and Elbow Reconstruction at the Mayo Clinic. He also holds an Executive MBA, reflecting a strong interest in innovation, healthcare delivery, and practice excellence.With more than two decades of clinical experience, Dr. Chin is internationally recognized for his expertise in shoulder and elbow reconstruction, including complex arthroplasty, revision surgery, and minimally invasive techniques. He has authored numerous peer-reviewed publications, led multi centre clinical trials, and is frequently invited to teach and lecture worldwide. Dr. Chin has served as President of the Canadian Shoulder and Elbow Society and continues to play an active leadership role in orthopaedics at provincial and national levels. Known for his thoughtful, patient-centred approach, he is trusted by professional athletes, referring physicians, and patients alike to deliver precise, evidence-based surgical care with a focus on durable outcomes and safe return to function.",https://files.abstractsonline.com/assocphotos/2656/4726b2eb-d3ee-4e18-8285-92fb43330570.profile.jpeg
330f64c9-e7d2-4b83-9012-93070e6ab067,Aaron,Pfender,,
d609097c-fa3d-4556-a360-9324d286dbf1,Simon,Peter,,
3113ff8b-c7d9-48c5-851f-933649c1cb35,Yaiza,Lopiz,"Yaiza Lopiz Morales, MD, PhD, is Full Professor of Orthopaedic Surgery at the Complutense University of Madrid and Consultant Orthopaedic Surgeon at Hospital Clínico San Carlos, Madrid, Spain. She combines clinical practice with academic and research activities, with a particular interest in shoulder and elbow surgery, fractures, tendon repair, regenerative medicine, and advanced cell therapies.",
fc07739e-7486-48a6-bfa4-9336c7599151,Ashley,Smith,,
d8f1ce75-c0c2-4a28-b6bb-93447a571361,Fabien,Mesbah,,
b6ec7ec3-41c6-48d5-a53c-934f669b9f54,Henry ,Fukuda,,
3cd45a8d-a396-4c28-b950-9355d358a30b,Raffaele,Grasso,,
e8ecf76c-a41d-4ebf-a913-936d3524ff0a,Jeffery,HUGHES,35 years in elbow and shoulder reconstruction / arthroplasty / arthroscopy. Co-designer Elbow Arthroplasty. Member of GEN. Past President of Shoulder and Elbow Society of Australia,https://files.abstractsonline.com/assocphotos/2656/e8ecf76c-a41d-4ebf-a913-936d3524ff0a.profile.jpeg
04ca701e-3c4d-47ea-aee2-936d35b582a2,Humberto,Arrue,"President of the Latin American Shoulder and Elbow Society.Abstract Reviewer for ICSES, Rome 2023 and Vancouver 2026Abstract Reviewer for SICOT 2025Founding President of the Panamanian Association of Shoulder and Elbow SurgeonsShoulder Fellow at UTHSCSA, with Dr. Rockwood – 2001Instructor and Consultant for Arthrex since 2010 to presentInstructor for the Arthroscopy Association of North American AANA - 2016Scientific and Education Committee - SLAHOC – 2021Speaker for the SLAHOC Latin American Shoulder and Elbow Congresses since 2016.Committee on Consensus on Massive Rotator Cuff tears for SLARD 2021 and speaker since 2023 to the present.Speaker at the ICSES, Rome 2023 and multiple Latin American countries and Webinars. Speaker for the American Academy of Orthopedics Surgerons AAOS, at the Spanish Symposium 2024, 2025 and 2026Prosecutor of the Panamanian Society of Orthopedics and Traumatology.Creator and Direrctor of the Fellowship in Shoulder and Elbow Surgery, endorsed by The University of Panama, since 2018. Head of the Orthopedics Deparment of the Hospital -The Panama Clinic - Panama",https://files.abstractsonline.com/assocphotos/2656/04ca701e-3c4d-47ea-aee2-936d35b582a2.profile.jpeg
d224dcae-4883-4462-9f89-937015129797,Jie,Yao,"I am a shoulder and elbow surgeon at NYU Langone Health. I specialize in managing a wide range of shoulder and elbow conditions, from simple sprains to complex revision surgeries. My research interests include the application of artificial intelligence to clinical care, the mechanics and biological underpinnings of cartilage and tendon healing, as well as the host-implant interface between metal ingrowth surfaces and bone. I am a member of the teaching faculty here at NYU Langone Health and am actively involved in medical student, resident, and fellow education. ",https://files.abstractsonline.com/assocphotos/2656/d224dcae-4883-4462-9f89-937015129797.profile.png
b84a6301-efbf-4864-833a-93767297b666,Anna,Gorsky,,
9d06915a-4d49-40d9-8043-937e3084804e,JORGE,CAMACHO CHACON,,
3bd3750a-eb93-41c8-ad3c-93ad8c9a462a,Álvaro,Kuriyama,,
f1a6e776-8ea5-49e2-87a3-93ae71041b3a,Keigo,Honoki,,
fef2a136-6e1b-475b-b891-93b8d8fa3575,Anne-Emilie,Rouffiac,,
89db56fb-5a31-4f56-9510-93b9036399c7,Priya,Darbhanga,,
248deadf-0e71-42fd-bd93-93d19652b241,Alfonso,Barnechea Rey,,https://files.abstractsonline.com/assocphotos/2656/248deadf-0e71-42fd-bd93-93d19652b241.profile.jpeg
0d0518e8-0090-4f9c-8e6e-93d735178818,Sayegh,George,,
9a613545-a228-44fe-a1d1-93d947cbc900,Brian,Cole,,
7f98d6bf-31f5-4d84-8b97-93e470d02c62,Nicola,Madani,,
64433f26-8242-4017-92a9-93f7e98305d7,David Torres,Manrique,,
03fb09d1-15a1-438a-9c26-93f8307b80a4,Jordan,Serotte,,
0710673a-9ba6-4146-8b30-9413221d5816,Bradon,Huang,,
88d58661-10da-4c4d-bad8-9414f807fffd,Brent,Mollon,,
d39a3cbe-f61f-477c-8de7-94461689c1f7,Marlis T,Sabo,,
dd6a529e-eb6a-4125-b22b-94631d5dd99e,Jaques,Williams,,
0c104fb2-0fb0-4e9e-ab49-94ad211a3ee3,Aimee,Struk,,
ec7bf5e0-3b13-4623-bc55-94b27ec57aa0,Brett,Haislup,,
4385ed08-b1a3-4b22-9482-94b94e8aecce,Luis,Sanchez Trimmer,,
6fa5eb45-6d9d-4a84-a217-94e52e9cd413,Peter,Simon,,
7a495e9d-24fd-47a5-af0d-94f6df61534e,Andrew,Barcenas,,
4eb954f2-4abe-451e-bb34-94fcd271e025,Andra,Millage,,
5cc5ac4e-ac80-4c03-a6bb-950491d5f7e6,Joel,Bird,,
e58ba0a6-4896-4923-baf9-950e4412fc8e,Peter Vezeridis,Vezeridis,,
34d4a219-9ee5-4531-aa45-951411631fcd,Antonette Mariama,Bilog,"Sports Medicine and Shoulder Surgery Fellow, Department of Orthopaedics, St. George Hospital, SydneyClinical Research Fellow, Orthopaedic Research Institute, University of New South Wales",https://files.abstractsonline.com/assocphotos/2656/34d4a219-9ee5-4531-aa45-951411631fcd.profile.jpg
c9606307-c1aa-4512-9221-951c323dd4ac,Blanca,Diez Sánchez,,
d8600ef7-3db3-4566-a3c8-95368ec5bcf4,Owen,Kennedy,,
39003924-8a6a-4a70-9da8-9541d8ccf641,Alexa,Cohen,,
43ef56c2-d997-4b9c-891d-954910a1541d,Thomas,Throckmorton,,
bf8d3e6b-0d81-45c3-a6de-955158fbdd02,André,Picoli,,
1372ef2c-dd12-4e9d-91f4-955191dd4377,Ji-Ho,Lee,,
13275647-9fa2-4db8-988b-958c39c5663b,Palanisamy,Arumugam,,
026d5b9a-0d60-4d1b-901b-9596e28ca314,Ruby,Grewal,,
db6fc09a-746c-4168-a2ba-95ae0aae2641,Cara,Lai,,
00f75f7e-86f7-4892-b3c2-95dab065dc82,Neal,Kapoor,,
2568714d-1bbf-4672-8c87-95db6d697195,Jorge,Rojas Liévano,,
d2d278e7-3714-43a2-bc61-95eec76abf96,Chris,Schmidt,"Director Of Shoulder and Elbow Fellowship, Department of Orthopaedic Surgery, University of Pittsburgh Medical Center, USA",https://files.abstractsonline.com/assocphotos/2656/d2d278e7-3714-43a2-bc61-95eec76abf96.profile.jpg
d4fcf02f-bb6a-401a-a27a-95f192b859d2,Anthony,Romeo,"Dr. Anthony A. Romeo has spent his career in pursuit of excellence in the field of shoulder,elbow, and sports medicine surgery by pioneering new approaches and developing advancedorthopaedic implants and surgical procedures.Dr. Romeo completed his Bachelor of Science degree at the University of Notre Dame. Heearned his Medical Degree from the St. Louis University School of Medicine beforecompleting his orthopaedic surgery internship and residency at the Cleveland ClinicFoundation. Next, he pursued an Advanced Clinical Experience as a shoulder and elbowsurgery fellow at the University of Washington Medical Center in Seattle, guided by Dr.Frederick A Matsen III.With over 450 peer-reviewed publications to his name, Dr. Romeo actively contributes to thethought leadership, education, and innovation behind incredible treatment advances seenover the past three decades. Dr. Romeo serves as the Chief Medical Editor of OrthopedicsToday and the Director of Romeo Orthopaedics.",https://files.abstractsonline.com/assocphotos/2656/d4fcf02f-bb6a-401a-a27a-95f192b859d2.profile.jpg
92c4fa05-28a7-4021-852a-96058fa28c4f,Noah,Karabanow,,
577ef6eb-a8ff-4418-b8ee-960ef86be7aa,Igor,Shirinskiy,,
efe85a05-0bcf-4756-abf1-960ffb2f0f77,Eun-Ji,Yoon,,
66d0468b-9592-40fa-aa5f-96119d5b542d,John,Belk,,
0d6deb6d-ba5d-49ad-a9d6-9635c8d9a7d9,Matthew,Kleiner,,
70b74a31-87da-4c6a-bbf6-963a7c000044,Feras,Qawasmi,,
0015fc80-aa4c-41de-a562-963d9bf33734,Stephanie,Hendren,,
d47dd04c-5ec6-4c24-b693-965b7f9bb079,Minsu,Lim,Catholic university of Korea. Resident,https://files.abstractsonline.com/assocphotos/2656/d47dd04c-5ec6-4c24-b693-965b7f9bb079.profile.jpg
bc4cfded-20b4-4fea-9eff-96658c9702e9,Ryker,Heller,,
e89143b8-58bc-4e8b-9a63-966d12b1789f,Brittany,Lapin,,
ea82f7d9-d9f4-4c92-9c74-966ef4767915,Colton,Mowers,,
2a29bc3a-f3a7-4883-9c58-9672db5f054d,johannes,barth,,
9f198118-62ee-49d7-a471-968331ab9650,Claudia,Menoncini,,
6255e18c-bb80-4445-8847-969f3da07fc9,Amrit,Mann,,
150f402c-3b7d-45a5-b216-96b9db1e3ec0,Ashley,Fang,,
a7442392-a823-4875-a714-96bb19bdf1f4,Olivia,Swaim,,
cdb5ff1a-7ac6-44fd-b825-96d891cf91b8,Sarah,Lammers,,
f0eac968-2278-4deb-a5df-96df2dfae701,Akhilesh,Pradhan,,
e64b6651-7590-4b32-acdb-96eb136c085f,Joyce Daniel,Suarez,,
95898644-03f1-462b-9284-96eddfa08b02,Syed,Inshal,,
b07880d8-3f6d-4888-af42-972d0b1dba68,Matthew,Dawdy,,
4d4a6a8d-4509-4156-9156-97325ad6b646,Juliana,Agostinho,,
ab0cb7a2-ea4c-44d7-a943-974882bdb30d,Julie,Jasontek,,
c7e055f2-96d4-4c49-99d4-974ef2fe02c4,Yuki,Kotani,,
0e9acfda-72ff-4ac4-86ab-97591db20798,Eric,McCarty,,
58513a97-f68e-4dfb-9b27-976594354666,Mark,Glover,,
988bc6d4-b255-4495-934e-977b7322afad,Wajith,Zahirhussain,,
8c76d555-55ca-4b05-96ad-978035b445aa,Jason,Konrath,,
0d4d78fa-fb4c-45db-aabd-9784ee554337,Joseph,Manzi,,
ecaf2a63-36e7-4ed5-bba9-979539858a78,Lorenzo,Simonetti,,
e28137c3-346d-469e-ac99-97993183896b,Luca,Katz,,
c27bc41b-6b5d-4b2a-b0f6-97b6e66433f9,Matthew,Deasey,,
c04d8bee-576b-4f0c-b641-97b9b14644d0,Angelo,Marra,,
6892e6fd-d6f8-4dd7-ac0e-97c8e41723cd,Kyle,Duchman,,
ca022660-f18b-4445-91ba-97ca573c5f7b,harshavardhan,reddy,,
6e039833-0e7c-484e-902d-97e55a4d02c7,Ahmed,Abdelaziz,,
cbffd4ce-2e12-4a18-9d4a-98070e4536cd,Karl,Wieser,"Prof. Dr. med. Karl Wieser is Head of the Division of Shoulder and Elbow Surgery at Balgrist University Hospital and a board-certified orthopedic surgeon and sports medicine specialist. His clinical and academic work focuses on advanced shoulder and elbow surgery, joint-preserving procedures, and the treatment of complex disorders of the upper extremity. In addition to his surgical expertise, he is active in basic science and translational research, with a particular interest in biomechanics, implant development, and the transfer of innovative technologies into clinical practice. He also holds an Executive MBA, reflecting his broad interest in healthcare management, strategy, and the further development of modern orthopedic care.",https://files.abstractsonline.com/assocphotos/2656/cbffd4ce-2e12-4a18-9d4a-98070e4536cd.profile.jpg
c0557f1b-14d5-4750-9a16-9811455e639d,Gonzalo,Luengo,,
18753151-8c21-4e1c-867b-982c08794473,Takashi,Amano,,
d27c2beb-09d9-40e4-ad85-9842be230e74,Spencer,Uggla,,
edbd92f3-0755-4680-a4e2-984d2036f8a6,Benjamin,Semple,,
37a7e2a9-bc48-45db-8025-98550828c698,Catalina,Soumastre,,
5cf10993-e5d9-4d87-825e-985d359d8fb0,Hansjörg,Bülow,,
adb3d12c-3549-4dbe-b754-9870c00f652b,Chimdi,Obinero,,
8788e623-bf95-4c32-ab04-98725cd20c63,Khaled,AlAbbasi,,
ead9a331-839d-4185-9aa5-9887a9d29c8e,Kaley,Beall,,
e392801a-8d83-4aab-979a-9890e280a8d2,Rubens,Gonçalves,,
e1e87551-850a-4a79-bdfb-98b8d3f99bce,Alex,Chowdhury,,
0160613c-1790-4325-9166-98e10c331103,Sarah,Floyd,,
9fda9f2c-aea6-4320-a32b-98e33eb29ed8,Frances,Whiting,"I completed my Orthopaedic training in Aotearoa New Zealand, followed by two Fellowships in Upper Limb surgery in Melbourne and Geelong, Australia. I am now working as a Consultant Orthopaedic Surgeon at Hutt Hospital in New Zealand.",https://files.abstractsonline.com/assocphotos/2656/9fda9f2c-aea6-4320-a32b-98e33eb29ed8.profile.jpg
a0eadd34-deda-4df1-9f74-98ea10301191,Christopher,Jobe,75 year-old Orthopaedic Surgeon. Currently interested in applications of ultrasound to shoulder and elbow surgery.,
d7946127-75ef-4d82-a73d-98f18cc8ab1c,Liam,Kane,,
553ae25d-8f09-44f1-892f-990a8f887a5b,Shinya,Imai,,
80436751-ea9e-4e8c-bfcf-99104c6448f0,Ismail,Akdulum,,
680c0eb7-072f-4be7-9e09-991a6b4fa592,Vijay,Chhabra,,
5a373371-384e-4f6a-83ac-99207a238082,Zachary,Sigman,,
387ab7b1-58db-4ba2-8e6a-993433d2e896,Miguel,Pinedo,,
f83dd84c-2233-4570-8b2b-9938cba64a65,Eric Changbean,Kang,"Eric Changbean Kang is a medical student and software developer with a strong background in Python, C++, and applied artificial intelligence. He has worked with Google on TensorFlow and has experience developing machine learning tools for medical research and clinical innovation.His interests focus on applying AI and software engineering to orthopaedic research, particularly in medical imaging, surgical planning, and outcome prediction in shoulder and elbow surgery.",https://files.abstractsonline.com/assocphotos/2656/f83dd84c-2233-4570-8b2b-9938cba64a65.profile.jpeg
c9548a15-6334-4ab0-950a-9943e3a0ae0e,Marc,Bouchard,,
63456bcd-cfb7-49bd-99fb-996903199f13,Xinning “Tiger”,Li,,
04428e7b-2e18-4abb-94e4-9984e29e1cdf,Christopher,Camp,,https://files.abstractsonline.com/assocphotos/2656/04428e7b-2e18-4abb-94e4-9984e29e1cdf.profile.png
7cb25cb0-2ae8-4ffe-9345-9998670ecfc6,Olivia,Waits,,
1f7ec019-afca-43fc-9aa2-99ab108afb99,Kinta,Lim,,
1b52facd-9fa6-48f0-a536-99b0091a2cac,Sai,Reddy,,
0a90ab12-f168-465d-8530-99b71fb64c7e,Gace,Chaney,,
f30b24ef-d4d1-43c7-b4bf-99b8efeb342b,Thomas,Ibounig,"Dr. Thomas Ibounig was born in Austria on June 9, 1979, and completed his medical degree at the Medical University of Graz. During his studies, he pursued international clinical fellowships in Tampere (Finland), Vancouver (Canada), Porto Alegre (Brazil), and New Orleans (USA), while also working as a certified tennis teacher and ski instructor.After graduating in 2005, Dr. Ibounig moved to Finland, where he specialized in Orthopaedics and Traumatology at Helsinki University Hospital (HUS). He went on to join the hospital's Shoulder and Elbow Surgery division. His PhD research, carried out as a researcher at the Finnish Centre for Evidence-Based Orthopaedics (FICEBO), focuses on shoulder imaging abnormalities and their association with symptoms.Dr. Ibounig serves as the Secretary of the Finnish Society for Shoulder and Elbow Surgery (since 2019) and works as a team physician for the Finnish National Ice Hockey Teams (U16–U18).",https://files.abstractsonline.com/assocphotos/2656/f30b24ef-d4d1-43c7-b4bf-99b8efeb342b.profile.jpeg
8ac8e78a-dfb4-41f5-aad9-99ba47ead259,Zach,Leslie,,
b4dd92b1-17cf-419d-badb-99ba91caaf15,Rishi,Chatterji,,
be623ac6-4509-4b9d-bfd2-99bb820c9a55,Gyuna,Baek,,
7a4f3763-4657-42e0-83ca-99c3375e3dd5,Mark,SMith,,
d1a81333-ea6b-4a31-a626-99c84ed8edc5,Rui,Claro,,https://files.abstractsonline.com/assocphotos/2656/d1a81333-ea6b-4a31-a626-99c84ed8edc5.profile.jpeg
f2cdd3b6-1ebc-48b9-a6fe-99d24bafce90,kenza,limam,,
ddb1912e-0e75-4f9f-b3d1-99d95c12c35f,Mutch,Jennifer,,
da688db0-341a-4fb5-941d-99e6b3f1efd9,Davide ,Blonna,,
cafd6c55-0672-4f24-b0c5-99edf25751ac,Ryan,Lopez,,
c38172e5-4b5a-4032-9852-99f84286242b,Alexander,Mamonov,,
1822f73c-e1fb-402f-8d18-9a01fb739f9a,Carlos,Andreoli,,
90404a3e-9191-4134-a151-9a0bc216797f,Brandon,Martinazzi,,
7c4500c1-014c-4d29-8318-9a21ffe15efa,Katelyn,Parsons,,
e1944c67-f143-4c5d-bff7-9a2fdfffabdd,Joseph,Labrum IV,,
ed17b287-2a53-4787-a099-9a457d3d3a8e,Ronald,Adler,,
3c048972-e7cb-45a6-9b6c-9a523371d66b,Maunil,Mullick,,
2f3ef571-d45e-4fd1-aa88-9a699aea1e4a,Yuki,Yoshida,,
87fd3c54-262f-4d38-b6e0-9a6a4f1b2f7e,Julia,Hochstatter,,
4088fbcc-a36b-4970-a994-9a73affc9235,Matthew,Smith,,
10754e10-c11f-47f4-9ada-9aa5cc005916,Necati,Eravşar,,
7018cc73-0706-4149-bf29-9abc29a3e10e,Romir,Patel,,
bc10e2a2-826f-440c-af0e-9ac632bb7c4a,Chao,Qi,,
cc3e6f85-eca2-4bab-bc43-9ace5ddefc09,Ignacio,Correa,,
671bc068-8bbd-43ef-8f39-9ad63ed576b6,William,Blakeney,,
06801421-1e63-4d5c-9e73-9aee84fa8e3d,Jules Nikolaus,Rippke,,
1422deef-73c4-4949-ad64-9af6ab445824,Antonio,Ramirez Bocanegra,Shoulder and elbow surgeonMexico city,
15f3a994-4619-43f2-98b8-9b00249f18ff,Julie,Amarin,,
13f82d5f-bee7-4502-a0a6-9b02dd718e23,Graham,King,"Dr. King is an elbow and forearm surgeon at the Hand and Upper Limb Centre at Western University. He has a special interest and elbow arthroplasty, elbow instability as well as elbow biomechanics.",https://files.abstractsonline.com/assocphotos/2656/13f82d5f-bee7-4502-a0a6-9b02dd718e23.profile.jpg
68c18c2d-3808-4580-acf8-9b0a1a559721,Nobuyasu,Ochiai,,
cfa54bae-e995-4448-ae8a-9b0c7b35af35,Yijie,Luo,"MS2 attending the University of California, Irvine, School of Medicine. Interested in orthopaedic surgery, particularly shoulder/elbow! Excited to be here.",https://files.abstractsonline.com/assocphotos/2656/cfa54bae-e995-4448-ae8a-9b0c7b35af35.profile.heic
524440f4-ebc7-4f95-8c1b-9b102b328585,Wade,Elliott,,
f49c8301-af6a-4940-b125-9b1dd730e1dd,Taylor,Walker,,
415ec661-3d01-4eeb-b30f-9b274fc35867,Nicholas,Larsen,,
5634324a-41a8-4391-97e6-9b400baf199a,T. Bradley,Edwards,,
a59ab1a4-aed6-4599-91e6-9b73fec456cf,William,Ranson,,
8ca7d1d7-75a7-4cda-9269-9b76a1d28667,CARLOS,MARTIN HERNANDEZ,,
7167cfff-d45d-420c-b691-9b784041a063,Desmond,Bokor,,
0c85adeb-2748-40ff-8b50-9b838b16995e,Joel,Bervell,,
010f8a81-7372-4571-90a3-9b848495af2c,Anthony,Miniaci,,
251e7d31-2eb2-42a0-9fe9-9b975229923d,Joel Yat Seng,Wong,,
2b8a7169-e027-47de-8b51-9ba5ec0a3e5d,Jack,Carfagno,,
9b4e4a37-4627-4a91-9b27-9bd1073cc2f9,Nicholas,Wiley,,
83ae540e-8697-4db9-bf95-9bd9d0b4ff59,Miguel,Fiandeiro,,
01482a2b-da7a-43a4-8725-9be311e5b6e0,Mitchell,Pfennig,,
ce777cd8-58db-45b5-ad8b-9be9c7017e2b,Peter,Hsiue,,
db1aef9d-cbea-49cc-9109-9befa23ae80c,Deborah,Higgs,,
5a6a6dce-b2be-4d49-82be-9bf588c52b4e,Levent,Celik,,
c569e9cf-4ebb-430b-a169-9c2820640dc8,Cristóbal,Díaz,,
94767bb7-8fb7-44c1-852d-9c4044c95b36,Richard,Jones,,
ddf43735-c32e-487e-bbf3-9c4e3fbe8b8a,John,Kelly IV,,
22e47cf0-5b53-4402-a579-9c5023fe4bd8,Anita,Hasler,,
bb19a2bb-817a-4283-9595-9c53fbdfad4e,Cristian,Aravena,,
cbb2053b-cd4c-4db3-a5dd-9c59490885f1,Samuel,Bennett,,
a314f484-21e7-412d-ab33-9c5f793713ea,Gregory,Cvetanovich,,
dce6c956-9575-4d6f-be45-9c8261fabfb9,Ron,Thomas,,
feae0037-59d6-4077-8638-9c8698c1dcae,Yong Tae,Kim,,
9ad4b2e2-aa2d-4206-adae-9c890c3a6992,Jennifer,Oettinger,,
34de094a-b6bc-4de2-94b2-9caa795b69ae,Shawn,Moore,,
8674e7c3-ac7b-4b76-8901-9cbfa27df731,Roger,Emery,,
39dd2e02-552f-4b6d-9eba-9ccbc58fea9c,Pulak,Parikh,,
d23e48c7-44d1-42d8-ab2b-9cd91d5f99c8,Sherif,Elgamry,,
47652a22-0556-4962-8419-9cdaddb15337,Christian,Gerber,"Prof. and Chairman at University of Zürich for 22 Years. Physician scientist particular interests rotator cuff, basic science, biomechanics",https://files.abstractsonline.com/assocphotos/2656/47652a22-0556-4962-8419-9cdaddb15337.profile.jpeg
9196f36e-7845-4474-9984-9ce234dcf5ae,Eva,Herbst,,
1a4d2b90-aeaf-4f4d-aa92-9ce4005cf81b,Janine,Molino,,
28bae6e5-1e07-456d-bc3c-9cf43b327c80,Anup,Shah,,
c032fce2-2714-4e0e-95e5-9d162df80f68,Valentina,Herrera,,
09e05cc7-b5ca-411a-b2ff-9d1dc54380bb,Krystal,Hunter,,
28b22d20-b84b-40ed-96de-9d28651e641c,Assil,Mahamid,,
e262b6b0-513c-426c-a1ea-9d314a29edc0,Mark,Falworth,,
1050dd33-964c-4081-90d7-9d3c7fa109fe,Edward,McFarland,,
9e0c2462-fc8c-4f52-b094-9d4766c7d1d6,Sailesh,Tummala,,
e0b73ec7-6942-4321-ac85-9d4f55220c00,Qihuang,Qin,,
298d21d3-36b3-4f37-8da8-9d571cdd3c13,Roberto,Gonzalez,,
e7c57360-7776-43b3-9d30-9d5bef6ba97f,amol,tambe,,
9d002873-13a7-4c53-a8c9-9d7ea8be68f6,Juan Bernardo,Villarreal-Espinosa,,
913a41c9-b23d-4080-80fb-9da6f57b1b24,Mary Lou,Chatterton,,
e3cdaf86-2023-4fdd-8d30-9db5092f96d1,Patrick,Wiater,,
270f1e55-7a1c-4eb8-bcab-9dbb2482ad17,Ivan,Garces,,
cdae1bb1-d6c4-4bc6-beaf-9dbbb3add7e7,Michael,Godoy,,
86140e23-320c-4838-8107-9dca4e6645a8,Raquel,Companys Berraondo,,
7f65e39d-95e4-4352-821b-9dfe27b48280,Lucas,Bartlett,,
be19f57b-8aa2-4aa6-9429-9dff36cfd37b,Michel,van den Bekerom,,
ddcb202a-3e5e-4271-b118-9e0cf6ed9f89,Brian,Sauer,,
38964e0c-a754-4b35-a122-9e21b276502b,Rodrigo,Pérez,,
20a065da-7832-41d0-981a-9e22b9003ced,Jason,Strelzow,"Jason Strelzow, MD, is a fellowship-trained orthopaedic surgeon with subspecialty expertise in upper extremity surgery and orthopaedic trauma. He currently serves as Vice Chair of Faculty Affairs, leading faculty promotion, mentorship programs, and academic development across clinical care, education, and research at Washington University of St. Louis.Dr. Strelzow completed his undergraduate and medical degrees at the University of British Columbia, followed by an orthopaedic surgery residency. He pursued two fellowships: hand, wrist, microvascular, elbow, and shoulder surgery at the University of Western Ontario, and orthopaedic trauma at the Royal Infirmary of Edinburgh, Scotland.In 2017, he joined the University of Chicago to help establish a Level 1 trauma center on the city's south side — a community with significant socioeconomic disparities and limited access to trauma care. Through sustained collaboration across departments and hospital leadership, that program grew into the busiest trauma center in Chicago. His clinical experience there directed his research focus toward ballistic musculoskeletal injuries, an area in which he has developed a national reputation as an investigator and thought leader.Dr. Strelzow held several leadership roles at the University of Chicago, including Director of Orthopaedic Trauma, Residency Program Director, and Director of the Operative Performance Research Institute. He served on numerous institutional committees, including the Trauma Oversight Committee, Institutional Review Board, Peri-Operative Trauma Committee, Surgery Quality and Patient Safety Improvement Committee, and the MacLean Center for Medical Ethics.As Residency Program Director, he built a track record as an engaged educator and mentor to medical students, residents, fellows, and practicing surgeons, both locally and through national and international medical societies.He brings to this international community a perspective shaped by high-volume trauma care, health equity, surgical education, and faculty leadership — and a genuine interest in collaborative work across institutions and borders.",https://files.abstractsonline.com/assocphotos/2656/20a065da-7832-41d0-981a-9e22b9003ced.profile.JPG
4e829774-5b87-4f5d-b52d-9e306fc1bc34,Sarah,Remedios,,
642c3a49-5491-44be-9033-9e4beaac7ff0,Muhammed,TOSUN,,
16fd3f00-5f76-4c2e-ab84-9e53390e966f,Malik Takreem,Ahmad,,
c53f98ec-4008-4df2-a38c-9e5593eacd54,Thiago,Costa,,
00b79fb6-0714-450d-a8cc-9e57826100cc,Alberto,Guevara,"Dr. Alberto Guevara Álvarez is an orthopedic surgeon specializing exclusively in shoulder surgery, with over 10 years of experience in the diagnosis and treatment of complex shoulder disorders. He is the founder and director of the  Instituto de Hombro (IDH)? in Querétaro, Mexico, a center dedicated to advanced patient care, education, and research in shoulder pathology.Dr. Guevara completed advanced fellowship training in shoulder surgery at Klinikum rechts der Isar and further international training in France and Switzerland. His clinical practice focuses on shoulder instability, rotator cuff disorders, shoulder arthroplasty, revision surgery, and sports-related injuries.In addition to his surgical practice, he is actively involved in clinical research, surgical innovation, and postgraduate education. He has contributed to the development and evaluation of novel techniques for shoulder stabilization and arthroplasty, and frequently serves as faculty and invited speaker at international orthopedic meetings across Europe, North America, and Latin America.His professional mission is to advance shoulder surgery through evidence-based practice, innovation, and the education of future specialists.",https://files.abstractsonline.com/assocphotos/2656/00b79fb6-0714-450d-a8cc-9e57826100cc.profile.png
ae9eb1a3-5842-47f5-afb2-9e620d5d4408,Suhas,Dasari,,
d211fd22-7d06-4e4a-8b34-9e6396991bbb,Thomas,Stojanov,,
e9128deb-2274-4ab5-89b6-9e87a1671ec0,Seiji,Tokugawa,,
83c894eb-b177-4439-8e0d-9e915f9289a0,John,Scolaro,,
71c8e746-da41-4c11-b42c-9eb31903890d,Jakob,Seibold,,
21b0d7d6-bd67-4305-89a5-9ebfa859f77a,Wooseon,Kim,,
5c363c54-9ac8-4499-8e40-9ec5f106e002,Ysa,Le,,
e52492ca-6283-4fe2-9c2b-9ec9f83367e8,james,vun,,
9031facc-d065-4baf-ab28-9ed50d0ce3c0,Yi,Lu,Shoulder and elbow surgeon working in Beijing,https://files.abstractsonline.com/assocphotos/2656/9031facc-d065-4baf-ab28-9ed50d0ce3c0.profile.jpg
8e415980-fb17-40c3-9622-9f0791dfce4f,Brian,Feeley,,
c0c0330f-1404-465d-95e5-9f0b14543cfb,Henry,Fox,,
311ffbc7-9394-4786-9028-9f0e61bf0cf2,Valentina,Viancos,,
d5ce17d4-8853-4938-8671-9f1f639b7a56,Matthew,Como,,
5cf08ff8-50b6-43a1-b101-9f26a3ebbf28,Susan,Khalil,,
4e4bbad1-802b-4981-a953-9f3c031cd237,Vinicius,Ferreira,,
d21a6a9a-aa7f-48fe-90da-9f69ef50af77,Italo,Mejía Sabando,,
d61bb738-8b3a-4a87-9756-9f6d342605f9,Michael,Schär,,
976bacc0-0b6d-49a0-bc85-9f6f8cda2bb5,Ewerton,Lima,,
9a28b03f-ce2e-4da9-8444-9f7dd6e22bcb,Silvia,Zanini,,
8847c9ab-a53c-4c48-bcdb-9f99c8f9c624,John,Itamura,,
ce80d11c-0618-4a77-b0e0-9f9bbddead08,Sanjeeve,Sabharwal,,
907a3616-b9da-4908-93ee-9f9da724c3ff,Xunqi,Cheow,"Dr Cheow Xunqi is a Consultant Orthopaedic Surgeon and the Sports Surgery Service Lead at the Department of Orthopaedic Surgery, Sengkang General Hospital. Dr Cheow graduated from the NUS Yong Loo Lin School of Medicine with an MBBS in 2011 and was awarded the Meritorious House Officer Award in 2012 for his outstanding performance. He commenced his Orthopaedic Surgery specialist training in 2016 and was awarded the Outstanding Resident Award in 2018 for exemplary academic and clinical performance. He was appointed Chief Resident in 2021 and completed the Singapore Chief Residency Programme in 2022, subsequently attaining the FRCSEd (Ortho) in the same year. In 2025, Dr Cheow completed his fellowship in Sports Surgery and Upper Limb Trauma at the renowned Sporthopaedicum Regensburg, Germany – a FIFA Medical Centre of Excellence – under the SingHealth Health Manpower Development Plan scholarship. During his fellowship, he specialised in shoulder, elbow, and knee surgery and trained under world-renowned surgeons, including Prof. Andreas Voss, Prof. Stefan Greiner, Prof. Peter Angele, and Prof. Johannes Zellner. Committed to both undergraduate and postgraduate education, Dr Cheow contributes actively as faculty in surgical training courses, imparting his expertise in shoulder and knee arthroscopy to junior surgeons. He also serves as a Clinical Core Faculty Member for the SingHealth Postgraduate Year 1 Programme and as an Assistant Convenor for the NUS Yong Loo Lin School of Medicine MBBS Examinations. In addition, he holds the role of Site Chief for the SingHealth-Duke Sports & Exercise Medicine Centre in SKH.Dr Cheow’s subspecialty interests include sports injuries of the shoulder, elbow, and knee, arthroscopic (minimally-invasive) surgery, and shoulder arthroplasty. He has published in various peer-reviewed journals, presented at international, regional, and local scientific meetings, and co-authored book chapters in arthroscopic shoulder surgery.",https://files.abstractsonline.com/assocphotos/2656/907a3616-b9da-4908-93ee-9f9da724c3ff.profile.jpg
1cc9dc15-2bd1-4144-826f-9fa107a630a0,Elif,GÜLER OKLAZ,,
dd8e7867-1bd6-478c-91c9-9fafbd547048,Trevor,Wolterink,,
bb2fecd3-60a4-420a-b725-9fdc986f0c8e,Necati Bahadir,Eravşar,,
9dbf0974-6dba-4e6f-8a41-9fde4b65f659,Sahil,Dadoo,,
434bbd58-834a-477f-807a-9fe0eda6cc07,Nicole,Teeter,,
5096487e-99ca-4947-b186-a01354b9c299,Samer,Hasan,"Shoulder and Elbow Surgeon, MercyHealth-Cincinnati Sportsmedicine, Chief of Orthopaedics, The Jewish Hospital, Cincinnati, Ohio, USA",
704ae8e9-dddc-43d0-b411-a013de4d70a6,Zorica,Ristic,,
884acbef-7094-4c7f-b34f-a034bd5007b5,Eric,Cal,,
396749fc-8bea-491a-baa9-a0368100ed80,Natascha,Kraus-Spieckermann,,
1b096c00-5004-4c93-9b3e-a040f536fae8,Naori,Akamine,,
5487b179-c52d-4fba-9a5e-a041d1535fbf,Antonella,Henson-Vendrell,Class of 2027 MD Candidate from Wake Forest University School of Medicine who will be applying into Orthopaedic Surgery.,
488c34d3-1936-455c-ac32-a0548eb4033b,Maxwell,Park,,
044d13e0-f9f0-4d2b-a475-a05fe168cbd0,Brendan,Patterson,,
7d174abf-10c5-4057-88bd-a0606e58d004,Michael,Marsalli,,
cfe3d7cb-0811-4e4c-9fe0-a0753446fcc2,Arthur,van Noort,,
c5ce6b35-6834-4ccd-ae46-a0825ab00fe5,Ryo,TOKITA,,
e741b16d-9413-475c-b7f7-a0a20b2ba57e,James,Frix,,
022a9772-4690-420c-afea-a0c4badd8f0f,Rahul,Gheetala,,
07662034-070e-4855-96cc-a0ccdeb0ad6c,George,Athwal,,
be1d73e2-0007-406f-95ad-a0e9ac9528e7,Jordan,Levy,,
6c7fb1ea-143b-46a7-8342-a0ec3d683dd0,Sae Hoon,Kim,,https://files.abstractsonline.com/assocphotos/2656/6c7fb1ea-143b-46a7-8342-a0ec3d683dd0.profile.JPG
a37ffb5e-566f-4a6f-b6c8-a0eeb22e6aa0,Garrett,Bullock,,
436b41d7-54dc-4641-9330-a0f42be5fd48,Christian,Denny,,
765a1092-f433-4b6e-8a56-a0f74aadbcea,Aaron,Davidson,,
3ac74df3-853d-4669-8191-a0fa6491e600,Kamli,Faour,,
c8d58f5a-3b0b-4735-a48a-a1072b8ad294,Patrick,Siparsky,,
f267ab29-0446-47e7-b07c-a1092d97aa28,Hakan Batuhan,kaya,,
8d92888b-edfd-48d7-abae-a1093d6eb82e,Michael,Carinha,,
b7a99ffd-9245-41b8-8071-a11ff83ce3c0,nikita,minhas,,
d32c5521-c64a-4b2f-88a8-a1218bb43996,Jian,Wang,,
ca636d2f-a44a-46c2-9a00-a134dbb50e40,Wasim,Mshiel,,
9e8de658-5c57-4a74-a7b0-a13550879c9a,Seung Hyun,Lee,,
181e4c5a-50eb-4246-97a6-a1494793ea3f,Xuhui,Liu,,
ba3c7496-f090-441b-af5c-a15476de27c3,Oreste,Carrazone,,
01052ee1-f0c6-4510-8348-a1572d9d47fc,Sommer,Hammoud,,
ff641c0b-599e-4691-acec-a166e8019802,Stéphane,Pelet,,
2a7c6042-f5e9-4b63-ac90-a173f008521e,Ahmet,Yuksel,,
3b7d35a7-6fcd-4e3a-a317-a18263540f3c,Sardar,Aariz,,
af3a05a5-5053-44cb-ac41-a1b319c866f8,Jessica,Mok,,
66fc7ff7-0826-4513-9b6f-a1b55e278406,Vittorio,Candela,,
c4eb22d2-c4c2-4724-a178-a1b9980a59ba,John,Brooks,,
ed348cb1-c617-45de-872f-a1d0af4a3e40,Joseph,Seta,,
efcde831-a38f-459f-ac14-a1dae11e3098,Jessica,Wong,,
1a72a3f6-e9d5-481f-8c09-a1e710c60c15,Idah,Chatindiara,,
f9a6c306-76ce-4afd-a016-a1f563928141,Alex,Hodakowski,,
4e09d1b5-4cda-41ea-9ed4-a20dfd38da6a,Zachary,Leitze,,
10d0b385-f7f5-4a59-b19f-a21818e94ff5,William,Johns,,
b974f953-3c07-4e06-b6bb-a223539daa87,Nader,Mujtaba,,
619d1302-5527-4549-ada9-a22aaf2e66ee,Kwan,Fung,,
fa9e080a-e2a8-4b98-86f6-a23c668eb584,John,Liffrig,,
dd0959af-cedf-4d0b-98b6-a2418357998a,Naputt,Virasathienpornkul,"Visiting research scholar, University of California, San Francisco (2025-2026)Sports medicine surgeon and lecturer of Institute of Orthopaedic, Lerdsin General Hospital, Bangkok, Thailand (2022-2025)- Sports medicine certificate (2022)- Diploma of Orthopaedic surgery (2021)",
1996c7e0-1b18-459d-966e-a24b04528768,Nicole,Maertens,,
cbc6d51d-50bd-4ca8-947d-a26f655e6011,Juan,Lopez-Ovenza,Member of the Argentine Association of Traumatology and OrthopedicsMember of the Argentine Association of Hand and Upper Limb Surgery,https://files.abstractsonline.com/assocphotos/2656/cbc6d51d-50bd-4ca8-947d-a26f655e6011.profile.JPG
3fe50305-4a4e-4878-9028-a27c19bd2066,Michael,Kucharik,"I am an orthopaedic surgery resident at the University of South Florida-Florida Orthopaedic Institute, where I have developed a strong interest in shoulder and elbow surgery. I have contributed to multiple research projects aimed at improving surgical decision-making and patient outcomes in shoulder reconstruction. I will be pursuing a dedicated Shoulder and Elbow Fellowship at the Rothman Orthopaedic Institute during the 2027–2028 academic year. My long-term career goals include an academic practice with a focus on resident and fellow education, mentorship, and continued contributions to shoulder and elbow research.",https://files.abstractsonline.com/assocphotos/2656/3fe50305-4a4e-4878-9028-a27c19bd2066.profile.png
3dbd657b-4c98-45fe-abbf-a29405b22626,Sean,Higinbotham,,
a8ef0467-2bb8-4914-9cce-a2a82a78cdeb,Alan,Zhang,,
7103099d-4f35-4f4f-a2f2-a2d753b5dafd,Arden,Chen,,
b7f2473b-77ee-42a9-a410-a2da8ad6e4cd,Caroline,Park,,
4df99447-2762-4479-b179-a2e52dfd79b0,ICSES,2026,,
3a66fcff-a3e1-451e-b6d2-a2e567ff66d8,Adam,Watts,"Adam Watts is Professor of Orthopaedics at Edge Hill University Medical School and Honorary Consultant Orthopaedic Elbow surgeon at Wrightington Hospital. He trained on fellowship in Adelaide, Australia and Wrightington, UK.  Adam has over 200 publications in upper limb surgery, has contributed to national guidelines on wrist fractures, lateral epicondylosis, elbow arthroplasty and infection and is a designer of surgical techniques and implants.  He is a Specialty Editor for the Bone and Joint Journal and Shoulder and Elbow Journal, and sits on the Editorial Board for the National Joint Registry, and is Honorary Secretary of the British Elbow and Shoulder Society.  Adam is an NIHR Grant award holder as Chief Investigator of the SOFFT trial and co-investigator on the NIHR funded RAPSODI trial and FOREST trial and works with a number of commercial partners on delivery of local and international research studies.",https://files.abstractsonline.com/assocphotos/2656/3a66fcff-a3e1-451e-b6d2-a2e567ff66d8.profile.jpeg
03a26bc5-067a-45f8-96c7-a2f1638ec7d4,Jin Hyeok,Lee,,
caf30e93-8f9e-4870-9187-a2f5b1cc726d,Mallory,Boyd,,
d59aaeaa-bdab-46db-8204-a3053fc0e33d,Avinash,Kumar,Private practice shoulder and elbow surgeon for 23 years.,
a219dada-342d-4c26-be07-a309efeb05e5,Abigail,Balsan,,
8746c590-38cc-4fff-8f71-a318df98faf0,Ram,Chidambaram,,https://files.abstractsonline.com/assocphotos/2656/8746c590-38cc-4fff-8f71-a318df98faf0.profile.jpeg
711d6c67-e896-425b-95d6-a31be67db73b,Marco,Conti,,
d18418fc-c71b-4f82-85d6-a325408b03f8,Sung Min,Rhee,"Sung-Min (Luke) Rhee, MD, PhD, is an Associate Professor of Orthopaedic Surgery and shoulder specialist at Kyung Hee University College of Medicine, Seoul, Korea. A 2026 ASES Neer Award (Basic Science) recipient, he has published over 100 peer-reviewed papers on rotator cuff healing, shoulder arthroplasty, and AI-based digital healthcare.",https://files.abstractsonline.com/assocphotos/2656/d18418fc-c71b-4f82-85d6-a325408b03f8.profile.jpeg
8ea1d14d-1929-4a64-9a75-a325c8ee5c33,Lennard,Funk,,
ec7079de-d600-4c0e-9035-a3419a761346,Adrien,Jacquot,,
9caf8d98-9391-4757-b697-a3513c9e189f,Romir,Parmar,,
c0457260-06e2-4b1d-b69c-a35f56df0666,Adam,Mansour,,
c391a287-d8a5-42a4-bb76-a3684693b3d1,Derrick,Dixon,,
5567767f-709a-4921-93d6-a3786287f5a1,Hamid,Jarrah,,
69f49975-9fa0-49f4-9a4a-a3819a4ee192,Merve,Bagci Bilgen,,
0f1bd2a9-a957-4961-a6c5-a3859b6451d2,Temitope,Osifeso,,
e4df4b2b-c3ed-4750-b578-a38c413c9ffd,David,Boughanem,,
d5eaaf88-2d41-434b-9674-a3b193bb18e2,Luca,Giampa,,
12cac5d7-a101-4324-a525-a3b3ba736b3b,Robert,Scott,,
b56efbe3-51ed-4b96-9979-a3d27125e5e8,Justin,Rabinowitz,,
57bfa7e2-ee02-4146-a81a-a3d975ad7745,Oscar,Vazquez,,
aba5cdda-59a9-436d-bdc9-a3e9c7e1c9dc,Timothy,Burkharth,,
15acea54-04f0-4eaf-9920-a3fc8bb260fd,Isabella,Klarenbeek,,
ab19e668-e161-40a3-a4ca-a40e959251dd,Ali,Ersen,,
9111a92f-6769-467d-899f-a41fbfb3786d,Julien,Berhouet,,
da782efb-d72d-4080-9a9d-a42888de8cda,Cailan,Feingold,,
ab4bb53c-c303-404d-8f3d-a4317f7bed61,Scott,Rodeo,,https://files.abstractsonline.com/assocphotos/2656/ab4bb53c-c303-404d-8f3d-a4317f7bed61.profile.jpg
11735cc9-9736-40fc-98cf-a440df59ab16,Diego,Michilena Chavez,,
1e0ceac2-586b-4f91-9564-a4410cc17bd2,Greyson,Taylor,,
db3eec24-dc88-461c-9a52-a44c17bd23b6,Cem,Güngör,,
e4c24cb7-f96e-488a-af42-a45dbf1f16db,Emilie,Sandman,,
2ce0acd9-1f38-4d40-9fb3-a47637f9c83b,Kara,Holt,,
cb8055f1-377d-483f-a135-a478f5f20297,Eva,O'Toole,,
dced9f9c-41ef-4f32-8391-a49d37150599,Michael,Collins,,
0f1dfa90-473f-443f-a37e-a4a9a90cdf64,Margarita,Natsika,,
4e39a9c4-789a-4a8a-a671-a4b021f2f044,Shogo,Sugawara,,
09dd9528-d1c8-400c-bbda-a4bf1ce46f68,David,Butt,,
276d82b0-4cf4-4ac3-ad82-a4c12bd6acb0,Daniel,Davis,,
0d119320-4eb2-46c2-96d6-a4cf035b954d,Rafaay,Kamran,,
1ec4c407-fd86-43df-a8a2-a4d21fe85053,Andrew,Jensen,,
5a6b1612-5ddc-42ca-a8ef-a4edfb4e5bd7,Nicholas,Heebner,,
2cb6987c-3e76-4a1f-8521-a4eefe5a1229,Casper,Harteveld,,
e07e5130-8034-48bc-adc8-a4f6628c922b,Cristina,Delgado,,
95a6ab57-9818-4bfa-9b26-a4fec411de4b,Durgesh,Nagarkatti,,
7573e79b-0bfa-47ad-9b43-a50351b09657,Miles,Miller,,
99af2e4a-b171-4d54-a2ca-a531f8239814,Bakir,Sumrein,,
a85830ca-7fe5-49d3-a17f-a53a066df15f,Erdem,Sezgin,,
bf6c172d-227b-40c9-aa6a-a53a734bed2c,ayham,yasein,,
bc81a17a-d7f2-45ec-ad89-a577dba0c6d9,Christopher,O'Grady,,
344c53eb-e3c8-4860-8ecc-a58b5b0f9a39,Manuel,Lobos,,
5c1b9f87-a3cb-4fef-bfb8-a59128dafb09,Obianuju,Obioha,,
4b018859-1ea9-4d54-9980-a59336aece39,Filip,Vuletic,,
3d5fd0ef-0c33-436c-a598-a59e51bd2375,Colton,Cruz,,
745c713f-452e-4633-85a2-a5b3ef3e9f8b,Muhammad,Abdullah,,
d7f5057c-ab16-414b-a1b5-a5b679254247,Malte,Holschen,,https://files.abstractsonline.com/assocphotos/2656/d7f5057c-ab16-414b-a1b5-a5b679254247.profile.jpg
d9f519dc-3780-487f-b93f-a5bfa9978485,Elisabeth,Boehm,,
b7a07781-819b-4b7a-aa33-a5c26c987a08,Filippo,Gerace,,
45109f2b-736a-4be3-bccc-a5e1412cd9fb,Brett,Sanders,"Dr. Sanders is a double fellowship trained shoulder surgeon who trained at Emory, Harvard, and the University of Edinburgh. He has  20 years experience innovating value based and regenerative sports medicine techniques and devices from a private practice setting. Hailing from Chattanooga, TN, he has years of experience being a ring doctor for mma events including strike force and the UFC.  He has consulted on multiple device platforms, presented and educated internationally,  and innovated novel techniques and devices with a special interest in transosseous cuff repair. ",
570c066a-ea47-4dda-89e3-a5fc64d61b9b,María,Figueroa,,
5d57359a-87df-41f1-83c1-a5fe8d9cd8d6,Shahbaz,Malik,,
35e027ee-421f-438b-ab4f-a61713cdd4aa,Radhakrishna,Kantanavar,"I am a Postdoctoral Research Fellow in the Division of Shoulder Surgery at the Johns Hopkins University School of Medicine, Baltimore, USA. I completed my orthopaedic training at King Edward Memorial Hospital, Mumbai, followed by advanced fellowship training in shoulder and elbow surgery in South Korea and gained additional clinical and biomechanical research experience in Australia. My clinical practice and research focus on shoulder and elbow surgery, with particular interests in reverse shoulder arthroplasty, revision shoulder arthroplasty, complex reconstruction for glenoid bone loss, shoulder instability, and rotator cuff disorders. My goal is to integrate clinical practice with high-quality research to advance evidence-based shoulder and elbow surgery and improve patient outcomes.",https://files.abstractsonline.com/assocphotos/2656/35e027ee-421f-438b-ab4f-a61713cdd4aa.profile.jpg
b860218c-f3a8-4d5c-9244-a64a22bf0c50,Benjamin,Zmistowski,,
8a1daf0c-fb6f-4bb1-9bdb-a650ef33ec60,William ,Mallon,,https://files.abstractsonline.com/assocphotos/2656/8a1daf0c-fb6f-4bb1-9bdb-a650ef33ec60.profile.jpg
5830f3f6-b774-4bd6-832f-a662f8c30eda,Joideep,Phadnis,"Professor Joideep Phadnis, MBChB, FRCS(Tr&Orth), PhD, is a leading Elbow Surgeon based at University Hospitals Sussex, Brighton in the UK and at Fortius clinic in London.   He is a recipient of a National Clinical Excellence Award and has a tertiary referral clinical practice encompassing all aspects of elbow surgery including primary and revision arthroplasty, elite sports and complex trauma making him one of the UK’s most influential elbow surgeons.Joideep is an honorary Professor at Brighton & Sussex Medical School for his contribution to research and is actively engaged in multidisciplinary teaching, global surgical education, leadership roles.  His contribution to research is extensive with over 100 peer reviewed publications encompassing elbow arthroplasty, tendon reconstruction, sports injuries, trauma, and patient safety.He is currently director of the Brighton Shoulder & Elbow Fellowship, clinical lead of the Shoulder & Elbow department and lead for research in the British Elbow & Shoulder Society (BESS).  ",https://files.abstractsonline.com/assocphotos/2656/5830f3f6-b774-4bd6-832f-a662f8c30eda.profile.jpg
6aa7da47-8133-44ea-9f9e-a67576083bc1,Stephane,Audebert,,
53b07bad-1ff3-4fe5-bc76-a67b9cd1a141,Tyler,Brady,,
213b8292-11ce-4a95-b393-a6806d49235e,Jean,KANY,,
5ea31938-b039-4cc7-b9c2-a6ac106b65ad,Riccardo Maria,Lanzetti,,
7a415625-ae68-49ea-b1d9-a6b31d80c242,Christine,Mueri,,
c23446a4-6c9b-4ef8-b76e-a6c465d67ce2,Matteo,Mantovani,,
f56602ed-60c0-4b9f-9275-a6c63232b5cf,Emanule,Alfano,,
458c7166-1da8-45c0-b4be-a6c680999d81,Woonhoe,Goo,,
b6c6aa90-676f-4602-bd4e-a6d31825185d,Yoshikazu,Kida,,
5dda769f-19d5-4b3f-946e-a6fbad7f1747,Paulo,Llinas,,
444853eb-e1ed-4e53-b5d1-a71e189cac57,Shorash,Kawa Shaheen,,
6a486b24-5415-4a66-a663-a7501aed2c51,Stanley,Chu,,
c807ef93-bfa9-438a-89b9-a75f605dd795,Peter,Millett,,
9fb023fc-9d47-44fd-bdeb-a7669bbc8fa2,Steven,Yang,,
0e3ff2f3-2be0-453c-81b9-a77f77199089,Ludwig,Seebauer,,
ac94955d-d5b8-4366-9595-a7824c972615,Sourabh,Vellala,,
4434e560-d6db-41da-b03b-a799543145cf,Aidan,McQuade,Michael Deegan is a current resident at Madigan Army Medical Center at Joint Base Lewis McChord in Washington state. He is passionate about sports medicine and shoulder instability in particular.,https://files.abstractsonline.com/assocphotos/2656/4434e560-d6db-41da-b03b-a799543145cf.profile.jpg
4286ce7d-239c-4e65-b6e0-a79b15fc66c8,Mark,Pollard,,
3fa84cdf-ca4b-4977-848d-a7bb5dc6db71,Felipe,Saralegui,,
9ed07283-3878-40c3-b493-a7bbfaae6719,Laurence,Okeke,,
0663abab-f6ee-4a0d-abc3-a7be236155c3,Niel,Kang,,
39dcb62f-7ab8-4b9a-bc42-a7c0f9b08c9d,Guilherme,Mouraria,,
c3d509cf-47a6-42bd-bd96-a7c4836779d3,Fernando,Alvarado,,
e9c0ffdc-ff1b-4f43-8967-a7cb331b67fc,Dominique ,Rouleau,"Dr. Dominique Rouleau is an orthopedic surgeon specializing in upper limb surgery. A graduate of the Édouard-Samson program at the Université de Montréal in 2006, she also holds a master’s degree in biomedical sciences (biostatistics). She completed two clinical fellowships and two visiting fellowships in Europe. Dr. Rouleau is a member of both the American and European Shoulder and Elbow Societies and serves as Chairman of the Canadian Shoulder and Elbow society (CSES). A recipient of several research grants, her most recent randomized study was awarded the prestigious Robin Richards Canadian Research Award.Since late 2024, Chairholder of the Research Chair in Orthopedics of Université de Montréal. Focusing on chronic post-fracture pain and the underlying mechanisms of fracture non-union. Associate Professor in the Department of Surgery and a Researcher at the Hôpital du Sacré-Cœur de Montréal.",https://files.abstractsonline.com/assocphotos/2656/e9c0ffdc-ff1b-4f43-8967-a7cb331b67fc.profile.jpg
581ee137-4ed5-4bff-9a64-a7ce5bc2eaf8,Ryo,Haraguchi,,
95767848-c450-42ea-9730-a7cf108ae5f6,Eduardo,Malavolta,Associate Professor - University of São PauloHead of Shoulder and Elbow Group - University of São Paulo,https://files.abstractsonline.com/assocphotos/2656/95767848-c450-42ea-9730-a7cf108ae5f6.profile.jpeg
69c2d3d4-137f-4cd5-b155-a7e1cf059bcf,Jerry,Stephen,,
dfac89df-c090-48d2-9c8b-a7ead35fb39c,Ilya,Voloshin,,
3996516c-0a16-4f01-91e1-a7eb5f008aca,Zachary,Janotha,,
e55713aa-5d0f-4e5a-a720-a7eb92fba70e,Nicholas,Allen,,
d8467875-54d0-463c-9610-a7edc0c8bfd0,Luke,Austin,,
8a6a5b3f-8271-498a-a912-a7edd44046f8,Saad,Alqahtani,,
772605d1-0570-4cab-9fea-a80a9b905fd5,Sharief,Hendricks,,
fc991a40-1e3c-4ad5-a895-a81d5dc84e00,Bradley,Lezak,,
76247929-caa2-4389-87e0-a822cf023558,Franziska,Eckers,,
c07d8a5f-8c9c-41b2-a52b-a8267a9a20a9,Kristie,More,,
f9354e58-a223-496a-991d-a82bcaa9574a,Amalie,Nash,,
38060270-ceaa-4579-a8e7-a8360ba93545,Toru,Takahashi,,
62ec62b5-1744-438a-a56b-a8544cacb956,Lauren,Schoof,,
50d83530-6fdf-4bd6-b1b4-a85aa0f85dac,Francisco,Cornejo,,
7067f81f-fb99-4676-97f1-a85cb30f3f5c,Stephane,Leduc,,
921913d3-703b-4d80-8507-a85f4b3276f1,Richard,Arendale,,
b5171758-0e8f-4d1e-8f83-a861a165e950,Kendall,Schwartz,,
ed88631b-70dd-45fc-aa41-a8655c985005,Felix,Savoie,"Dr. Felix “Buddy” Savoie III is the Ray J. Haddad Professor and Chair of the Department of Orthopaedics at Tulane University School of Medicine. He earned his Doctor of Medicine from Louisiana State University before completing his residency at the University of Mississippi Medical Center. Further refining his expertise, Dr. Savoie pursued an AO Fellowship in Basel, Switzerland, followed by a Hand and Microvascular Fellowship at the Medical College of Wisconsin and the Mayo Clinic in Rochester and an Arthroscopy Fellowship with Orthopaedic Research of Virginia with Drs. Casper, Whipple and Meyer.  Dr. Savoie also completed a shoulder fellowship with Dr. Richard Hawkins in London, Ontario. His research focuses on cartilage restoration, shoulder and elbow reconstructive biology and Arthroscopy.An internationally recognized leader in shoulder and elbow surgery as well as sports medicine, Dr. Savoie has made significant contributions to the field through his clinical expertise, research, and leadership. Over the years, he has held numerous leadership roles, serving as President of the American Academy of Orthopaedic Surgeons (2023), the Arthroscopy Association of North America (2010), the American Shoulder and Elbow Surgeons (2016), and the Louisiana Orthopaedic Association (2016).",https://files.abstractsonline.com/assocphotos/2656/ed88631b-70dd-45fc-aa41-a8655c985005.profile.jpg
e0729822-9120-49c2-b3ae-a8689abf1677,Puneet,Monga,,
64d188d6-811f-491b-8dbc-a8727dce1c0e,Fabio,BRANDAO DE ALMEIDA,"Member of Brazilian Shoulder and Elbow Society (SBCOC), Brazilian Arthroscopy and Sports Medicine Society (SBRATE), Latin American Shoulder and Elbow Society (SLAHOC) and Arthroscopy Academy of North America (AANA).Chief of the Shoulder and Elbow Department - Royal Portuguese Hospital and Arthro Clinica Recife. Member of the Education and Trainig Comitee - SBCOC.Former President of Brazilian Shoulder and Elbow Society for North and Northeast Regions. ",https://files.abstractsonline.com/assocphotos/2656/64d188d6-811f-491b-8dbc-a8727dce1c0e.profile.jpg
c600947d-37ad-4070-995d-a887fdaf215f,Hadley,Grundman,,
1f082750-bbcf-477b-8d0e-a888866f6aaa,Takashi,Kato,,
b929ea2e-03d7-41be-90dd-a88bf636e7eb,Stephen,Michaels,,
853cedee-e0c8-4da2-9a90-a89718e439b7,Peter,Domos,"He is a double-fellowship trained (United Kingdom and France) Consultant Trauma and Orthopaedic Surgeon at the Royal Free London NHS Foundation Trust in London, providing full comprehensive shoulder and elbow services for degenerative disorders, sport injuries and complex trauma. He also works within an award-winning group structure at Total Orthopaedics London and at Fortius Clinic London, that exists to provide a multi-specialty service, with the benefits of collaborative and innovative working.He is an active British Elbow and Shoulder Society (BESS), European Society for Shoulder and Elbow Surgery (SECEC/ESSSE-including elected Committee member) and American Shoulder and Elbow Society (ASES) member. He regularly attends and teaches (as Faculty member) at national and international courses, to keep his knowledge and skills up-to-date and has several publications in peer-review journals, book chapters and annual presentations at various scientific meetings.He is one of the founding members of the new Bankart Shoulder Society (BSS), which aims to champion the innovation, expertise, and contributions of British shoulder surgeons on the international stage.",https://files.abstractsonline.com/assocphotos/2656/853cedee-e0c8-4da2-9a90-a89718e439b7.profile.jpg
2eb1a746-8cfd-4079-b022-a8d04b038147,JORGE,HERNANDO SACRISTAN,,
1c52b967-dc71-4dcd-8374-a8fd49717b33,Joshua,Broussard,,
daed0797-c0da-418a-bd44-a91cb8a6a0e2,Daniel,DeShetler,,
9e46e95d-0921-41d2-8237-a920a01d5a2f,Natasha,Heersche,,
a1160241-f022-441d-a52d-a9320bb5ccc3,suzanne,robert,,
5ede8e68-a720-4604-8f9b-a93dd1e1fae5,Ozan,Akkus,,
e253121a-19af-4910-963a-a95ccb3dc28d,Yuki,Matsui,,
0eb03091-f14c-4bdd-9bea-a980e30ad706,Michelle,McGarry,,
cba7fe73-c8f1-42c3-ab2d-a989d8c04c3d,Kee-Baek,Ahn,,
500d4a64-b732-43cc-9758-a98b12b9422c,Yasser,El Safoury,"Yasser EL Safoury Professor of Orthopedics Cairo University . A  consultant for Hand – Upper Limb and Microsurgery . Received advanced training in Upper Limb surgery at Massachusetts General Hospital (MGH) and Southern Illinois University in the United states . Pursued an AO fellowship at the University of Bern, Switzerland . Founder and Former President of the Egyptian Society for Surgery of the Hand and Microsurgery ESSHM , and the Founder and Honorary President of the Egyptian Shoulder Surgery Association EGSSA . President elect for the African Shoulder and Elbow Society AFSES  . Member of the organizing Board for the coming ICSES  Cairo 2029 . ",https://files.abstractsonline.com/assocphotos/2656/500d4a64-b732-43cc-9758-a98b12b9422c.profile.jpg
aefaabe6-cf31-4fcf-a5a7-a98c20592d63,Muhammad Hamza,Ilyas,,
14649f70-b922-4fe7-a37a-a9a513fc0010,Matthias,Zumstein,"Matthias Zumstein is a renowned specialist in surgical orthopedics and traumatology. He completed his medical training at the University of Bern, obtaining his doctorate degree. In 2017, he was appointed as a professor.Currently, Matthias Zumstein leads the team for shoulder, elbow, and sports orthopedics at Orthopädie Sonnenhof in Bern and at Sportclinic #1. In addition to his role as a professor at the University of Bern, he also serves as an Honorary Professor at Macquarie University in Sydney, Australia.He underwent specialized training in shoulder, elbow, and sports orthopedics in Zurich and Bern. Furthermore, he completed clinical and scientific fellowships in shoulder orthopedics and sports orthopedics at the University Hospital in Nice, France, as well as in elbow and wrist surgery at the University Hospital in Adelaide, Australia.Matthias Zumstein is an active member of the Swiss Society of Orthopedics and Traumatology (swiss orthopaedics) and has chaired this organisation as a president from July 2024 to June 2026. Additionally, he served as a board member of the European Society for Shoulder and Elbow Surgery (SECEC/ESSSE) for many years.His impressive scientific portfolio includes over 90 peer-reviewed publications, 25 review articles, and 21 book chapters. Moreover, he has delivered over 300 presentations at national and international conferences, including more than 150 invited lectures. Matthias Zumstein has been recognized for his research with various awards, including twice receiving the highest-funded scientific award in shoulder surgery, the Neer Award from the American Shoulder and Elbow Surgeons (ASES), as well as additional awards from DVSE, swiss orthopaedics, the Société Francophone d’Arthroscopie, and the Lipmann-Kessel Prize from the British Elbow and Shoulder Society.",https://files.abstractsonline.com/assocphotos/2656/14649f70-b922-4fe7-a37a-a9a513fc0010.profile.JPG
18368b10-dc99-4cb4-aa35-a9a698bfe548,Anastasiya,Andreyeva,,
b71974f9-a179-41ea-b245-a9b84e0ac199,Joern,Kircher,"Prof. Dr. med. habil. Jörn Kircher is a board-certified orthopaedic and trauma surgeon with a subspecialty focus on shoulder and elbow surgery. He is currently Chief of Orthopaedics and Head of the Department of Shoulder and Elbow Surgery at the ATOS Klinik Fleetinsel in Hamburg, Germany.He holds the venia legendi and an adjunct professorship in orthopaedics at Heinrich Heine University Düsseldorf. Prof. Kircher has extensive clinical and academic experience, including senior consultant and leadership positions at major university and specialist centres in Germany and abroad. He is a certified shoulder and elbow surgeon of the German Association for Shoulder and Elbow Surgery (DVSE) and an AGA-certified arthroscopy instructor.Prof. Kircher is actively involved in research and academic publishing, serving as Associate Editor of the Journal of Shoulder and Elbow Surgery and as a member of several international editorial boards. His clinical and scientific work has been recognized with multiple national and international awards.He is vice president of the D-A-CH Society of Shoulder and Elbow Surgery.",https://files.abstractsonline.com/assocphotos/2656/b71974f9-a179-41ea-b245-a9b84e0ac199.profile.jpg
313feeca-c4e9-4356-a2e1-a9c404a7b9cb,Nick,Metcalfe,,
09f2e7ef-e9a4-49c0-8a30-a9c451b2227b,Adam,Siedel,,
34980d7e-aa41-43b7-9c99-a9c8eaf94351,Daniel,Kim,,
0f0bb4c6-f635-47e8-813a-a9d8d0b61722,Hideki,Kamijo,"Hideki Kamijo, MD, PhD, is an orthopaedic surgeon specializing in shoulder and elbow surgery at Funabashi Orthopaedic Hospital, Chiba, Japan.",https://files.abstractsonline.com/assocphotos/2656/0f0bb4c6-f635-47e8-813a-a9d8d0b61722.profile.png
42b3cdc2-b24f-4aa9-bb96-a9d96c06d9ef,Katharine,Ives,,
84b3b7c9-9164-48e7-b886-a9ebfdfb6626,Thibault,Druel,,
3702be96-a7bb-497f-95ba-a9ec0ad7b0dd,Leeann,Qubain,,
a813a390-4915-444b-8805-a9fa8881a50b,Branden,Lee,,
ae75d40c-915e-42d2-a6ab-a9fe01dbfafa,Neil,Jones,,
04b49854-8fdf-4e29-8e21-aa078f1d57c9,Hunter,Smith,,
1afed096-8d3a-42c6-8719-aa0c85e7a3c4,Louis,Ferreira,,
0cfe3c73-6cdb-47cc-adce-aa368617299d,Yee Jean,Teo,,
11a8bfbe-4b55-45d0-b53a-aa369ae6a47c,Tsukasa,Kumai,,
294bcf6a-aad8-4c30-8535-aa3ba727ad3a,Alex,Moses,,
d57e185f-6bab-44e9-a160-aa435b22148b,Lerch,Till,,
7bb830e6-296d-406b-9630-aa43e8213d68,Jong hun,Ji,Catholic university of Korea. professor,https://files.abstractsonline.com/assocphotos/2656/7bb830e6-296d-406b-9630-aa43e8213d68.profile.png
4000c946-2655-468d-9648-aa4a01ed8a80,Joshua,Coan,,
0282c031-255d-4fc8-abbc-aa4e306381f3,Nahir,Habet,,
fd6c53c9-5a12-44f0-b6b2-aa5e02cb30f6,Manjot,Singh,,
50b2dfb7-a90f-4a9b-9ff7-aa83f3616bc2,Naoya,Nishinaka,,https://files.abstractsonline.com/assocphotos/2656/50b2dfb7-a90f-4a9b-9ff7-aa83f3616bc2.profile.jpg
8c22c133-b8ba-4a2e-a390-aa93ebc95a41,Ntambue,Kauta,,
9209a59b-f350-4671-9c4e-aa94f55ef7c6,Paolo,Paladini,,
01093f22-4259-4154-a8ee-aaa088ab6069,yoann,dalmas,,
8156dcb9-3708-4658-aabe-aaafea388bcb,Patrick,Garvin,,
e236b9fd-1509-4bf4-9366-aaca77b0b5d1,Estevao,Santos,,
b31bccf0-7eb4-4421-8556-aad83b4f6c8f,Emmanouil,Brilakis,"Dr Emmanouil (aka Manos) Brilakis, MD, MSc, PhD, was born in January 1976 in Athens, Greece. He lives and works in Athens. He is an Orthopaedic Surgeon specialising in Shoulder, Knee, and Sports Orthopaedics. He is married and has two children. He received his degree from the Medical School of the National and Kapodistrian University of Athens in 2003. Subsequently, he completed a residency training programme in Trauma and Orthopaedics at the 2nd Orthopaedic Department of the same university. He then undertook a shoulder fellowship programme at the Centre for Shoulder Arthroscopy and Open Surgery in Athens, which is an ESSKA and ISAKOS-accredited teaching centre. Additionally, he obtained an MSc in Metabolic Bone Diseases in 2010 and completed his PhD thesis in Finite Element Analysis in 2018. The 3rd Orthopaedic Department of Hygeia Hospital (an ESSKA and ISAKOS-accredited teaching centre) appointed him to a consultant position in 2017. In 2020, he was nominated as Associate Director of this department. He is also available for private consultations at his office (Brilakis Orthopaedics) in Palaio Faliro, Greece. In the past, he was appointed Head Team Doctor for several Greek teams, distinguishing the female Basketball teams of Olympiakos Piraeus and Panionios GS. He is currently an attending physician for many high-level athletes in track and field, gymnastics, basketball, martial arts, etc, and he is also consulting for Basketball Teams and Track & Field Athletes.  He is actively involved in research, having published articles and book chapters in national & international publications. He regularly teaches in post-graduate training programs at Athens Medical School. He is an active member of many National (Athens Medical Association, Hellenic Association of Orthopaedic Surgery and Traumatology, Hellenic Arthroscopic Association, Hellenic Osteoporosis Foundation) and International (ESSKA, ESA-ESSKA, ISAKOS, AAOS, AANA, SECEC/ESSSE) Scientific Societies. He is a member of the Editorial Board of the Journal of ISAKOS. He was elected to the Board of the Hellenic Association of Orthopaedic Surgery and Traumatology (HAOST) for the periods 2017 (Member), 2020-2021 & 2022-2023 & 2023-2025 (Treasurer). He was a Board member of ESA (a Section of ESSKA) for 2022-2024 and is currently Vice-President of the same organisation for 2024-2026, followed by the position of President for 2026-2028. He is also the Chair of the Communications Committee of ISAKOS (2023-2025).The areas of his scientific and research interest are the following: shoulder arthroscopy, instability, irreparable RC tears, shoulder arthroplasty, knee arthroscopy, and sports orthopaedics.",https://files.abstractsonline.com/assocphotos/2656/b31bccf0-7eb4-4421-8556-aad83b4f6c8f.profile.jpg
3d70cd1b-794d-4c86-a20e-aae1da64cd9e,Kathryn,Robinson,,
3c7b6d2e-a912-489f-a042-aafc5ed36af5,Matthew,Alben,,
64c1e196-4816-48d2-a22b-aafec13dbb07,Tyler,Brolin,"Shoulder & Elbow SurgeonDirector, Shoulder & Elbow DivisionAssociate ProfessorMedical Director, Campbell Clinic Ambulatory Surgery CentersCampbell Clinic",https://files.abstractsonline.com/assocphotos/2656/64c1e196-4816-48d2-a22b-aafec13dbb07.profile.jpg
d2fa3253-c01e-4bf6-97ec-aaffa0c3978b,Damian,Di Memmo,,
a7681c21-0e97-4c82-9959-ab02d5f5157f,Minna,Laitinen,,
ed544c04-9462-45ff-a9e3-ab10745d47ec,Anton,Khlopas,,
07d2b853-19ca-4a8b-b5ea-ab1121d90707,Brett,Sanders,,
39c90687-f45f-441c-a476-ab12ff06ba1f,Mina,Entessari,,https://files.abstractsonline.com/assocphotos/2656/39c90687-f45f-441c-a476-ab12ff06ba1f.profile.jpeg
310bf7fd-5e2b-49d2-ba8a-ab1982c9f891,Aksheta,Kanuganti,,
cce49d66-c171-4591-bcc9-ab443aa5b7f3,Seif,El Masry,,
dbf8f1bd-b7ec-47dc-9245-ab4f4eaa5038,Tea,Berge,,
b47d4b90-f6a2-434e-be43-ab709f5ad595,Eiko,Hashimoto,,
ac626463-0d8e-40c2-a07a-ab8d5ee6c929,Trevor,Wolternick,,
7d335d03-0a4d-4500-a066-ab93d84a97c9,Christopher,Jayne,,
89613bff-bd06-4f20-80e5-abaef99075b8,Kentaro,Sasaki,,
dae45b99-e355-48a1-812b-abb54b8a7cef,Kai,Zhu,,
d1ba47ea-d831-4645-a2e5-abb62f0d270d,Bo,Olsen,,
071f8d60-4c04-4a2d-8bf9-abba255fed5c,Xavier,Lannes,,
11e46018-5301-4832-aee6-abcd9dbe9998,Caitlin,Kacena,"I am a second-year medical student at Loyola University Chicago Stritch School of Medicine. I earned a Bachelor of Science in Biochemistry from Boston College and a Master of Science from Brown University. Prior to medical school, I worked for one year as a Medical Assistant at Brigham and Women's Hospital in the Neurosciences Center, where I cared for patients in neurosurgery, neuromuscular medicine, and multiple sclerosis clinics. My academic interests include clinical research, orthopedic surgery and health disparities. I am actively involved in orthopedic research and community outreach initiatives and am committed to advancing patient-centered care through research and service.",https://files.abstractsonline.com/assocphotos/2656/11e46018-5301-4832-aee6-abcd9dbe9998.profile.jpg
ebd4860f-cc33-4c24-b02c-abd16ec38862,Carmen,Brauer,,
d37b8c05-2506-4474-9a14-abd9a5af0c8f,Kenneth,Faber,,https://files.abstractsonline.com/assocphotos/2656/d37b8c05-2506-4474-9a14-abd9a5af0c8f.profile.jpg
7497301c-8d92-4ee5-bec2-abed370a0628,Ivan,Encalada,,
e9a5a781-828c-457b-87bd-abf16bd1ea7f,YOUNSUNG,JUNG,,
486972bb-386c-4c16-a5ca-abf3f5dba801,Gregg,Nicandri,,
d5b97683-0d59-4c6b-8a1d-ac07bfc85484,Arthur,Saroyan,,
b2bcb2ba-1127-42c6-95f0-ac0845df8dd2,Biagio,Abate,,https://files.abstractsonline.com/assocphotos/2656/b2bcb2ba-1127-42c6-95f0-ac0845df8dd2.profile.jpg
79cab55a-512b-4ad2-b460-ac0c89a266b0,Hwangyong,You,,
50eb8515-55cf-4904-a497-ac0e37968e9d,Ethem Burak,OKLAZ,,
c16489a7-6102-4769-8ea2-ac1228473856,Robert,Parisien,,
258b6254-45a3-4057-b3d4-ac13a6da98de,Eduard,Van Eecke,,
5658d922-e3d7-4d05-9c5e-ac265ee1b809,Prannoy,Paul,,
915df579-9433-4f3a-896e-ac28ef8e4f95,G,Stacy,,
87562547-c1f8-4105-b9bb-ac2b7f9c627b,Joao,Basmage,,
40fdadf1-b22b-4491-90f2-ac2c60edf388,Yo,Ogiwara,,
372d5793-0328-4a76-8470-ac34feaef021,Christopher,Johnson,,
ee522125-1243-446c-b09d-ac490c2c0a9f,John,D'Angelo,,
8ce82335-c2d3-4c6d-a019-ac65ee5afb79,Amanda,Crawford,,
6d87f6b2-48ea-410e-85ad-ac6b0a1cbf7f,SEOW HUI,TEO,,https://files.abstractsonline.com/assocphotos/2656/6d87f6b2-48ea-410e-85ad-ac6b0a1cbf7f.profile.jpg
323c8297-3fa1-475b-b352-ac7e5a15c814,lianne,kearsley-fleet,,
e6df496f-4729-4f1e-8ffd-ac7eca5bc2f6,Estelle,Wigmore,,
60fe1879-80ab-4f66-9333-ac9f6196addf,Victoria,Teufel,,
d1247b57-37fa-40ec-8087-acaa5c4349b5,Vilijam,Zdravkovic,,
3fa1a4f5-d51b-473d-8059-acaa783b3c10,Mishelle,Pérez de León,,
6904ee2f-e2fa-41df-bbe4-acad3017ef71,Lucile,Breyne,,
aecfcce5-56ac-4ec8-8293-acc0e48c9e08,Tristan,Weir,,
6b4b5fee-d4fe-4a8f-abce-accb25d09f7a,Samuel,Lorentz,,
38149d50-39f0-44e3-9d2b-acd101ea7c3a,Mustafa,YASSIN,,
362ee29c-37f7-4202-9ea0-acdf56debb18,John,Sperling,,
2b48454c-79ee-4319-8556-ace602b41ecf,Jaden,Hardirck,,
d98be79f-2623-4ffe-abd5-acee34b09392,Allison,Nall,,
4c542cf7-bf6f-4624-a8cd-ad12211d175c,Akira,SUGI,Sapporo Medical University School of Medicine,
1b2e46c1-7a36-4477-8ed9-ad1e6a52ca75,Ulrich,Brunner,,
2fe822ba-2288-41de-89df-ad23df5b5ebd,Joaquin,Cristi,,
7db1cfac-0361-48a7-8402-ad37e85402fd,Paula,Ludewig,,
21c6848b-4558-45de-ab7c-ad4492ec5ddb,Nady,Hamid,,https://files.abstractsonline.com/assocphotos/2656/21c6848b-4558-45de-ab7c-ad4492ec5ddb.profile.jpeg
443f2f73-de7f-4caa-85d0-ad4794071269,Remeya,Ganesh,,
9267171d-ba2c-4db5-a690-ad53439c5f1a,Ian,Cleary,,
5027bd9f-5fdf-4efe-9e1e-ad595d95818d,Joseph,Greenstein,,
1779fd30-77b0-4a11-b23f-ad63637bb8d0,Brian,Molokwu,,
5e4de4d3-7f29-4ce5-9de1-ade0982c43c8,Garrett,Bullock,,
008368c4-1491-4c77-bb8b-ade454f221e0,Egbert,Veen,,
43ac9b14-627b-4b1d-9524-ade9d6d6ccff,Parash,Bhakta,,
dd3bf786-42c4-478f-8338-adfd5fa1204a,Yahya,Ali,,
a98e4d3c-6fc1-4696-9d4b-ae0c4fd83c7d,Matthew,Hogue,,
67501ad1-d89a-45ea-a4bf-ae0df63ab01b,Jae Sung,Yee,"Jae-Sung Yee, MD, MS, is a Clinical Assistant Professor in the Department of Orthopaedic Surgery at Hallym University Sacred Heart Hospital, Republic of Korea, and a PhD candidate in Orthopaedic Surgery at Seoul National University College of Medicine. His clinical practice and research focus on shoulder and elbow surgery and sports medicine. His research interests include musculoskeletal imaging, artificial intelligence, and machine learning applications in orthopaedics, particularly for the diagnosis and treatment of shoulder disorders. He is actively engaged in clinical and translational research aimed at advancing evidence-based orthopaedic practice.",https://files.abstractsonline.com/assocphotos/2656/67501ad1-d89a-45ea-a4bf-ae0df63ab01b.profile.JPG
a23c1e35-d493-47a0-9e99-ae385285d986,Tone,Wagle,,
db7b73fc-a78d-4e61-aa63-ae433794ac91,yoshihiro,hirakawa,,
a751737d-6cfb-491b-80d6-ae51cdcf1bdc,Anke,Claes,,
5bd1c2c6-28ee-4fc2-97af-ae6008767016,aa,aa,,
07986af9-2d3e-479e-a44f-ae6887cf868a,Seda,TOSUN,,
f1c5132d-959d-4044-b3e3-ae7315b31f8d,Xavi,Rius,,
bb4995f1-9085-4aef-a6ea-ae7897d7ab4a,Nicholas,Bernthal,,
920be349-f54f-4bd8-bed6-aea31bc2e2b8,Jesus Rafael,Davila Bencomo,,
323bf76e-fc71-47ba-a8dc-aebe60655eff,Santiago,Soliño,,
f2fb6afe-1c42-4d74-9000-aec174a9583a,Rodrigo,Venegas Gonzalez,,
5af30b73-4d11-4486-acc4-aef40d1b78b4,Gonzalo,Barraza,,
1c6d8d9d-65a2-4410-b7e9-aef9654e2a1b,Alaa,Elsenbsy,,
cfda9000-2890-4b9f-b8cc-af1326f04365,Nick,Aloi,"Orthopaedic Surgery Resident Physician (PGY-3) at UPMC Hamot Medical Center (Erie, PA)Medical Degree from University of Pittsburgh School of Medicine Class of 2024 (Pittsburgh, PA)Bachelor of Science in Molecular and Cellular Biology from Johns Hopkins University Class of 2020 (Baltimore, MD)",https://files.abstractsonline.com/assocphotos/2656/cfda9000-2890-4b9f-b8cc-af1326f04365.profile.jpg
1b441c39-d5d1-429a-89ce-af2dcb3ca47a,Blake,Hodgens,,
284c3ff1-a0de-466a-bf8d-af346da8d230,Jennifer Dharshani,Beath,,
21f753da-774f-47ee-bb57-af3a50a8d1b0,Justin,Blackman,,
abda5815-ffa6-413d-9be1-af409fc89ae8,G Daniel,Langohr,,
57bd37ed-1a41-4f5c-95c3-af5de553b314,Ata Cem,Akbaba,,
ce4bf47c-fe1b-47e8-a1cb-af619ae6f771,Andrew,Nevaiser,,
a4dc29b1-fc45-4c4a-b38b-af73ad5fd96b,Russell,Stitzlein,,
b0900e64-4f9b-47db-a3ad-af8768b9c1b3,Renato,Miyadahira,,
4f27d507-e7e2-4e8b-89f7-af8b64054034,Adam,Bowler,,
9fde0f62-9323-4d7c-a529-af90d42af573,Srikar,Muppidi,,
3bd48527-00b9-4f9f-ad4b-af9358389ff3,Anthony,Minerva,,
b34b8a50-879b-42d2-af3a-afbae8249453,Alonso,Diaz,,
a3fd5df4-5bd3-4a5c-8861-afbce59b7b32,Mark,McClure,,
528cc8d6-7223-4f97-9dc7-afe9189f5392,Javier ,Guevara,,
258f8976-1d5c-476e-8bca-aff5c7797784,GUILHERME ,STIRMA,,
77fb0197-ca9d-4c22-9c6b-b01da3b554ae,Charles,Thigpen,,
d8baaba7-879f-463e-a0f1-b01e58b59028,Katelyn,Koschmeder,,
42fd7f3d-8dba-4b59-a191-b033ae1ebfbb,Darlington,Nwaudo,,
ca0ea261-fd3d-497d-9858-b03bd759b8aa,Mohit,Bhandari,,
7d795283-3ae1-4d21-99bd-b04842820d78,Mohammad,Haddara,"Dr. Mohammad Haddara is a biomedical engineer and Senior Research Fellow at the Macquarie University Translational Orthopaedic Research (TOR) Laboratory in Sydney, Australia. His research focuses on orthopaedic biomechanics, particularly shoulder joint mechanics, muscle loading, implant stability, and cadaveric simulation. He specializes in the development and use of advanced ex vivo simulators to investigate the effects of surgical interventions, implant positioning, and soft tissue deficiencies on joint kinematics and biomechanics. His work integrates motion tracking, muscle force analysis, strain measurement, and computational modelling to improve surgical planning and patient outcomes in orthopaedics.",https://files.abstractsonline.com/assocphotos/2656/7d795283-3ae1-4d21-99bd-b04842820d78.profile.JPG
ff13cd2e-1a00-4286-890d-b04c97ac10f3,Petar,Golijanin,,
31f11dbb-6045-4df4-a441-b0513f805110,Jiong,Yu,,
30279c93-38d2-4aa2-810a-b07dbe4f12ea,Thibault,Lafosse,,
1c359a64-315d-43b5-8f74-b07f7838180b,Lucas,Marchand,,
74b6b8e3-d1af-492e-b2f7-b093f3bf9065,Kyota,Ishibashi,,
39a60925-3b7c-4c17-8906-b0ab91c78415,Marion,Burnier,,
c7fddadb-35fc-49be-b5b8-b0bab47eab5b,Rami,El Abiad,,
8c69407d-5f0a-4723-9b30-b0e1ea28e59f,Joseph,Sabbag,"I am Colombian, an orthopedic surgeon. I completed a fellowship in shoulder and elbow at Fundación Santa Fe, and a second shoulder fellowship with Dr. Phillip Valenti.",
94568cd7-f4de-46f9-91d6-b0e5720ae6e9,Natalie,Myers,,
672d0061-3c03-46cb-97c5-b0f0f03a836a,Eric,Donohue,,
eaf3a05e-5fdd-405c-8c9b-b0f15a37d9a4,Olivier,Bozon,"Olivier Bozon, MD, MSc, is a French orthopedic surgeon specialized in upper limb surgery, with a particular focus on shoulder and elbow disorders. He previously worked at the University Hospital of Montpellier, France, and is currently a clinical fellow in upper extremity surgery at the CIUSSS du Nord-de-l’Île-de-Montréal, working in the service of Dr. Dominique Rouleau. His clinical and research interests include traumatic and degenerative conditions of the shoulder and elbow, arthroscopic techniques, and reconstructive surgery, with active involvement in clinical research and scientific publications.",https://files.abstractsonline.com/assocphotos/2656/eaf3a05e-5fdd-405c-8c9b-b0f15a37d9a4.profile.jpg
74e20885-c0d5-43a9-b19d-b1039bff6dfc,Amy,Phan,,
4cc29b2f-d916-4e6b-9674-b10b5d07f7ea,Brian,Waterman,"Dr. Brian Waterman is a board-certified orthopedic surgeon specializing in sports medicine, cartilage restoration, and shoulder and elbow care, with a distinguished career in both the military and academia. He is a former U.S. Army surgeon who served as a team physician for professional sports teams, including the Chicago Bulls and White Sox. He is currently a Professor and the Chief and Fellowship Director for Sports Medicine at Wake Forest University School of Medicine. ",
4edb5536-bd3e-437c-b9d2-b110a6150269,Arne,Berner,,
8b388e01-5990-430e-8c0d-b127e6d65a38,J,Pollock,,
c3614712-d74f-4558-82ba-b12ca15f7844,Leslie,Barnes,"Leslie Barnes, MD, is Professor of Orthopaedic Surgery at the Lewis Katz School of Medicine at Temple University in Philadelphia, Pennsylvania, USA. Dr. Barnes is an internationally recognized shoulder and elbow surgeon, educator, and researcher. She currently serves as Chair of the American Shoulder and Elbow Surgeons (ASES) Foundation Committee on Patient-Centered Initiatives, and Co-Chair of the American Academy of Orthopaedic Surgeons (AAOS) Clinical Practice Guideline on the Management of Shoulder Instability. She also serves on the AAOS Shoulder and Elbow Instructional Course Lecture Committee and the Arthroscopy Association of North America Research Committee.At Temple University Hospital, Dr. Barnes is Medical Director of the Inpatient Orthopedic Unit and has been a dedicated mentor to residents and medical students. She has authored numerous peer-reviewed publications and book chapters, and is widely recognized for her contributions to advancing shoulder and elbow surgery.",https://files.abstractsonline.com/assocphotos/2656/c3614712-d74f-4558-82ba-b12ca15f7844.profile.jpg
0120a2ba-7de3-4cea-8bcb-b12f9c3d41ff,Mercedes,Salas Damiani,,
29d6b391-68a6-4e1d-a445-b14b7e5ac806,Mark,Frankle,"Director and PI for Shoulder and Elbow Research group, Dr. Mark A. Frankle has been with Florida Orthopaedic Institute since 1991. Dr. Frankle serves as the Director of the Phillip Spiegel Orthopaedic Research Laboratory at the Foundation for Orthopaedic Research and Education (FORE). Dr. Frankle also founded the Shoulder and Elbow fellowship training program, which he continues to direct. This program has facilitated the training of more than 75 Shoulder and Elbow surgeons practicing nationwide. Dr. Frankle has designed implants and instrumentation used in shoulder replacement for several different orthopaedic companies, resulting in an estimated volume to date of 60,000 individual shoulder prostheses implanted in patients worldwide. For his research, Dr. Frankle has twice received the prestigious Charles S. Neer Award for both Basic Science and Clinical Research from the American Shoulder and Elbow Surgeons and was nominated five additional times. He has published two books, numerous book chapters, and over 130 research articles. He served as a member for numerous committees (ASES, American Academy of Orthopaedic Surgeons, etc.) Dr. Frankle presently acts as a Journal Reviewer for five peer-reviewed journals and as course faculty in specialty meetings both nationally and internationally.",https://files.abstractsonline.com/assocphotos/2656/29d6b391-68a6-4e1d-a445-b14b7e5ac806.profile.jpg
b01113dd-d84d-44c9-a088-b16945fe6480,Daryl,Osbahr,,
5719e96b-714c-4ada-8716-b1746ee7fcb4,Juliet,Chung,,
e1ca63b6-0acb-4c77-a5e5-b17e42e9a4ed,Jason,Corban,"Dr. Jason Corban is an orthopaedic surgeon specializing in upper extremity pathology and orthopaedic sports medicine who holds an academic appointment as Assistant Professor at McGill University. He completed his bachelor’s degree at the University of Toronto before going on to McGill University for medical school and residency training in orthopaedic surgery. Following residency, he went on to complete two fellowships, one in orthopaedic sports medicine at the University of Southern California and the second in shoulder and elbow surgery at the New England Baptist Hospital in Boston. Dr Corban has a variety clinical and research interests that span from the use of novel technologies for injury prevention to the applications of biologics in soft tissue healing. His research is focussed primarily on the application of automated kinematic assessment for injury prediction and for assessing post-operative outcomes. He also currently serves as a team orthopaedic surgeon for the Montreal Alouettes CFL team.",https://files.abstractsonline.com/assocphotos/2656/e1ca63b6-0acb-4c77-a5e5-b17e42e9a4ed.profile.png
92032b85-4a54-48eb-b648-b1ad103275cb,Jong Pil,Yoon,,https://files.abstractsonline.com/assocphotos/2656/92032b85-4a54-48eb-b648-b1ad103275cb.profile.png
50ab5e24-4466-4334-93c6-b1adeeeaca6a,Nabil,Mehta,,
3f0f4ec6-1713-46f5-86ec-b1c160dfe7e5,Jacob,Torrey,,
698bcd5e-aded-420e-be38-b1ca46159e33,Makoto,Osaki,,
92c204be-839c-4ad7-ac61-b1d18316aa46,Konrad,Malachowski,"Konrad Malachowski, MD is a board-certified specialist in Orthopaedics and Trauma Surgery. He graduated from the Medical University of Warsaw in 2008 and obtained his specialist qualification in 2016. Since 2019, he has been working as a specialist physician (Facharzt) at Klinikum Bad Neustadt, Germany. In 2023, he was appointed Senior Consultant (Oberarzt) at the Department of Shoulder and Elbow Surgery.",
91705b1d-c3d7-49d9-a421-b1da678e210e,Edward,Smitaman,,
3d56fd0c-d761-4001-9d1a-b1ebd78981c1,Ansh,Shah,,
58529752-ab2c-4b39-8b61-b2122cbcdd07,Diego,Lima,"Dr. Diego Lima is a highly skilled and accomplished orthopedic surgeon with expertise in various subspecialties, including shoulder and elbow surgery, adult reconstruction surgery, and sports medicine. With extensive training and experience, he performs a wide range of surgeries, including shoulder and elbow arthroplasty and arthroscopy, primary and complex cases, and sports-related injuries.Dr. Lima is a member of the esteemed American Association of Orthopedic Surgeons (AAOS) and ASES, further highlighting his commitment to professional excellence and staying at the forefront of advancements in orthopedic surgery.In addition to his clinical work, Dr. Lima serves as an assistant professor at both the University of Central Florida, Nova Southeastern University and the University of Miami, actively involved in the orthopedic residency programs of both institutions. Through teaching and mentorship, he contributes to the education and training of future orthopedic surgeons, fostering the growth of the field.",https://files.abstractsonline.com/assocphotos/2656/58529752-ab2c-4b39-8b61-b2122cbcdd07.profile.jpg
8e2295d0-81bd-4fa7-bdc7-b21c3a9d92e1,Mary,Creedon,,
202f7b0a-84a6-4d77-96a1-b21ca9a3aefc,Young-Lae,Moon,,
e2d257a1-53d8-4fa4-95f7-b23da3a53456,Fares,Uddin,,
c4643589-6a63-4858-9f8b-b24ae0ec5736,Michael,Schroeder,,
4e0251b7-486f-4743-94a2-b24da30c9b48,Christopher,Adams,,
e0edda66-394b-4e09-912e-b264ee26c8f5,Steve,Bale,"Consultant Shoulder Surgeon, Wrightington Hospital, UK with special interest in complex primary and revision shoulder arthroplasty, glenoid and humeral bone loss and custom arthroplasty.",https://files.abstractsonline.com/assocphotos/2656/e0edda66-394b-4e09-912e-b264ee26c8f5.profile.jpeg
c2c35233-f933-4991-93ff-b266521ec0e2,Pamela,Nehme,,
22abdbf0-19f5-410a-8f1f-b27993765bb3,Yusuke,Koibuchi,,
3d7d452e-1b6f-4ba1-ad1f-b280de248b1f,Thabang,Rachoene,,
0159677d-7146-4875-a120-b285da49eb55,Mason,Frazier,,
3b63337b-4f1e-426e-85cb-b292a8a7273f,Abdulrahman,Korkoman,,
232419f8-df45-4ecc-a4dc-b29e91895dbc,Jennifer,Estrada,,
f6d08cdc-44bf-4bf4-9765-b2a4763005b8,Chris,O Grady,,
24f033a8-8f32-4ca8-a851-b2b00c898d72,Hamza,Ilyas,,
5c1fe06b-05b1-4d5b-ae37-b2b4b496baaf,Shiro,Kajiyama,,
58c3d87f-90bd-4312-a656-b2c068ecba60,Benjamin,Cook,,
472597ea-f8a3-4263-a0be-b2c9cbddfcb1,Ingmar,Fleps,,
1b99f404-1333-4425-a3b0-b2df731ca18c,Bavin,Pathmaraj,,
e102846d-408e-4c54-9008-b2e7107a6707,Federico,Martinelli,,
01c58b50-2a4d-4566-b51d-b2f9e73c0db3,Joseph,Lynch,,
78833cc4-fff8-4ced-af79-b30343f552ce,Joao,Bonadiman,"Shoulder and Elbow Surgeon based on Passo Fundo, Brazil ",https://files.abstractsonline.com/assocphotos/2656/78833cc4-fff8-4ced-af79-b30343f552ce.profile.jpeg
e83ef54e-13e9-48ec-ad2b-b317b5611498,Guido,Marra,,
14097f85-11ef-41e6-92e9-b34306497d4e,Chang Min,Song,,
400dba4a-16db-41b0-9bdc-b370bba4442e,Alfred,Serna,,
3545a6d5-272a-4df4-8e19-b370c4c19278,Juan Bautista,Morteo Nofal,,
8e537865-2525-460a-9784-b37257b136ce,Kengo,Kirimura,,
19ebe614-9c19-49c4-be75-b37c8ef04e9e,Kendall,Bradley,,
6373d28f-6de7-4ee9-993b-b37fbb772b21,Kira,Smith,,
5ba2abf8-38e7-44f3-afd8-b39868b53033,Sergio,Coelho,,
2860694a-11d7-43be-8706-b39e660f50b8,Keiran,Singh,,
7d95a45a-dc99-444a-b53b-b3a607e6f277,Chang Hee,Baek,"EDUCATION1985 – 1991M.D., Chonbuk National University Medical School, Jeonju-si, Republic of Korea1991 – 1995Orthopaedic Surgery, Kyung Hee University Medical Center, Seoul, Republic of Korea2008Seoul National University Hospital Advanced Healthcare Management ProgramLICENSURE / BOARD CERTIFICATION1992Medical License, Republic of Korea1996The Korean Orthopaedic Association Board Certification, Republic of KoreaPROFESSIONAL EXPERIENCES1999 – 2005Orthopaedic Surgeon, Baek Chang Hee Clinic, Yeosu-si, Republic of Korea2005 – presentDirector, Yeosu Baek Hospital, Yeosu-si, Republic of KoreaPROFESSIONAL MEMBERSHIP1996The Korean Orthopaedic Association1996Korean Arthroscopy Society1996The Korean Society of Sports Medicine2006The Korean Shoulder & Elbow Society",https://files.abstractsonline.com/assocphotos/2656/7d95a45a-dc99-444a-b53b-b3a607e6f277.profile.jpg
39061212-d7af-4d54-878c-b3ab9fad945c,Sohan,Jakkaraju,,
11a87834-9554-4b1e-99ad-b3b8c095b0cc,Ellen,Lutnick,,
d8e2c819-5424-4494-968b-b3b939d50b3a,Marc,Jacofsky,,
0a430e96-7b1e-47c8-ae34-b3bdeeadc5b0,Beatrice,Perciballi,,
eb40d708-677d-4603-800e-b3bf57299906,Takatori,Naoki,,
217e9b89-fdff-4dab-9205-b3e1f6ef1599,Joseph,Kitchen,,
f515d90e-849d-4ce7-8b89-b3ea1a655766,Michael,Samaan,,
32b5c4aa-e8bf-4725-8f61-b3ead8970748,Brandon,Ziegnenfuss,,
923610d2-59f9-4e73-ae92-b3f998512fa6,Maria,Chia,,
1f65eaea-7988-48eb-9af8-b4134cfd3105,Xinning,Li,,
1e0d3181-6dee-4ac1-8cdd-b4190624eb40,Jessica,Bertrand,,
e8ae3e62-6973-4d21-84b9-b41d7a0382db,Phillip,Duke,,
20455847-196d-4c5a-93f7-b42e061b27e1,Stephen,Parada,"Director of Shoulder Surgery; Vice Chair of ResearchProfessorMedical College of Georgia, Augusta University",
9697f916-6052-4710-9394-b42f92c17bcc,Amr,Elmaraghy,"Dr. Elmaraghy graduated from the University of Toronto, Faculty of Medicine in 1994, and completed his Orthopaedic Surgery residency there in 2000.  After a Clinical Fellowship in Upper Extremity, Hand and Trauma Surgery, he began practice in 2001.  He is currently an Associate Professor in the Division of Orthopaedic Surgery.  Dr. Elmaraghy has established a subspecialty practice in Upper Extremity Arthroscopy and Reconstructive Surgery and has been published in a number of peer-reviewed Orthopaedic journals on topics related to upper extremity pathology and surgical technique.  During medical school and his Orthopaedic residency, Dr. Elmaraghy played three years for the Varsity Blue’s Men’s Basketball team, and has continued his interest in sports medicine by acting as a consultant to a number of sports teams, including Canada Basketball’s Men’s National Team.  Dr. Elmaraghy has also established a dedication and experience in treating injured workers.  For over 15 years he was a Consultant for WSIB Hand & Wrist Specialty clinic at the Toronto Western Hospital, and a consultant for the WSIB Shoulder and Elbow Specialty Clinic at the Sunnybrook Holland Orthopaedic and Arthritic Centre.  Dr. Elmaraghy is affiliated with and operates at St. Joseph’s Health Centre, now part of UnityHealth Toronto, where he has served in leadership roles as both the Head of the Division of Orthopaedic Surgery and the Chief of Surgery. ",https://files.abstractsonline.com/assocphotos/2656/9697f916-6052-4710-9394-b42f92c17bcc.profile.jpg
1b09c5b7-ec31-461a-87f7-b432dc5e8def,Andra,Topan,,
a6b6d329-25a0-48ca-a8f5-b4350f83406f,Ryan,Hess,,
388f0e65-41ff-4697-924d-b43e7faee3bd,David,Clark,"I am a consultant upper limb surgeon at the Derby Shoulder Unit in the  UK for the past 26 years. My research interests are quality improvement in upper limb surgery, long term outcomes of shoulder and elbow arthroplasty, epidemiology of upper limb conditions. I served on the British Elbow and shoulder council for 8 years as secretary and treasurer.",https://files.abstractsonline.com/assocphotos/2656/388f0e65-41ff-4697-924d-b43e7faee3bd.profile.jpg
4aefe648-7bf9-4d8f-9aae-b4472f1d56e2,Brian,Suh,,
946f414b-6c40-4a66-afb7-b483153dd006,Tim,Schneller,,
77c21448-df91-44aa-a005-b4a2ed42694e,Matthew,Nakouzi,,
e9d522fa-116f-4ca7-ba76-b4a33573ea5a,Przemysław,Lubiatowski,,
1da81924-aa50-41ae-b2df-b4a487aeda60,Favian,Su,,https://files.abstractsonline.com/assocphotos/2656/1da81924-aa50-41ae-b2df-b4a487aeda60.profile.jpg
75065ad1-d187-4a1e-ab09-b4a67942620b,Felipe,Damasceno,,
6acea863-a550-4ae5-b035-b4cdab87981f,Scott,Feeley,,
48ce071a-e447-4b07-91b2-b4f1fdbd7ca0,Periklis,Giannakis,,
4b773b1b-afcb-437a-8c0a-b50198f4dc59,Maria,Bozoghlian,,
e8b13cac-7ae7-43e9-9a0a-b52d123f825f,Gospel,Ibe,,
9f62815b-3d47-4e51-acfd-b52e36823456,Dongyeon,Kim,,
466ebe7c-c828-42bf-a076-b536f17a0567,Christopher,Bono,,
a1864d96-2604-4366-beb5-b5449f1cb494,Jeffrey,Harrison,,
3a995d23-1dcc-4d5c-87d0-b55cc2fbb177,Alaeddine,Jaballah,,
854eae14-3c24-4f05-9dee-b55e742cd992,Scott,Telfer,,
bfabc8b5-9a1d-4c20-99e7-b5664568ffc2,Plagens,Connor,,
d4d92cc4-58c5-4cbc-b3ee-b57145f2dd57,Alyssa,Henriquez,,
7e1cfc62-a28a-4956-9a99-b57df0bea4ed,Safda,Khan,,
dfb6b49a-260d-4aac-b75c-b57fd31af792,Eiji,Itoi,,
57b696e0-8793-4d7e-a9c6-b5af48b08c6f,Charles,Patterson,,
5c9395f0-e691-4a99-8826-b5b02df54d59,Evie,O’Brien,,
efa79063-63cc-4a56-8dff-b5b90db6bc8a,Harry,Greditzer,,
95765871-b133-4415-8809-b5d66846ce00,Patrick,Donnelly,,
529cc67f-eee9-488b-9ac5-b5f8cf2c881e,Ana ,Couceiro,,
0e849a47-7858-4ffb-be0d-b60fb7851fa2,ARNALDO,FERREIRA,,https://files.abstractsonline.com/assocphotos/2656/0e849a47-7858-4ffb-be0d-b60fb7851fa2.profile.jpg
8d168397-1614-44b6-ab43-b61822fd0249,Jean-Michel,Dhainaut,,
1d522592-cbc4-4d35-a272-b6455d4f9673,katrina,watson- rowsell,,
d482634a-1fcd-4a91-a0c3-b6770d0cab41,Timothy,Lenters,,
75cde1cb-91c9-4fc6-9f1b-b684c7034c3a,Unai,de Andrés,,
cf40ff5b-4c02-4c3d-9cbb-b6870eed8fec,Whitney,Twitero,,
f1b9167b-7563-4c68-b143-b6995057807d,Masashi,Izumi,,
bc89910f-9ef7-44c0-a7f2-b6a37e8d1829,Javad,Raeesi,,
3f526ca2-7c5e-4e55-9f9d-b6b3f881cfbe,Johnlevi,Lazaro,"Johnlevi Scott Lazaro, DO, is a Chief Orthopaedic Surgery Resident at Jefferson Health New Jersey and an incoming Shoulder and Elbow Fellow at Brown University. He received his medical degree from Rowan University School of Osteopathic Medicine. His academic interests include shoulder and elbow surgery, clinical outcomes research, and resident education. He has authored and presented research on shoulder arthroplasty and upper extremity surgery at regional and national meetings.",https://files.abstractsonline.com/assocphotos/2656/3f526ca2-7c5e-4e55-9f9d-b6b3f881cfbe.profile.jpg
02263c17-9ff8-4701-ba91-b6c3e60a37d7,Bradley,Schoch,,https://files.abstractsonline.com/assocphotos/2656/02263c17-9ff8-4701-ba91-b6c3e60a37d7.profile.jpg
83754e04-3ef7-4402-b487-b705ecbde428,Arjun,Vohra,,
1f0c4faa-29a6-47ec-bf07-b708edbed809,Mohamed,Kotb,,
24a36076-8011-4d75-8257-b7100e2c7514,Ira,Bachar-Avnieli,,
7d6cd665-bd3e-42c3-bb76-b71df2c4ce6c,Jiong,Yu,,https://files.abstractsonline.com/assocphotos/2656/7d6cd665-bd3e-42c3-bb76-b71df2c4ce6c.profile.jpg
f7bba640-4260-41e8-b471-b72403242296,Breda,Eubank,,
804aaadd-232b-4f8e-9e30-b7400a57f81f,Luke,Gilliland,,
924537b4-c6df-4f4a-bec2-b757a5307cc2,Babak,Moradi,,
27090350-039d-4345-8770-b7737723abd2,Richard,Lloyd,,
c0f4f0e0-06df-41c4-9fac-b79309ddad0e,Natalia,Belotti,,
e23500ee-2923-4cf1-b81e-b79efb90eca3,Sakang,Hong,,
79b04910-a876-463c-9619-b7a0ba5a155b,Reubeen,Ahmad,,
907d3cfe-6e7b-45d6-955f-b7a2188843f7,Claude,Killian,,
c7a37485-3c86-4b95-b917-b7a372353360,Masatoshi,Takahara,,
8525549b-d975-423a-bef4-b7b449c36cdf,Tatsuya,Taniguchi,,
a3141165-1aac-404b-9d75-b7b52ea2347c,Sam,Arnold,,
d771eaee-67e6-4f5d-99a1-b7b88c72d04a,Evan,Chin,,
a5a58d78-d3b9-4607-87a7-b7ca8e378d57,Hwang Yong,You,,
6a3ebe60-ac84-4874-a965-b7f58f45f20a,Jae-Sung,Park,,
4f2fe625-6029-4393-9c99-b81175ae93f1,Noah,Feder,,
8520294b-552e-4f62-b5e4-b823ff2c2e59,Randall,Arroyo,,
78e9b565-4219-44af-9344-b82e346f080c,Lawrence,Okeke,,
a2690c67-9349-4234-979a-b83185d1b1bd,Mauro,Gracitelli,,
27a73045-722d-4706-ab7a-b8348b3d28bb,Rodrigo,Curado,,
05cf3975-ea46-4064-bd54-b84f498d4046,Harsh,Modi,,
7c9cf0c5-1072-418c-99b7-b8743c0569c0,Toru,Morimoto,,
8b3a9e13-557f-42bc-90c5-b8900280f137,Heath,Henniger,,
748a299f-6471-4678-b0d6-b89c0963930e,Tuomas,Lähdeoja,,
a1830fd2-a538-443f-8854-b8b1995adcd4,Vicente,Gutierrez,,
fdb7bf30-a759-4c1e-94ae-b8b49f784770,Mohammad,Abdelaal,,
2ad2a5d6-1649-496d-aaf0-b8ba72b41078,Justin,Haller,,
50813b88-027f-4310-991f-b8bf55f14f0e,Trevor,McBroom,,
2cc04345-085b-41ab-a238-b8c18d9fce87,Caleb,Davis,,
038e384d-ac78-4232-9716-b8d3cca07c2a,Claudio,Ascani,,
77b873f2-d68a-4f78-900f-b8eeaa384fbb,Robert,Miller,,
ea894bf1-93be-4821-b02a-b8f2066e14d7,Francois,Boux Decasson,,
d8f3c258-f3ea-44fb-9b75-b906e9753be4,Fabio,Videira,,
f7a3f0bb-b170-4f31-8048-b909a8e1e73c,Kazuhiko,Kikugawa,,
83bb1149-f20e-47e4-bc56-b90a462d26b2,Takeshi,Imai,,
305ab76e-8152-4b2b-900b-b915ea3e990d,Sebastian,Siebenlist,,
14444867-467a-4534-86d9-b91676b207c5,Ryan,Gao,Shoulder & Elbow Surgeon in Auckland New Zealand,https://files.abstractsonline.com/assocphotos/2656/14444867-467a-4534-86d9-b91676b207c5.profile.jpg
a7caeba7-5f76-4f50-9831-b92acf2730b8,Hongshuai,Li,,
3c2af328-78fb-42d3-aa5d-b92edd5a2551,Markus,Scheibel,,
bbd9b16b-4b56-439c-a5b3-b93bf9f155bb,Haley,Tornberg,,
c3394a0d-6574-4087-87f5-b963b0d564e8,Alyssa,Basdavanos,,https://files.abstractsonline.com/assocphotos/2656/c3394a0d-6574-4087-87f5-b963b0d564e8.profile.jpg
fcfda18d-4b11-46b7-b474-b9751edfacab,Galvin,Loughran,,
701eb6e0-71a9-4ff7-b607-b97cd0119641,Mark,Megerian,,
ac9600a3-903b-4b20-bf13-b98b9977d474,Shangcheng,Wang,,
1075f528-a42e-4f3d-b948-b9a6238f9210,Alec,Egan,,
c767be53-2631-40a9-85f3-b9a989d1e0af,Murad,Hamza,,
6de4f4fd-f07e-4620-a018-b9e17e3768de,quentin,rialet,,
b04fa15e-0fa5-41bf-9f4f-b9f3cb6bf786,Mohammed,Khan,,
54b85611-7a92-482a-a64e-b9f9912c4a93,Daniel,Goltz,,
7b8af8bd-6cad-44a9-b2dd-ba24831537e6,Celia,Garcia,,
e8bfdd3c-c582-49eb-8e03-ba28921ef7ac,William,Frisella,,
57d142a6-6324-4759-bcac-ba3c13163304,Pietro Simone,Randelli,,
cbe38d10-bba6-4863-ab54-ba453cc87f9e,Grethe,Geldenhuys,,
b7c01790-5786-4e77-8ae0-ba5d02aca5d7,VIPUL,GARG,,
905e9419-b9e3-441e-b088-ba715fd27af6,Fernando,López,,
1f76c878-b173-4ce2-bd6e-ba777d608830,ELEANOR,JOHNSON,,
f9e79b56-453b-4c55-93d3-ba99dfe46d5f,Garrett,Flynn,,
5f2aef1e-73f2-4be8-b972-baca9b8441a7,Amara,Emeh,,
331af8e1-4de9-4715-8e9c-bad900c530d4,Pablo,Marcet,,
038462c4-31b1-4325-8d15-bade291497d3,Christopher,Joyce,,
cb1f9bd6-ea00-4425-99e5-bae61f01a3a7,Pedro,Swinerd,,
f4363754-4a00-4037-afb0-baf0c7107f9c,Caroline,Izidorio,"I am an orthopedic surgeon specializing in shoulder and elbow, and I am interested in the academic and clinical study of shoulder and elbow pathologies.",https://files.abstractsonline.com/assocphotos/2656/f4363754-4a00-4037-afb0-baf0c7107f9c.profile.jpeg
f69e5885-d5f1-46db-9230-bb0bd984b13b,Matthias,Hackl,,
a9238baf-645d-4e0c-bfdd-bb1ff67894ce,Bettina,Hochreiter,,https://files.abstractsonline.com/assocphotos/2656/a9238baf-645d-4e0c-bfdd-bb1ff67894ce.profile.jpg
0cbe4b38-8864-4361-b2ef-bb46ac40f743,Victor,Hung,,
3a9ccd95-03c1-4aac-81cc-bb4b4a0c28a6,Richard,Murphy,,
036afe04-3775-415b-b3a2-bb4c1e5bf6e9,Benjamin,Kenny,,
55a8123b-e214-4d41-bd16-bb583c1d85ff,Hyungchul,Cho,,
961e12a8-2ba3-428b-8203-bb5e503a6063,Brian,Badman,,
ca656005-ece3-466b-9832-bb768dc4d177,Beatrice,Caressa,,
83ab64e8-1c9b-4280-98cd-bb7eceaeb285,Darshil,Shah,,
9ae25430-6077-4dd5-98b4-bb8475e46b06,Yiyang,Zhang,,
aa2c7023-2391-43c8-aef7-bb9b5f8f0a76,Natalia,Martinez Catalán,,
3118a9a2-df4f-4330-96c2-bba079715b98,Tarek,Haj Chehadeh,,
a48ffbce-4dc1-4018-a480-bbb0497501e1,Terence,Dsouza,,
6f960965-1519-4b24-a8ff-bbb6dd238d9c,Nicholas,Mohtadi,,
0c5c1444-109c-4b88-803c-bbc57c411a99,Arnau,Verdaguer,,
0ece7211-3bc5-4e8d-880b-bbd5b02ef944,Anna,van der Windt,,
bf23bc5e-8c34-4739-8d05-bbd83ed3b472,Samuel,Rudisill,,
d84c4c96-c247-4252-9cdd-bbe3ca727a0a,Saad,Ibrahim,,
ea9093fb-ba28-42ef-971d-bbfe0dee26f5,Alistair,Eyre-Brook,,
34d68263-fa41-4358-8632-bc07e70b7cca,David,Berry,,
4b18f7cf-6584-44d9-875d-bc1306a790c6,VICTOR,RODA ROJO,,
266a9e75-c2ed-4cc6-86a1-bc325138751b,Pinxue,Li,,
6067ca31-2a20-4e29-8c66-bc3371327419,Samuel,Ward,,
73866cd3-ecda-4da5-9a3c-bc350730b93f,Joshua,Bland,,
cd56ffd9-9531-4282-868b-bc39b0080e2b,Paola,Dey,,
d3d186d5-7b89-44ce-9ded-bc3b97e7bd1f,Yoshiaki,Itoigawa,,
43d6e175-4478-40b0-873b-bc3ed83a8a6c,Emil,Espinal,,https://files.abstractsonline.com/assocphotos/2656/43d6e175-4478-40b0-873b-bc3ed83a8a6c.profile.jpg
d46a649e-c956-4090-b7d8-bc410c15b593,Juan ,Cardozo,"Juan Martín Cardozo, MD is an orthopedic surgeon from Buenos Aires, Argentina, currently completing a Shoulder and Elbow Fellowship. His clinical and research interests focus on shoulder and elbow surgery, upper extremity trauma, and reconstructive procedures. He is actively involved in clinical research and has presented scientific work at national orthopedic meetings.",https://files.abstractsonline.com/assocphotos/2656/d46a649e-c956-4090-b7d8-bc410c15b593.profile.jpg
f49c6f26-2bb2-4ee8-b579-bc551f1db24a,Celia,Enguidanos-Sánchez,,
b516d321-f2c7-44f0-8d63-bc56eec36df0,Yash,Agrawal,,
e87be75d-ce7f-4ffd-ba64-bc7791c5863a,Dan,Thurston,,
ec7c5a5b-f767-4203-a38e-bc84a816313a,Furkan,Ucar,,
312d871b-5ddf-4cf9-97a5-bccfa4327a1a,Alexander,Pieringer,,
24f6da40-a195-4a76-80d9-bcd2f29418e3,Raquel,Companys,"I am an orthopedic and trauma surgeon specialized in shoulder pathology. I completed my residency in Orthopedic and Trauma Surgery at Hospital del Mar in Barcelona in September 2025. Following the completion of my training, I have been working as an orthopedic surgeon at Hospital Universitari Dexeus, where I am a member of the Shoulder Unit under the mentorship of Dr. Carles Torrens. I am currently focusing my professional development on complex shoulder pathology, with particular interest in both arthroscopic techniques and shoulder arthroplasty.",
5bb9fcfc-a368-4b10-bf30-bceff3090ba3,Julien,Chapleau,,
f985c1d5-2fde-444b-b414-bcf6b7127a3d,Peter,Chalmers,,
38821c61-5cf8-45d2-9bcf-bd1a2cb756cd,Janis,Yao,,
b29de147-5e8a-4750-b042-bd21abfc42b5,Johannes,Grillari,,
3dce085b-73fb-4c22-a2fa-bd239c26bc06,Robert,Tibbetts,,
a1fd8ab5-b0d1-481f-8574-bd35dcc45e22,Justin,Leal,,
ca14934b-7568-4d4f-b7b0-bd3c6d65caa4,Westin,Mace,,
14280add-bd13-4eb8-8505-bd56b94ea214,Rei,Nishiura,,
24c9bf2b-034c-41ba-ae77-bd67fc110434,Adrian,Huang,,
4d5726dc-832b-4104-b4bf-bd839db9b87f,Pedro,Peláez,,https://files.abstractsonline.com/assocphotos/2656/4d5726dc-832b-4104-b4bf-bd839db9b87f.profile.jpg
f9aa4f11-c15c-496c-be25-bd9e7a468a7a,Richard,Scheuring,,
0e2a638d-0fd5-4bbb-bcce-bda4d0150609,Jenifer,Pitman,,
8c328ea7-1ff8-4191-a376-bdcbcc0f90ec,Grace,Knoer,,
c77764c3-a9ed-4a48-a758-bdcc653317f1,David,Fawley,,
7b9a76af-65ec-4254-9cb9-bdd8edae9934,Hiroaki,Ishikawa,,
8e1e6401-8fc3-4dc8-8402-bddf1db1dfbb,Pablo,Sanchez-Urgelles,,
0cda2ab8-6767-43ce-ac94-be1af2f99b4e,Bryan,Meade,,
b2410b3a-9ef8-4e35-ad04-be2728ad2f58,Kier,Blevins,,
51a63332-9178-4dd6-8170-be2dcfc9d471,Pu,Zhang,Doctor in China national orthopedic center,
60f6fc0b-908a-48ae-97ce-be3233bba41a,Ankita,shah,,
a6ed1792-7aa8-4f2c-ac75-be5034d2300a,Andrew,Baker,,
4c28bd2f-869c-4cb6-b517-be71ee81dd46,Luigi,Celli,,
287c5eb6-c7f6-4a96-8be4-be747b87c874,Joni,Hirsimäki,,
0aec6901-7b2b-429d-ba51-be80103edf74,Aaron,Bois,,https://files.abstractsonline.com/assocphotos/2656/0aec6901-7b2b-429d-ba51-be80103edf74.profile.jpg
d92be1c8-5c60-4345-a346-be8abb0c0c0e,Pieter,Caekebeke,,
433488c2-7e0f-4e7f-8275-be9351d0403f,Simon,Mears,,
6fb3a251-7cd2-4e9c-b19a-be9ef0e89775,Ram,Haddas,,
4710a867-3b1c-4919-8721-bed4ca9a68f4,João,Belloti,,
ef94faeb-431a-40f8-a6af-bee3b2c61be6,Simone,Cassin,,
95896391-46f3-4829-8e2e-bee3b2d7560c,Ahmad,Zeinomar,,
cd7acd48-b4d0-4bf0-b89f-bef935931490,Hussein,Elkousy,,
5e4e35fb-bc25-461c-a485-bf11df6f7dd3,Daniel,Badin,,
a5bf5089-6d5d-4db7-833c-bf145f0151b2,Diana,Zheng,,
be0f3f0f-50ed-47db-82b8-bf1e0d124e90,Theodore,Blaine,,
3bb52d3a-250a-430b-b7cb-bf486bd293cf,Ofer,Levy,"Professor Ofer Levy is an internationally recognized orthopaedic surgeon, specializing in shoulder and elbow surgery. Director of the Reading Shoulder Unit at Berkshire Independent Hospital UK, Director of the Israeli Shoulder Institute and Professor of Orthopaedics at Barzilai Medical Centre, Ashkelon, and the Faculty of Health Sciences, Ben-Gurion University of the Negev, Beer Sheva, Israel. The President of the Israeli Shoulder and Elbow Society. Prof. Levy graduated from the Hebrew University & Hadassah School of Medicine in Jerusalem in 1982, receiving the 1st Prize in Surgery. Following his military service, completed his training at Kaplan Medical Centre and Sheba Medical Centre, Tel Hashomer. In 1992, became Instructor of Orthopaedic Surgery at Tel Aviv University, contributing to clinical and basic science research. In 1995, appointed Chief of Shoulder Surgery at Soroka Medical Centre and Lecturer at Ben-Gurion University. During a sabbatical in 1997 he joined Stephen Copeland at the Royal Berkshire Hospital and co-founded the Reading Shoulder Unit. In August 2020 he retired from the NHS hospital but continued to lead the Reading Shoulder Unit privately at Berkshire Independent Hospital. Prof. Levy is an award-winning clinician, recognized with the National Bronze Clinical Excellence Award (since 2006). From 2008 to 2016, he founded and chaired the Orthopaedic Research and Learning Centre at Brunel University, London, where he was Associate Professor at the Centre for Sports Medicine and Human Performance. A prolific inventor, he developed multiple arthroscopic and open surgical devices and pioneered several minimally invasive shoulder techniques, and pioneered the use of Ultrasound scan during consultation. He designed the Verso stemless reverse total shoulder replacement, now used globally.Prof. Levy pioneered the use of Ultrasound scanner as part of the consultation. He has contributed extensively to academic scholarship with over 400 scientific publications and presentations and authored book chapters in leading orthopaedic texts. His reputation has led to over 130 invited lectures worldwide, including speaking engagements for major orthopaedic and shoulder societies across Europe, the Americas, Asia, and Africa. Holds honorary memberships in numerous national & international orthopaedic societies. Assistant Editor for the Journal of Shoulder & Elbow Surgery and Associate Editor for Clinics in Shoulder & Elbow and the Journal of Shoulder & Elbow Arthroplasty. He regularly reviews manuscripts for many leading journals. Prof. Levy is External Examiner at several National and international Universities and Royal College of Surgeons. He has organized over 40 international shoulder surgery courses and founded the International Shoulder Safari Conference in Israel in 2018. Research and teaching interests encompass biomechanics, joint replacement, and novel surgical technologies. Under his leadership, his teams have earned multiple prestigious research awards, including the SECEC Best Paper (1999), BESS Best Poster (2008), BESS Best Technique (2011), and the Kessel Prize in 2010 and 2017.Beyond medicine, Prof. Levy holds a Private Pilot License for Gyrocopters and is a co-holder of the Guinness World Record (2022). Combining innovation, leadership, and education, he continues to shape the global field of shoulder and elbow surgery through pioneering research, teaching, and clinical excellence. ",https://files.abstractsonline.com/assocphotos/2656/3bb52d3a-250a-430b-b7cb-bf486bd293cf.profile.png
b819981b-6384-4a0a-9b52-bf52d200bb77,Clark,Bulleit,,
f638af4c-4fbd-4e62-83f8-bf6f9b96e13d,Michael,Leslie,,
8a60692e-b209-4eda-91bf-bf8fd6ba1c6b,John,Crane,,
d5ea3ccc-a6f8-4b52-bb30-bfbd639cf2c6,Alessandro,Navacchia,,
794b363f-be47-4a87-88d2-bfcb4e14ef0d,Jhanos,Rolle,,
9520246f-a2a8-47d4-907a-bfdba1e6dc0f,Chen,Wang,,
351b50c1-0bfe-45be-a8ef-c005d35a2a5a,Alex,LaPoche,,
189d006a-58c6-4866-a9ec-c02570bd7267,Michael,Apostolides,,
5dda0fb7-009d-4d59-907e-c041ba11d58d,Richard Lloyd,Lloyd,,
a636f9b1-d91e-4748-bbe9-c04b1094d161,Joseph,Sabbag Chalela,,
272db816-c663-4719-8ee8-c04b6b0fefb5,Eric,Donahue,,
a30159db-2ad9-48d1-a530-c052fca8a50d,Alexander,Baur,,
b45e8fe4-8706-4c02-8b6e-c076d83fe202,Bin,Fan,,
4c128970-57f5-43c4-84ce-c07a9142d42a,Sameer,Khawaja,Baylor College of Medicine Orthopaedic Surgery Resident,https://files.abstractsonline.com/assocphotos/2656/4c128970-57f5-43c4-84ce-c07a9142d42a.profile.jpg
1929982c-eb38-4f7d-8996-c07bd1784ba9,Jeff,Abrams,,
96660f9a-57b7-4910-9e1f-c0905a99fc87,Alec,Smith,,
3563ebde-d114-4196-b9cd-c09a233a55bb,Sandrine,Polakovic,,
2b0de0b0-b43c-4ee7-8d42-c09c808b198e,Alayna,Vaughan,,
f82288f5-32e4-4a6a-8703-c0a141bfc1cb,Scott,Sigman,,
9431d328-d0b9-4bd1-8a74-c0ad5323952b,Komal,Singh,,
8dfe9a66-14cb-4b25-aa37-c0b4825bbeee,Justin,Vaida,,
1a58fe09-fc49-4812-9a71-c0c28a7c4e4f,Augustine,Saiz,,
5ee4636d-dbb7-4829-89fa-c0d014e2b37b,Christopher,Ahmad,,
fab36133-3c2c-4ce2-a2a3-c0e1e7c5d0be,Pearce,Lane,,
222be3d0-19df-48d7-9a52-c0e47345c807,Emiliano,Navarro,,
be4020a8-e51d-4bd7-a13c-c0ef8d42d1cd,Leonard,Stokes,,
36db8108-3991-46aa-bf39-c1127deb7ad1,Maximilian,Josefiak,"Professional ExperienceSince 08/2025Diakonie Klinikum, GermanyResident Physician in Orthopaedic SurgeryEducation04/2021 – 05/2025Justus Liebig University Giessen, GermanyClinical Phase of Medical Studies (Human Medicine)Degree: Second and Third State Examination in Medicine10/2016 – 09/2020Philipps University Marburg, GermanyPre-Clinical Phase of Medical Studies (Human Medicine)Degree: First State Examination in Medicine10/2014 – 09/2016Nürtingen-Geislingen University (HfWU), GermanyBachelor’s Program in Business AdministrationDegree: Bachelor’s Degree10/2011 – 08/2014Baden-Wuerttemberg Cooperative State University (DHBW), GermanyProgram in Accounting, Taxation and AuditingAdditional Experience07/2010 – 09/2011International Stay AbroadSchool Education09/2000 – 06/2009Albertus-Magnus-Gymnasium, Stuttgart, GermanyGeneral Higher Education Entrance Qualification (Abitur)09/1996 – 04/2000Vogelsang Primary School, Stuttgart, Germany",https://files.abstractsonline.com/assocphotos/2656/36db8108-3991-46aa-bf39-c1127deb7ad1.profile.jpg
c0e21afc-ab75-48dd-9e6a-c1142b200e25,renaud,gravier,,
11db45a3-9dbe-4938-b3ff-c117eb001632,Cathleen,Schillig,,
ac607d61-f48a-4750-b338-c12f3c11907a,Camila,Grandberg,,
53df0de8-6f40-4a77-b349-c1379b3d3c20,Sitaram,Chopperla,,
6dacce32-e2e1-4fb5-9c6a-c141a6158b40,Jules-Nikolaus,Rippke,,
bc6170f3-7348-4f42-a6f4-c15bee719067,GIOVANNI,DI GIACOMO,"Giovanni Di Giacomo is the Head of the Orthopedics and Traumatology department at Concordia Hospital in Rome, Italy (ISAKOS Teaching Center). Since 1995, he is the Chief Sports Physician for the ATP (Professional Tennis Players Association) for the WTA (Women’s Tennis Association) during the Italian Open at Rome’s Foro Italico, and the NITTO ATP Finals starting in 2021 at PALA ALPITOUR, Turin (Italy).European Chairman of STMS (Society for Tennis Medicine and Science) since 2016.From March 2022 to March 2023 President of the “Italian Society for Arthroscopy, Knee, Upper Limb, Sports, Cartilage, and Orthopaedic Technology” (SIAGASCOT).Since April 2023 Past President of the SIAGASCOT.Lecturer on the Master’s Degree course in Physiotherapy Applied to Sports and Artistic Activities at Siena University (1st level Master)Scientific Director of the “Shoulder Academy” High-level Training Course (Rome).Di Giacomo is a member of many prestigious scientific societies: SIOT (Italian Society of Orthopedic and Traumatology) and SICSeG (Italian Society of Shoulder and Elbow Surgery).Co-Chair of the ISAKOS Shoulder Committee for the 2025-2027 term. International Member of AAOS (American Academy of Orthopedic Surgeons).Corresponding Member ASES (American Shoulder and Elbow Surgeons), ESSKA Member (European Society of Sports Traumatology, Knee Surgery, and Arthroscopy), and AANA (The Arthroscopy Association of North America). Consultant Physician for FIDIA Pharmaceutical InternationalStryker TrainerInventor of the “Wedged Profile Mini Plate” produced by Arthrex Inc. for use during the “Laterjet Procedure”Dr. Di Giacomo’s research papers have been published in internationally acclaimed journals, such as Arthroscopy, The Journal of Arthroscopy and Related Surgery, The Journal of Bone & Joint Surgery (JBJS), Sports Medicine, the American Journal of Sports Medicine etc. Together with E. Itoi and S.S. Burkhart, Dr. Di Giacomo co-authored the most downloaded article in the history of the journal “Arthroscopy”: Evolving concept of bipolar bone loss and the Hill-Sachs lesion: from “engaging/non-engaging” lesion to “on-track/off-track” lesion. He is the author of numerous books published by Springer.",https://files.abstractsonline.com/assocphotos/2656/bc6170f3-7348-4f42-a6f4-c15bee719067.profile.jpg
28fe8462-0e16-41b8-b6f4-c18033b32d19,Daniel,Alschuler,,
55945209-7e3c-400e-89cd-c189981d2c25,Eric,Berkman,,
925922af-37ed-40ec-86b7-c19e10bc62c5,Aarohi,Mahableshwarkar,,
bbbfb641-1726-4ab7-b2da-c1a671b8f64c,Avinash,Konapala,,
76c4d4eb-0276-4557-b3fe-c1b3b50d5acb,Constantin,Minkner,,
ef9348e9-e03a-4957-b5bd-c1bc4ce0319b,Guoqing,Cui,,
ff11379a-dfae-4480-b60a-c1d132afc52e,Michelle,Kew,,
8a810f37-7489-4907-b140-c1fce7d0f385,Jun,Kawakami,,
b7740113-f330-4bf2-9321-c1fd0bed39e3,Antonio,Parlange,,
cc3b9cb4-38bf-4124-abdd-c22b1042d192,Joseph,Di Michele,,
11c17b81-b220-4f6f-8f0a-c2373ec44784,Antonia,Gkotsi,,
3fc2cc63-cf36-43d3-8f75-c23875ddd6dd,Maya,Ben Yehuda,,
d38b3b25-44aa-4e66-af72-c2604a0f4782,Alec,Reihl,,
ff64e68b-80f6-4944-a536-c26499512fcc,George,Matheron,,
437fcb8a-50db-4e5c-adc5-c26b7a9a8c2a,Taichi,Komatsu,,
a17e9942-4bec-49d0-99bf-c27d8dddee60,Sean,Croker,,
4f817e6c-a062-4163-baf7-c28d63f885b0,William,Smoot,,
933a4846-3afa-4769-8631-c2a0dc703fd2,Eric,Mussell,,
2a8859a8-a346-433a-a7e4-c2aaf7367d61,Matthew,Baguley,,
b1201597-30ee-4461-bf75-c2d6705250f6,Siena,Ghaderi,,
c94e852a-0915-4535-82eb-c2debb89d5ff,Cameron,Anley,,
625c2c9e-0bb3-41bb-ba2b-c3025d6f1a73,Joao,Medeiros-Filho,,
c7f489a1-5fd6-4c97-be20-c308660044ed,Mark,Cohen,"Dr. Mark Cohen is an orthopedic surgeon specializing in hand, upper extremity, and microvascular surgery. He is a Professor of Orthopaedic Surgery and the Director of Hand and Elbow Surgery at Rush University Medical Center. ",https://files.abstractsonline.com/assocphotos/2656/c7f489a1-5fd6-4c97-be20-c308660044ed.profile.jpg
0c3fdc70-a293-4bad-8919-c317f83b153b,Kelly,Jacoby,,
b57f8dec-0d13-48b1-ac82-c31be06add25,Jordi,Ardevol,,
6f0d725a-0bfb-4885-8310-c34779f7b6e2,Chloé,Landry,,
7a62015e-a4ec-449c-af77-c34f0d259748,Jess,Snedeker,,
25cee2a3-e542-45f3-be58-c3573098ce91,Matthias,Schroeder,,
4fa1166a-97e2-4736-a3ef-c35e860e6f30,Deniz,Kortan,,
703ea7b9-0a27-4893-b410-c36def74f4fc,Peter,Apel,,
3768941b-3757-44f3-a9da-c385c4689978,Frank,Vazquez,,
2d095e8c-70c6-4438-83e0-c3b050610158,Peter,Millet,,
fa236787-46b1-432d-a7ba-c3be9ae7eb64,Hany,Elsayed,,
71edf05d-2ee2-4b7c-96a4-c3d53eb620de,shoulder,friends institut,,
b75dfabe-367e-4d4f-9460-c3e35447b031,Larry,Field,"Larry Field M.D. has practiced shoulder and elbow surgery at Mississippi Sports Medicine and Orthopedic Center in Jackson, Mississippi for over 30 years. His research pursuits focus on clinical shoulder and elbow  investigation. Dr. Field serves as director of his organization’s Sports Medicine Fellowship program.",https://files.abstractsonline.com/assocphotos/2656/b75dfabe-367e-4d4f-9460-c3e35447b031.profile.png
68ff0b04-fdbe-4c8c-9c91-c3e6de2aa59e,James,Padley,,
b4a23114-5e1e-4634-863e-c3e8d5f67bd5,Jeffery,Dugas,,
375c949e-579a-434e-a43d-c3fa4527c43f,Tyler,Thomas,,
4e031216-8b03-43e5-9ca1-c40fa274c306,Edward,Shields,,
78e7e56c-8ed3-458c-ab06-c417688232ed,Miguel,Costa,,
02910f8e-bf70-42ee-bcea-c4220155b3ce,Nitya,Venkat,,
9f65bd8f-2d74-47e6-86f1-c425c3f1536b,Ankit,Choudhury,"Ankit Choudhury is a medical student at the Medical College of Wisconsin, currently between his third and fourth years, and is serving as a Clinical Research Associate in the Department of Orthopaedics at Cedars-Sinai Medical Center in Los Angeles. He earned his Bachelor's Degree in Neuroscience from Washington University in St. Louis. His research centers on perioperative outcomes in upper-extremity and shoulder and elbow surgery, with a particular focus on the safety of GLP-1 receptor agonists and other antihyperglycemic agents across procedures.",https://files.abstractsonline.com/assocphotos/2656/9f65bd8f-2d74-47e6-86f1-c425c3f1536b.profile.jpg
53a4ee0a-a35c-44df-8873-c425cc98a28b,James,Bradley,,
67fa863b-04ac-4352-a2b8-c437612284fa,Brian,Timoney,,
b7ee2b2f-7e8b-4f9b-ba2b-c437d9a6aa83,Charles,Reiter,,
8db59830-baf6-422c-9532-c43edd802f1e,Lucas,Mathson,,
5113529d-2e05-4756-9f05-c443679683d7,Rebecca,Hon,,
5e14fed8-e502-4c01-ad37-c446c0ad3709,Victoria,Oladipo,,
361680ef-1bb2-4452-aea4-c4546d272c4a,Espragueira-Mendes,Joao,,
9928ea81-3a2b-4aa7-8cae-c461aca601a0,Kian,Jeshion-Nelson,,
2f976b3b-0305-4f6f-9c30-c4780d87ac5b,Bruna,Coelho,,
6e7f18ab-c62d-4ed8-86ef-c47d42f2a70c,Norimasa,Takahashi,,
a7d537fd-d6a0-41bd-9abf-c481a26420d8,John,Faillace,,
bdf8c04a-cb19-4b58-b24b-c498559f8c60,Sadiq,Alaqaili,,
57d8dce4-3b8c-4ce3-9241-c49862db3691,Jeffrey,Stambough,,
3f05f7c7-f25b-40a5-93fa-c4b8dd9d6a66,Natalia,Martínez-Catalán,,
c76c9dcb-4be9-4e44-8003-c4ba7d1caa43,Pamela,Zace,,
147d6d6f-caab-44cd-8bc7-c4eaf72833e5,Michael,Mastroianni,,
7f342abb-91ca-45dc-9667-c4efe6cd274c,Inger,Mechlenburg,,
cdcc8e34-47ea-4213-9c63-c4f2a48fd827,Kenon,Chua,,
c90a3ad1-cfa9-46cf-8f2a-c4fb64478113,Peiyao,Du,,
9c0c8560-4771-449b-802b-c4fe7ea7388f,Christopher,Colasanti,,
74234678-c42a-4b2b-b280-c50c49264988,Emmanuelle,Villemaire-Côté,,
9740a769-4d21-491f-b69f-c5146b57292b,Garrett,Christensen,,
e924cba6-702d-4de6-a68c-c521243852bb,Prashant,Duhoon,,
eee059bf-72df-4245-83c0-c5275414c57a,Anna,Thomson,"I am a specialist shoulder physiotherapist at Queensland Orthopaedic Clinic, working closely with Professor Ashish Gupta.I am currently undertaking a PhD in shoulder biomechanics at Queensland University of Technology (QUT), with a research focus on pre- and post-operative shoulder kinematics and muscle function in patients undergoing reverse shoulder arthroplasty.I also collaborate with the Queensland Unit of Advanced Shoulder Research (QUASR) at QUT.",https://files.abstractsonline.com/assocphotos/2656/eee059bf-72df-4245-83c0-c5275414c57a.profile.png
e8de8892-42f2-4526-9f0d-c52c0cb1e53d,Thomas,Listopadzki,,
0b55481e-0bdf-4c0c-9751-c5338e490c32,Hiroki,Miyamoto,I have researched biomechanics of the shoulder using fresh-froze cadavers at Sapporo Medical University since 2011. I continuous solve clinical question at musculoskeletal region.,
cff5d106-d3ed-4793-9fb8-c557d8420d42,Sophie,Grosclaude,,https://files.abstractsonline.com/assocphotos/2656/cff5d106-d3ed-4793-9fb8-c557d8420d42.profile.jpeg
613e6d53-1c98-4fc8-9c76-c56fe8c839ab,Natalie,Mengis,,
a15ae8e9-b43f-4655-ba7e-c576d25bbcaf,Matthew,Best,,
8617c55a-3328-4045-9f75-c595f34262e2,Woo Jin,Lee,,
15a98ba9-2aee-4c5b-b752-c5a0ddab8c24,Mario,Gomez Toapanta,,
cb052483-5e1b-4149-9e5b-c5ab38d0d372,Norimasa,Iwasaki,,
5664b10a-2502-414b-aa24-c5dc1b492d25,Fumina,Kobayashi,,
160d2a19-7eb0-48fe-b137-c6032f9adfc6,Alexander,Aleem,,
25f55ca7-856d-4cfc-a092-c60a954d2da2,Marco,Napolitano,,
5a4e0fce-7d7f-442a-baac-c60ad2a86129,Sameer,Jain,,
a4f2aab3-7a09-45d1-a91f-c60b45148a1b,Robert,Björkenheim,,
7241a864-92ba-4dd4-bf08-c63ba8e1d212,Andre,Perez-Chaumont,,
14ed095f-d585-4ebf-b21f-c63da9cb815b,Santiago,Gabardo,,
34483f8e-6803-4129-b6f0-c64013b09941,Mark,Falworth,"Mr Mark Falworth. MB BS, FRCS (Eng). FRCS (Orth)Royal National Orthopaedic Hospital, Stanmore, UK.Mr Falworth was appointed as Consultant Shoulder and Elbow Surgeon to the Royal National Orthopaedic Hospital (RNOH), Stanmore, UK in 2006 and is the current elected President of the British Elbow & Shoulder Society (BESS).  His clinical practice at the RNOH deals mainly with complex and revision shoulder and elbow surgery, including the revision of infected shoulder and elbow arthroplasty, with the department acting as a tertiary referral centre for other orthopaedic surgeons throughout the UK.  His research interests include shoulder and elbow arthroplasty and prosthetic joint injection, and he has published widely including co-authoring the BESS Best Practice guidelines for the provision of primary and revision elbow replacement surgery and also the management of Prosthetic Joint Infection (PJI). Mr Falworth is the BESS PJI Lead and participated in the ICM Philly meeting in 2018 and was privileged to be asked to be on the Shoulder Executive Committee for ICM Istanbul 2025.",https://files.abstractsonline.com/assocphotos/2656/34483f8e-6803-4129-b6f0-c64013b09941.profile.jpg
aaa8d187-d80a-41fe-8995-c659ebef31a7,Keisuke,Matsuki,,
3a8a0c75-274f-4d61-aedc-c666801c9a20,Emmanuil,Antonogiannakis,,
b594a190-087a-4656-bb94-c66a95f4d2fb,Paulo,Belangero,,
8372e082-6dfd-40d1-90a1-c67320c095a7,Megan,Banks,,
a4b8ab3f-143d-49bb-9aba-c68590eae11c,Sergio,Flores,,
c958d9aa-8a72-45ae-a9bc-c6b913c92d7a,David,Axford,,
a4012754-47c8-47d9-89a6-c6c6dc72879e,Anderson,Uehara,,
e8a29cdc-63a1-4423-95b3-c6d7c3b529ab,Aofei,Gao,,
7dc11734-2093-411b-affd-c6d8d431daf6,Christopher,Hamad,,
f3181491-6544-4485-8ee2-c6de1a42ef84,Sevan,Sivacioglu,,
38f4ccc4-25dd-4ec9-82f9-c6f22a564fb4,Catalina,Larrague,,
c95c12d0-0ccb-4394-bbc7-c71a050cd8c7,Mitsuhiro,Aoki,,
354d127c-d81e-423b-9eff-c71ea2c4a53d,Glen,Ross,,
af793568-6b77-4b3d-b6f4-c71f61ebb9f4,Belinda,Gabbe,,
101d2ad5-b52b-4a7a-b860-c73f3731402f,Pedro,Grazioso,,
11000cee-768b-4100-9b58-c74c34185490,Carlos,Prada,,https://files.abstractsonline.com/assocphotos/2656/11000cee-768b-4100-9b58-c74c34185490.profile.jpeg
0b1fe39e-822b-4dd1-a4e7-c7729c9e733e,Andrew,Wright,,
250e986a-ce47-410a-a403-c77a0a1335c1,Hironori,Tsurukami,,
70c86525-6a2b-4f8f-afb9-c7ac34e49ca1,Brandon,Erickson,,
74533eb8-eff1-42fa-9ab3-c7c296a73912,Janine,Cruz,,
35b67f63-1301-446c-b4d8-c7db42c54bf0,Pedro,Amaro,,
faeb6cca-1895-4144-9ce2-c7f7daf47503,James,BILBROUGH,,
8eeffa68-6218-4c80-979f-c8094d4d249c,Raymond,Parisis,,
899fa7d5-1400-4334-87ef-c81aa737347c,Teddy,Houseman,,
004580ce-8a09-4595-bf4d-c8221a63a1eb,Eric,Mao,,
bd828365-3abe-49c6-80d9-c858cd48e1ed,Jae-Chul,Yoo,,https://files.abstractsonline.com/assocphotos/2656/bd828365-3abe-49c6-80d9-c858cd48e1ed.profile.jpg
5b023f0b-ac11-43bc-b447-c859eeb36431,Roman,Ullrich,,
a57ab3f9-ded3-4751-81e5-c864f8f0dec9,Gilles,Walch,,
b38818eb-7e9c-49e7-8c14-c87989d4a226,Jeffrey,Dela Cruz,,
6db0b29a-e289-46d0-9537-c87ee41a1f5a,Maika,Yamamoto,phisician,
00e916b1-3618-4539-a5d6-c8a64b2c6fd7,Jieun,Kim,,
936561b1-027e-49bf-8a70-c8afa6012cfb,J. Ryan,Hill,"J. Ryan Hill, M.D. is a shoulder and elbow surgeon at the University of Arkansas for Medical Sciences, the only tertiary care center for the state of Arkansas and surrounding regions. His research interests center on improving outcomes of shoulder arthroplasty, implementation of technology in shoulder surgery, and improving the management of bone health disorders.",https://files.abstractsonline.com/assocphotos/2656/936561b1-027e-49bf-8a70-c8afa6012cfb.profile.jpg
b9d03f93-ae03-4a66-9936-c8b91764cc8c,Rafael,Brigato,,
dcf62e23-f0f3-487d-a497-c8bc1b42901b,George,Matta,,
690e7c47-b29a-4c01-a38e-c8c227e51961,Guillermo,Vera,,
1d68c33a-d1f6-4509-b814-c8c4fb39162c,Joaquín,Zúñiga,,
a866e642-1f70-4326-9319-c8ce515da825,Andrew,Bui,,
0c472f25-ba74-4ab8-bcd2-c8d01bc19498,Margaret,Danziger,,
d76920a9-d3b5-4955-b46d-c8f55d9a6292,Melissa,Wilson,,
4bcb8426-e62d-4900-ab40-c8ff7789a146,Dylan,Greif,,
9941b44d-19c3-492d-a06e-c928cef7de97,Witold,Wolski,,
adbf51f0-8c40-4770-bc97-c934ab6f487d,Anthony,Mouchawar,,
8dda2d89-be5a-4b79-9ad1-c939f5241f0b,Jesse,Seilern,,
feb18f02-38f2-48aa-9c5a-c93e42b06646,Minoo,Patel,"Orthopaedic Surgeon, Epworth and Cabrini Health, Melbourne; Adj Prof RMIT University; Sr Lecturer Monash University; Hon Research Fellow University of Melbourne; Secretary & President-Elect, AOTS, Australian Orthopaedic Trauma Society; past Chair, AOA (Aust Orthop Assoc) Research Foundation, Member SESA Shoulder and Elbow Society of Australia; past Chair Cabrini Dept of Orthopaedics; past Assistant Editor, Indian Journal of Orthopaedics; past Associate Editor, Journal of Limb Lengthening and Reconstruction.",https://files.abstractsonline.com/assocphotos/2656/feb18f02-38f2-48aa-9c5a-c93e42b06646.profile.jpg
49a6c7da-d991-4f64-87bc-c94d629789c3,Peter,Varga,,
46ef2224-0a9d-4d8d-b640-c95b295c095f,Brian,Waterman,,
6ed83fa4-17af-43d6-9226-c960665d5afc,Yasuhiro,Mitsui,,https://files.abstractsonline.com/assocphotos/2656/6ed83fa4-17af-43d6-9226-c960665d5afc.profile.jpg
ba492160-6f83-49ec-855d-c96613ab8230,Wei,Zhang,,
57fb7165-7d52-4fee-916c-c98b91f5cd50,Andrea,Celli,,
0958e153-0804-4cc6-b21c-c990b34d3b92,Edward,Perera,"Edward is a third-year Orthopaedic Resident at Queen's University in Kingston, Ontario with aspirations of pursuing a career in Upper Extremity Orthopaedics.",https://files.abstractsonline.com/assocphotos/2656/0958e153-0804-4cc6-b21c-c990b34d3b92.profile.jpg
d8962e5e-2169-4bf5-830f-c99a276303b0,İnci,AYAS,,
20b645e0-c49a-48fe-8620-c9b59e8dc238,Timothy Cresswell,Cresswell,,
9fd39b2a-75fe-420e-94dc-c9ba87b32e4c,Mustafa,Ozkan,,
9deab20c-353d-4e44-8393-c9cb80d762aa,Keivan,Daneshvar,,
aae012c2-b246-48d0-8af6-c9dc06b35efd,Konrad,Malachowski,,
90f8177a-9b99-4656-a70b-c9f0ec51d6df,Martina,Scherer,,
f5e946e6-2dd8-4d11-8be1-c9f9cfa57fde,Michael,Hall,,
1d8e677c-21d9-49b6-9661-c9fb3b2bd3bf,Andrés,Calvo,,
355239d4-d94e-42a4-97ae-ca052c707504,Ramon,Santos,Orthopaedic surgeon from the Federal University of São Paulo (UNIFESP). Fellowship in Shoulder and Elbow Surgery.,https://files.abstractsonline.com/assocphotos/2656/355239d4-d94e-42a4-97ae-ca052c707504.profile.jpg
8579dca8-423f-4fa2-ba3e-ca1ed9cc6d1b,Blake,Bohlig,,
b9af42f3-3bb1-4479-9aa0-ca3e8642c430,Katerina,Papanikolaou,,
fe54d432-eab2-4b75-aed5-ca4817d9bac5,Hassan,Mir,,
25f81e28-c3ae-4ba9-bc4f-ca4b07a93543,Bastian,Sigrist,,
fff84268-cee4-41ce-b2ca-ca62d38b4e88,Claire,Bastard,,
77235448-8bf2-4abb-9525-ca76e586312b,Zinon T.,Kokkalis,,
2e390a77-6d91-4805-9d06-ca7fe83e9d12,Silvampatti Ramasamy,Sundararajan,,
a208ce86-c1ee-4510-af3c-ca97e5acadba,Peter,Poon,,
c25c21bb-e21c-48d8-a3d6-ca9fbf4a61f2,Ottawa Methods,Centre,,
209f820f-b9d7-4e78-b074-caa657374f2b,John,Martino,,
a5c322a0-40d1-45d3-8bd7-caac1f58da0d,Alexandre,Zobiole,,
5840a601-03cf-4c97-bf5a-caae5c7ceb55,Alex,Meyer,,
7e96959f-3444-4ddf-bb60-cac110295ea7,Michael,Walton,,
73cab519-bc61-4fcd-9923-cac1e7eea664,Helle,Østergaard,,
4d05aee4-a69e-4032-8f5e-cac3732d9805,Jordan,Kamen,,
9801d043-995f-4ebb-90a2-cac8f886ceaa,Cristian,Dominguez,,https://files.abstractsonline.com/assocphotos/2656/9801d043-995f-4ebb-90a2-cac8f886ceaa.profile.jpeg
5b77eee8-3881-4da2-b998-cacf98ad367a,Trevor,Lloyd,,
de4ed041-911f-48f2-98eb-cad8f3fa997a,Joshua,Dines,,
2122f82c-2d4a-4649-a7f5-cada4d24ae8c,Joel,Werier,,
da287655-5c1a-43c2-8440-cb008f152bb0,Ze Steve,Lu,,
1eaff89c-4f8e-4c91-98e5-cb0394146b83,Sergii,Poltaretskyi,,
80454704-db8e-4e32-b6ae-cb04309b5efa,Todd,Phillips,,
59681dc1-7219-4611-abf9-cb1809c68dff,Joseph,Zuckerman,,
b3fbfde9-87d7-4ae3-a94a-cb225625f3cc,Olivia,Nembhard,,
9f742d0a-58f0-450c-a3be-cb2f290dc745,Brian,Fasig,,
abbf2416-cf65-4df4-b119-cb59430734ae,Takuma,Kaibara,,
9ecde8d6-3233-426a-a2ea-cb79530bcd57,Ruth,Fahmi,,
31c1bf32-998d-4845-89c5-cb82a686b115,Lee,Van Rensberg,,
38d94057-b8ef-4a59-a773-cb86a09c32ad,Hideki,Kamijo,,
f059c66c-932e-438a-8428-cb8d5750b250,bertrand,coulet,,
c9ecc7f9-7656-4749-a8f3-cbab83738ef7,HYUNGSUK,KIM,,https://files.abstractsonline.com/assocphotos/2656/c9ecc7f9-7656-4749-a8f3-cbab83738ef7.profile.jpg
34b0ff48-ba3b-4112-a9dd-cbc10c2487bb,Paul,Klas,,
cd6e84ce-cd93-4599-9688-cbc39c075909,Naoki,Okubo,,
e3662155-973b-4ddb-a882-cbc5077c7ffe,James,Muscat,,
741bc630-2765-433c-bf52-cbd8fb95537a,Mahdi,Mazeh,,
dcc90b28-2dec-4e59-a7ce-cbeaa868757a,Elizabeth,Raulston,,
8d8d2511-fe94-47d1-8f13-cbeae2fa210d,Akash,Singh,,https://files.abstractsonline.com/assocphotos/2656/8d8d2511-fe94-47d1-8f13-cbeae2fa210d.profile.jpg
f81aac02-ed01-4273-a2e4-cbf1225144d0,Sameer,Jafri,,
88ea1f9e-3439-42bf-84c4-cbfc1bb770fd,Dave,Duru,,
16af317d-724c-4153-8ce1-cc16f22ec7bf,Anand,Ashok,,
a6ff026d-6f14-41e3-b92d-cc2154974a44,Metin,Buldu,,
c56f14c5-b367-4f1e-b2c8-cc49f9a092a0,Anshuman,Singh,,
8cf440a8-f8fc-4000-889a-cc4dca545820,Andrea,Pautasso,,
4321cef3-e1fa-40e0-92d3-cc537823abf3,Kyong,Min,,
daf06364-3c70-479c-a9ea-cc680419bd41,Luís Gustavo,Nascimento,,
1277bfff-897e-4858-b1cd-cc717dc06a89,Kevin,Gunawardana,,
349a9832-86d1-43b4-afb3-cc7277091282,Marcio,Cruz,,
dafd2343-1729-4075-8690-cc7c24672e16,Peyton,King,,
39c90fee-6529-4868-b8e6-cc7dc39fc5b4,Nooraldin,Kamalaldin,,
58c31abe-c50c-4ca3-b0f9-cc9c7dc61803,Roger,Sohn,"Dr. Roger Sohn is a double fellowship trained orthopaedic surgeon who specializes in conditions of the shoulder and arm. He has been named one of Orange County’s Top Doctors by his peers and the Orange County Medical Association. He has devoted his professional career to providing state of the art treatments for patients with shoulder conditions.Dr. Sohn received his MD degree at Loma Linda University where he graduated with honors. Following his orthopaedic residency at Harbor-UCLA Medical Center, he completed a fellowship in upper extremity surgery at UC Davis and a sports medicine fellowship at Lake Tahoe Orthopaedic Institute. He is board certified and holds a certificate of additional qualification in sports medicine. Through his training and professional career, Dr. Sohn has worked to remain on the leading edge of shoulder surgery. In addition to more common treatments, Dr. Sohn is able to perform technically demanding surgeries such as arthroscopic Latarjet procedures, shoulder tendon transfers, and suprascapular nerve releases. Despite tackling some of the most complicated cases, his patient rated outcomes are excellent. Dr. Sohn holds a patent for instruments used in shoulder replacement. His shoulder replacement patients have been tracked in the nation’s largest joint replacement registry with top rates of successful outcomes.Dr. Sohn enjoys taking time to learn about his patients. He believes his job is to listen to patients so he can accurately diagnose their problems and offer a custom treatment plan.“I learned, early on, that the most important thing I can do is to listen to patients. I am able to learn so much more if I don’t interrupt my patients. I ask lots of questions in my encounters so I can gain an understanding about a patient’s unique problem or condition.” - Dr. SohnDr. Sohn tracks patient outcomes in order to ensure the best results and to continuously improve patient care.Dr. Sohn earned his MBA at UC Irvine where he learned about value based medicine. He studied the world’s best health care systems and aims to bring those principles to benefit his patients.EducationMedical SchoolLoma Linda University School of MedicineResidencyHarbor UCLA Medical CenterFellowship in Upper Extremity SurgeryUC Davis Medical CenterFellowship in Sports Medicine and ArthroscopyLake Tahoe Orthopaedic InstituteHealth Care Executive MBAUC Irvine Paul Merage School of BusinessMembershipsAmerican Academy of Orthopaedic SurgeonsAmerican Board of Orthopaedic Surgery: CAQ in Sports MedicineAmerican Shoulder and Elbow SurgeonsCertificationsAmerican Board of Orthopaedic SurgeryBoard Certified and participating in Maintenance of CertificationCertificate of Additional Qualification in Sports MedicineAwards and ActivitiesOrange County Medical Association “Top Doctors” award 2021, 2023, 2024, and 2025Alpha Omega Alpha Honors Society LLUBeta Gamma Sigma Honors Society UC IrvineSourcing and Standards Team for Shoulder Arthroplasty Vice chair for Kaiser Permanente 2013-2017Research Awards (Loma Linda University and Harbor-UCLA Medical Center)Interests and Additional Extracurricular ActivitiesHobbies – Surfing and woodworking2002-2004Consultant – CSI (CBS) Script reviewer and writer’s consultant2003-2004Consultant – CSI Miami (CBS) Script reviewer and writer’s consultant2004Consulant/Medical Expert –Univision, Despierta America 2009-2010Advisory Board – Saddleback College Disables Student Programs and Services1996 – PresentInventor/3D Designer – 3D modeling and prototype designResearch/PublicationsShoulder Reamer Devices, System Including the Same, and Related Methods.US Patent No. 9,737,313Hand-e Theater: Scapular Open Reduction and Internal Fixation – The Modified Judet Approach.Peer reviewed video presentation for ASSHTopical and Intravenous Tranexamic Acid are Equivalent in Shoulder Arthroplasty. Matthew Budge, MD and Roger Sohn, MD Poster PresentationTranexamic Acid Use in Revision and Complex Shoulder Arthroplasty Demonstrates Low Transfusion Rates and Postoperative Blood Loss. Matthew Budge and Roger SohnPoster PresentationThe Effect of Humeral Version Cut Angle on Amount of Bone Removal in Total Shoulder Arthroplasty. Roger Sohn, MD, Edward H. Yian, MDComparison of Metacarpal Plating Methods.Peer reviewed publication in JHS With Robert Szabo, et al.Median Nerve Compression: Proximal and DistalChapter in Master Skills in Nerve Repair. With Robert Szabo, MD Edited by David J. Slutsky, MD and Thomas Trumble, MDGrowth Patterns in PFFD Limb Segments. Poster presentation with Hugh G. Watts and Anthony Scaduto, Shriners Hospital Los Angeles.Dorsal Approach for Transscaphoid Perilunate Dislocation: A Review of Results. With Gregory Rafijah, MDPoster presentation at ASSHCalcaneal Bone Mineral Density Increase In The Dominant Heel of Figure Skaters.With Leisure Yu, MD",
7ad50023-206c-4d83-bf3b-cc9d897857b3,Teja,Polisetty,,
1e59055f-f1b6-438e-9be9-cca010377548,Hisham,Al-Kassem,,
c9375373-fe32-495a-a982-cccfe566887f,Christopher,Wilhelm,,
b4f7bdae-af6b-470b-8fcd-ccea4a7d88f3,Marcel,Tamaoki,,
1e0da435-cf11-4ac1-b417-ccf7ff227be8,Shragvi,Balaji,,
2b56c50e-daff-4ea8-8899-cd1ff6be0c09,Daniel,Leslie,,
428f894c-4f75-4489-8c95-cd2a621e392f,Martelli,Branni,,
7d32f678-e0d8-4fb2-b741-cd661b1c4569,Aviram,Giladi,,
0eb6fbb5-b4bb-432c-b436-cd6e828a71f5,Devin,Vasquez,,
5f04f632-f936-4b09-a129-cd6f84bfcd1e,Kerem,Bilsel,,
e63609b0-e296-41ce-b78a-cd7478b5ccde,Harish,Shanker,,
6ed658fe-4506-4738-8b9c-cd7da929793e,Joseph,Lim,,
f96f23c4-cda3-4bd2-846c-cd89641b6563,Kenta,Satou,,
4ead7860-0738-45a3-84da-cd921b1b9600,Christian,Pean,,
13e4b58c-f103-4ad1-939c-cda0dd932f2a,Andrea,Vespasiani,,
9ba28dfa-7441-4ce1-864d-cdaa47baf61a,Ronja,Senn,,
a235e5ef-d0c8-4060-b3a2-cdbee846ee0a,Harry,Beale,,https://files.abstractsonline.com/assocphotos/2656/a235e5ef-d0c8-4060-b3a2-cdbee846ee0a.profile.jpg
c6962cfb-09d8-492e-9d5b-ce0398cf8a0a,Gustavo ,Pinto,,https://files.abstractsonline.com/assocphotos/2656/c6962cfb-09d8-492e-9d5b-ce0398cf8a0a.profile.png
3e8a06d1-181e-47a7-b153-ce051e675dc3,Jacob,Earnhart,,
eed5bffe-ecf2-48f2-adf4-ce14e7ed2625,Nadir,Haider,,
2124259d-61c9-476a-ac4c-ce18c7b2efbf,John,Meehan,,
cc677a32-0444-456d-bb9c-ce24701962ba,Andrew,Qi,,
c9eca4db-1dfa-4583-b31a-ce32a6435032,Ala,Hawa,,
cfb49300-a843-4b58-80e5-ce435adcc933,Mark,Baratz,,
e56baa72-bed7-4086-9cc8-ce447808feee,Assaf,Moriah,,
c89d2369-663c-4145-befb-ce4eefbb76f5,Raul,Aguila,,
3017016f-e98e-4f1a-8b6f-ce5f4ecc201c,Luis,Natera,,
b637c6de-823b-4f73-b957-ce6fea69020d,lisa,pitt,,
5711e17f-cccb-4afb-9372-ce73a7041e2a,Chandler,Catanzaro,,
1fa0a1b4-6649-4519-bc76-ce7d1da31062,Salim,Darwiche,,
d40dd4c5-0645-45ba-8e95-ce89d75f9614,Lisa,Stallwood,,
4ebd9a67-2655-46a1-b19b-ce91e95b28fa,Deborah,Royaux,,
098d772e-6cda-4a50-8975-ce99de81afa5,Abdulilah,Hachem,"Dr.HACHEM, Abdulilah, MD, PhDAssociate Professor of Orthopaedic Surgery, University of Barcelona- Spain.Head Shoulder Unit of Hospital Universitari Bellvitge and Teknon Medical CentreDirector of the Master Fellowship program of the University of Barcelona President of the Spanish Society of Shoulder and Elbow-SECHC- Presidency 2026-2028Chairman of BIASS, the Barcelona International Arthro Shoulder Surgeries Course SECEC Congress co-chair Barcelona 2026  AEA Congress President 2024 (Arthroscopic Spanish Association)Past member of the executive committee of the Spanish Arthroscopy Society- AEA More than 40 Publications in the field of the shoulder in a high-impact factor journalSpecial Research activities in the cutting-edge treatment of shoulder instability I have had the privilege of participating in over 150 presentations as an organizer, moderator, and speaker at national and international courses and conferences.Reviewer JSES, AJSM, and other Journals",https://files.abstractsonline.com/assocphotos/2656/098d772e-6cda-4a50-8975-ce99de81afa5.profile.jpeg
1f12f80c-6844-453a-99c6-cedb74030d7e,Katrina,Pfaffenbach,,
50613842-8847-40c6-b9c0-cf08605538e4,Daniel,Haws,,
a2b78d3a-672f-4eb4-a242-cf226105b712,Ji woong,BAIK,,
d465478e-ec69-4f8e-9f5e-cf286b00ccb7,Yiming,Zhu,,
8f730fe9-e21c-4c72-a1c9-cf3fc8ecdf2f,Ryan,Lin,,
fbd9db66-a88d-4948-bbcd-cf489a4099f6,Jayarajan,Neha,,
4f0002e1-4b11-44e1-a151-cf4bc006da06,Frank,Petrigliano,,
2eae9bc5-a0fb-4b4c-a2cf-cf52b14825e0,Mehmet,Demirhan,,https://files.abstractsonline.com/assocphotos/2656/2eae9bc5-a0fb-4b4c-a2cf-cf52b14825e0.profile.jpeg
3c0e1efb-fff5-4b27-a63d-cf5fd3c0e2f4,David,Chang,,
20d90ee3-3595-4a25-b4a9-cf7d3aa3b762,Mathilde,Torri,,
1e131ef9-5e17-4ac3-bb2e-cf9cdcfbde07,Aleksander,Sulkowski,,
85c7d2c9-568c-4767-a391-cfc28f8aa1f6,Florence,Eastwood,,
8dffa4b7-1d7d-4e99-877b-cfc6c6ac2c03,ausberto,velasquez,,
2019f4e3-b07e-48c8-a127-cfd5f106d8b5,Michael,Moverman,,https://files.abstractsonline.com/assocphotos/2656/2019f4e3-b07e-48c8-a127-cfd5f106d8b5.profile.webp
60d575ed-578b-4668-9562-cfd82bb0630f,Kazuki,Ozaki,,
aad4182e-28fa-4b2d-aad8-cfdfc15c36e4,Devika,Shenoy,,
98b9ad8b-7803-4655-ae81-cfe9acf6661b,Emmanuel,Olaonipekun,,
7bdaa841-413a-466f-ace1-cffb78a3fe35,Claudi,Beimel,,
07e03b3e-be31-4990-b1c8-d0247d2b7ae5,Tiane,O’Connor,,
bcc2ffd5-e847-47c0-8ea2-d0329b0f4cdd,Caitlin,Svendsen,,
5b2dbd31-ca1a-44ed-abbd-d03631ec0bca,Carlo,Ambrosini,,
38196638-a7e0-4d41-aae6-d044eb1a7716,Elisabet,Hagert,,
1330e906-b878-4d04-957d-d047556e16b1,Jose Javier,Llorente Perez,,
182313b8-071b-43f4-9aed-d048300f52c0,Kameron,Shams,,
a8c5f2bc-246a-463c-84b4-d05faab4d22d,Panagiotis,Kanellos,,
e4a770f1-4a1f-4cd5-aa04-d06a62ababbd,Laura,Humphrey,,
9d06939c-dab2-4972-a490-d06aee998f83,David,Gill,"Orthopaedic Shoulder SurgeonAssistant Deputy Clinical Director, AOANJRRDeputy Clinical Director, Clinical Trials and Analytics Unit, AOA",https://files.abstractsonline.com/assocphotos/2656/9d06939c-dab2-4972-a490-d06aee998f83.profile.jpeg
771a6aa1-7b6d-448f-b3b0-d06e4739b960,marco,sardelli,,
d3cd6e86-eee3-4b2d-b590-d07f48ac2b66,Trevor,North,,
24630118-c264-4d51-823b-d08e25d12bdb,O. ,Barron,"Fellowship-trained shoulder, elbow and hand surgeon, Assoc. Clinical Faculty NYU-Langone Medical Center NY, NY and Univ. of Texas Dell Medical School, Austin, Tx. Founder and Director of non-profit Musician Treatment Foundation",
cea374f0-6954-4c45-be90-d09d2f9c9a5e,Hitoshi,Koda,,
f0759a3c-da0c-4fda-96ce-d0bd5e33b90e,Reginald,Chinweze,,
b81aadb2-561d-4c4d-91f0-d0c05c878fa8,Paul,Borbas,,
778c4d62-89c3-4a6d-a6fe-d0d8b2cbecdb,Pedro,Labronici,,
3715762a-294e-4434-9e0d-d0eb5ab8990a,salman,mushtaq,,
38da7429-6c5a-4938-a29d-d0f83db39125,Tae-Hoon,Park,,
9ce0f418-4a8a-4572-acb6-d124a8ecdb33,Stephen,Ferguson,,
a14cba49-afb3-4a95-ae56-d13a06118e4d,Howard,Harris,"Dr. Harris  is board certified, fellowship trained orthopedic surgeon in private practice in Dallas-Fort Worth, Texas.  His practice focus is conservative and surgical management of shoulder pathology, including open and arthroscopic procedures of the shoudler.",https://files.abstractsonline.com/assocphotos/2656/a14cba49-afb3-4a95-ae56-d13a06118e4d.profile.jpg
5a2c0870-badb-4b85-886a-d13f802ebf2b,Vishwani,Singh,,
b792d925-9a44-438c-993b-d145259c6624,Bobby,Paulose,,
e3476f82-81e5-45aa-82bc-d14cfdd4361e,Sandra,Boesmueller,,
b52e3560-0383-4cf9-adcb-d168e3a22722,Victor,Hung,,
5d3277dd-287b-4e04-bb61-d16dd0fc16d5,Meryl,Wheeler,,
18e49c14-96d2-4a68-b59f-d17b0d778d37,Nicole,Rivera,,
4ce768f5-a77b-4166-b51b-d18222f467d7,Jorge,Rojas,,
0c09b7b7-0177-4340-bdd4-d1835038d600,Tammy,Hoffman,,
4d9e216a-0fb9-4a0f-9eba-d185821767ac,Christos,Vlachos,,
f4d10e4c-64d9-4f71-b4b8-d1878001943d,Andrew,Kaiser,,
8fe07763-c15f-4fa5-a004-d19b356a15ed,Nikhil,Verma,,
c996be6d-e71e-43b6-9af0-d1af035b3a4c,Hanna,Bjornsson Hallgren,"Hanna Björnsson Hallgren, Swedish upper extremity surgeon and Assistent Professor at the University Hospital of Linköping, Sweden. Educated and trained in Linköping since 2005. PhD in 2012 on subacromial pain and rotator cuff injuries since then special scientific interest in the importance of soft tissue lesions in both the shoulder and elbow. Member of SECEC since 2012 and founding member of Global Elbow Network, GEN. Board member of the Swedish shoulder and elbow society since 2016 and the President of the Swedish society since 2025. Supervisor of nine ongoing PhD projects in the field of shoulder and elbow reserach including pain, dysfunction and trauma related injuries. More than 40 peer- reviewed articles and reviewer for several international Journals. Part of several international scientific steering committees and the country manager of a Nordic scientific collaborativee network performing randomized multicentre trials. Member of the European PJI research group with development of a European register for infected shoulder arthroplasties. Presenter at national and international meetings since 2008. 2013 she received the Best national society paper price at the SECEC meeting in Istanbul, Turkey for the work on specific exercises for subacromial pain. Instructor at several international courses on shoulder and elbow surgeries ",https://files.abstractsonline.com/assocphotos/2656/c996be6d-e71e-43b6-9af0-d1af035b3a4c.profile.jpg
0329fc8b-0321-4f54-bfe9-d1af790dbee8,Utpal,Dahl,,
a6194c06-6209-40b8-a675-d1b00b28b2c5,Aldana,Alkuwari,,
29bb89e4-e966-414e-80ef-d1b5b819beae,renaud,bricard,,
6e84f9a5-f0f7-45d5-8e84-d1bdb4ce872b,Josie,Elwell,,
00bc8dfd-64cc-4a7e-bcde-d1f07ff3295f,Hiroki,Nishikawa,,
2ba3519b-4c38-4588-8d1f-d218e5017d7b,Luzia,Niggli,,
c2bccd78-8593-4169-8fbb-d21a981a9965,Nuno,Sevivas,,
46ff41cd-2a5e-4e73-85c3-d22d93224325,Pranav,Midhe,,
6538793a-f9a5-424c-aec5-d2316d2a8d4a,Zachary,Gehring,,
8e2a556a-0a3d-4acf-825e-d238ce52e28a,Tarek,Benzouak,,
9116226d-847d-418c-b1c8-d24560fb6731,Debra,Chan,,
4796798e-d4db-4dc9-a82c-d24ba9c260e8,Dan,McMahon,,
1357b217-7f28-49b6-a297-d25cdd254a56,Patrick,Mescher,,
723425eb-d5e1-483f-b7c0-d2826bb3fd37,Atsushi,Arino,,
d2770de8-312b-4c03-bbed-d28294750e2c,Mustafa,Rashid,,
dbbea7af-23a3-4f3d-bd9c-d29a78d16023,Matthew,LeVasseur,,
940ec7a3-d26a-479c-a58f-d2a13ab1c8cd,Shivawn,Angelo,,
62ddbb69-8871-49b6-805d-d2ad341e475a,Fumitoshi,Hatae,,
453b5e72-05ed-433f-a8d7-d2ad5a8e1f8c,Jesse,King,,
b245a5fc-4e0e-4c5f-9a9e-d2c9179cf98c,Campos,Carlos,,
cd05b77c-0eaa-4f7c-bafe-d2f6a004a895,Isabel,Prado,,
de2f34ca-6072-443c-b780-d307745ea710,Nicholas,Maassen,,
0cb0840d-77d8-4e8c-b423-d3114d43d04a,Mary K,Skalitzky,,
bcf4787f-f59f-4e0d-9056-d312d59fc56d,Andrew,Rees,"Andrew Rees, MD is a chief resident at OrthoCarolina & Carolinas Medical Center who will be pursuing Shoulder & Elbow fellowship at the Cleveland Clinic after completion of residency.",
46901411-3bc2-4df8-9db1-d33ec46302ac,Jason,Noor,,
b99b6964-1e60-4d63-88ff-d341f54d6f25,Ignacio,Tanoira,,
6f6f9bc1-821a-4a38-b7d6-d343f87dda44,Catalina,Vidal,,
e4a77d68-8d25-4114-a277-d35157218239,Bailey,Nat,,
6e82e50c-7ac6-4e3f-b69b-d35905d88b65,Aidan,Jagasia,,
1d12f0a5-d133-48a1-9b7e-d35b2dbd5b15,Matthew,Houdek,,
9b0bf1f0-89cf-4b9c-b23d-d36416b24e74,Orestis,Paliaroutas,,
b3327b05-1b84-45ab-8f43-d38a0115538f,Jonathan,Levy,"Dr. Levy joined the Paley Orthopedic and Spine Institute after spending 16 years at Holy Cross Orthopedic Institute with a subspecialty interest in shoulder and elbow disorders where he was Chief of Orthopedics for over 12 years and Director of the ASES-Sponsored Holy Cross Shoulder and Elbow Fellowship since 2012. As an internationally recognized thought leader in shoulder and elbow surgery, he utilizes state-of-the art surgical techniques and the latest technologies to treat the entire spectrum of shoulder and elbow injuries and problems. Each year, he performs close to 400 shoulder replacements, over 150 arthroscopic rotator cuff surgeriesDr. Levy attended Northwestern University for both undergraduate studies and medical school, as part of the accelerated 7-year medical program — the Honors Program in Medical Education. As an undergraduate, he graduated cum laude with honors, and in medical school, was invited into the prestigious Alpha Omega Alpha honor society. Dr. Levy completed his residency training at Jackson Memorial Hospital — University of Miami. After residency he completed a shoulder and elbow fellowship with Mark Frankle in Tampa and was a visiting clinician with the Mayo Clinic elbow service in Rochester, Minnesota.With a concentrated emphasis on academics, Dr. Levy has authored over 175 peer reviewed publications on various topics in shoulder and elbow disorders. He is a recognized national and international speaker on shoulder and elbow disorders and has been on the cutting-edge of development and surgeon training of the newest shoulder replacement devices. His is a member of the Neer Society, and Active member of the ASES, and former president of ACESS.",https://files.abstractsonline.com/assocphotos/2656/b3327b05-1b84-45ab-8f43-d38a0115538f.profile.jpeg
f981a2fc-bc18-4c52-8a8a-d3a9ee379eb7,Mark,Cote,,
6f25b469-36e8-4379-adcc-d3bef1ea3eca,Russell,Warren,,
a701072f-5d87-488a-badc-d3c24b058290,Midhat,Patel,,
f408b1d2-236a-4ccb-bad7-d3dfd85d04f5,Enes,Kalyoncu,,
c4f7741b-6f72-41de-a84a-d3fa0def58ab,Soraya,Bahlawane,,
f884e759-3a6c-49ad-98b7-d3fc1d9557c1,Justin,Staker,,
ea93de9c-03c4-4b78-aa41-d4629c18f00e,Marco,Filipponi,,
aa31019e-bb11-478f-873c-d46b1de33a78,Pierre,Mansat,,https://files.abstractsonline.com/assocphotos/2656/aa31019e-bb11-478f-873c-d46b1de33a78.profile.jpg
4c6d168e-6c55-4760-b861-d4860e84859e,Kevin,Kohut,,
e53da9e8-c820-41cd-a56e-d48abbb1134d,KEUNBAE,HONG,,
74f07fb1-f8bf-49eb-88b7-d48abbf7195a,Amanda,Pennings,,
8f736e47-a3f8-4c34-a12f-d48bdad1490f,Craig,Teerlink,,
2b41e489-506e-43af-9909-d4a241672f3d,Nahel,Millet,,
8e6e5954-738d-416a-ab1c-d4b10ca4f7ce,Moataz,El Deeb,I am lecturer and consultant of orthopedic surgery in faculty of medicine  azhar university,https://files.abstractsonline.com/assocphotos/2656/8e6e5954-738d-416a-ab1c-d4b10ca4f7ce.profile.jpg
b5e986a1-ef4b-4ef7-89fe-d4e23f47016a,Maho,Taira,,
6b59b149-9b97-47d9-9d42-d4f4c2aadbf2,Alton,Oldham,,
a043ff19-71a5-4812-8cbf-d510a82ea92d,Basil,Vrettos,,
65c01801-9c46-4f67-8442-d519e113bf26,Kai,Zhu,,
9b065802-f05a-4973-a4df-d52f9be04525,Khawlah,Ateeq,,
d8323e1c-57b1-4179-b247-d536e740dfdd,Teru,Mihata,,https://files.abstractsonline.com/assocphotos/2656/d8323e1c-57b1-4179-b247-d536e740dfdd.profile.jpg
5b348b46-ece4-4486-a8b5-d54b1b109ab5,Bill,Regan,,
ba45e6ca-f07f-431a-8fdc-d5542fbbca4d,Steve,Gwilym,"Steve Gwilym is Professor in Orthopaedics at the University of Oxford and a Consultant Orthopaedic and Trauma Surgeon exclusively managing shoulder problems. His practice and research focus on shoulder surgery, shoulder trauma and evidence-based surgical care. He has led numerous NIHR-funded trials in upper limb trauma and shoulder conditions. He has held many national roles including Chair of the British Elbow and Shoulder Society Research Committee, and is on the Board of the UK's National Joint Registry. His work combines clinical expertise with rigorous research methods to improve clinical decision-making and outcomes for patients with shoulder pain and upper limb injuries.",https://files.abstractsonline.com/assocphotos/2656/ba45e6ca-f07f-431a-8fdc-d5542fbbca4d.profile.jpg
0bc59be5-241b-4b6e-b3fd-d559576c7dbb,Morgan,Rice,,
b22cfa5d-1895-481c-8c6b-d55f6f45e23c,Bryce,Johnson,,
a886f664-35e2-4d0f-91cf-d564098eefe4,michel,chammas,,
6d3d6030-e700-41a7-9fcc-d57351516bc8,Christian,Zirbes,,
1bd22c5a-bb70-4d0f-b18a-d578ccca06cd,Simone,Cassin,,
8ca30024-1804-48c2-add4-d579b041ff42,Romir,Parmar,,
9d765bb3-111a-414d-8601-d57a613f9d31,Simon,Bell,,
1e3affe6-ec1f-4a15-9a9f-d58203cd6c1f,Ting,Cong,,
07a74014-8449-4df9-8efd-d58c4871594b,Jullio,Ferreira,,
bf063733-5e67-45c1-ae33-d5a689d8d714,Samuel,Staub,,
73b6a4d5-610a-453b-a47c-d5aa58e180bb,Richard,Jones,,
69816a09-3862-4688-90d6-d5d452bd5311,Colin,Kruse,,
e59c8a2b-0f49-440c-be8f-d5d7a188c3ef,Ian, Byram,,
d62c664e-c8f6-468f-8b5e-d5d7dc9d504d,Kevin,Wall,,
a0c91c72-e80a-4c01-81b0-d5dfd26bfa23,Tarishi,Parmar,,
685b2e65-ed25-4c79-93ff-d5e4dd6dd8b4,Gokhan,Karademir,,
43c13f87-36dc-41a7-8efc-d5ee9c5f44c9,John,Horneff,,
c1d479a2-dab2-42c2-9088-d5f00a8738db,Kanji,Furuya,,
38699304-3f41-45ce-a2f5-d603f483a73b,Jason,Holcomb,Active ASES member; co-chair of Member Experience Committee; member of ASES Wellness subcommittee,
835af4d6-7ed2-45af-9bab-d607464eb3fc,Shawn,O'Driscoll,"Shawn O’Driscoll is Professor of Orthopedic Surgery at the Mayo Clinic in Rochester, Minnesota, USA and President & Founding Member of the Global Elbow Network, a professional organization of over 800 elbow professionals from over 70 countries dedicated to advancing elbow care worldwide. He was the Founder and Course Director of the Mayo Clinic, “Teach the Teachers” Advanced Surgical Skills Elbow Course for 23 years, and continues to direct his elbow-focused basic science and clinical research program.",https://files.abstractsonline.com/assocphotos/2656/835af4d6-7ed2-45af-9bab-d607464eb3fc.profile.JPG
70b29b61-5a5f-4ea9-bda9-d615654bd1fe,Jaicharan,Iyengar,,
caa58632-7139-4839-a543-d616fb615863,Katrina,Watson-Rowsell,,
f819bd4a-1d40-48e7-9d55-d61a068916b8,Matthew,Nowak,,
bc2a2fb8-fa02-4005-893f-d63eaf2ffcbe,Prashant,Meshram,,
d2b2c2bd-5f75-4cc2-b716-d63fcc91de25,Tjarco,ALTA,,https://files.abstractsonline.com/assocphotos/2656/d2b2c2bd-5f75-4cc2-b716-d63fcc91de25.profile.jpeg
c8346720-5d41-4b82-9705-d648a61faf31,Bruno Lobo,Brandão,,
9f87cd9f-6c65-4d99-aad3-d64da3bad9f6,Thomas,Baldwin,,
bc9c20cf-ee38-4b32-90d7-d64edb7d668f,Caroline,Gutowski,,
ab20a8ae-fcdb-47c0-a950-d668869ea948,Christian,Rojas,,
8db84729-9ed8-4a8b-bf36-d6839f546e9c,Rebecca,Hart,,
60d53ce7-15ce-43dd-be81-d6ad9275e919,Emmanouil,Papakostas,,
2512f5b0-203b-4d4e-a3c0-d6b1701a6a3f,Praveen,Vijaysegaran,,
95cfcbd3-3ebb-4939-a913-d6c0f9581d91,Florian,Freislederer,,
434ca896-ac57-40e3-bbc0-d6c9f73d4bc4,Juan ,Perrone,,
aaba4541-ffca-47f0-9573-d6d5783cc394,Victor,Housset,,
0b8bf3c8-73af-4b64-b0de-d6db4be697ab,Toshimi,Aizawa,,
bf1ec4ad-e68e-4046-9f8f-d6e58cf70d45,Julio,Bermúdez Panche,,
9cb900ac-bd4f-41f1-9fc4-d6f5ad3d742b,Payam,Zandiyeh,,
c58cf907-2a52-42bf-b6f4-d6f94a02a5a9,Caleb,Brock,,
21af6141-623a-458e-8fc5-d70d4985f5b4,Anders,Ekelund,,
20604c2c-080b-4107-b517-d70d84e15d9b,Lambert,Li,,
c18629ce-6fbd-4c4c-8133-d70faa0007e9,Duane,Anderson,"MD University of Minnesota, Orthopaedic residency University of Minnesota 1988, USA private practice 1988-2005, Mission hospital practice in Soddo Ethiopia, 2005- 2023 full time, 2023-present, part time.",https://files.abstractsonline.com/assocphotos/2656/c18629ce-6fbd-4c4c-8133-d70faa0007e9.profile.png
fad5f252-d2c3-4ded-860a-d71fe4438f16,Stephen,Cohen,,
d9978de3-b5d1-40ab-87c1-d720d6f5ebd2,Genevieve,Fraipont,,
fda4b875-1961-43cf-b9a8-d728309af2cc,Stephen,Wiseman,,
59867bd1-f747-4e2c-9b81-d72cd8f89056,Ya-Wen,Chen,,
fdda0406-a6a0-48cd-8fe3-d73161859c5a,Young Joon,Cho,,
817d494e-c649-48f6-b4ba-d736ca543acd,Michael,Gottschalk,,
1e65495d-9ba0-4838-b6da-d73f6d2fd57e,Tarek,Benzouak,,
2256c7bd-7d08-4a78-82b5-d741249f499d,Robert,Edwards,,
cb039ac3-980b-48f0-9a44-d74eaf6d45ce,Nicolas,Zanolli de Solminihac,,
73738135-e2f1-426a-9ae3-d753a0e37279,Anees,Saad Neto,"2025-2026 Shoulder and Elbow Fellowship at Santa Casa de São Paulo, Brazil2022-2024 Orthopedic Surgery at Santa Casa de São Paulo, BrazilBoard certified member of Brazilian Orthopedic and Traumatology Society (SBOT)",
946c882a-e241-4329-8378-d75c58566e13,Marcos,Fernandes,Advisor Professor of Stricto Sensu Post-graduated Program and Associate Professor of Orthopedic Departament of Goiás Federal Univesity - Brazil,
27ae5775-0141-41e1-add6-d782c2c722b8,Eva,Grice,,
4a1de62f-844e-4807-a612-d7853bde2385,Tyler,Mckechnie,,
73fd1186-cb2e-4e4a-aae9-d788238eee72,John,Abdelshaheed,,
050f130e-b925-4b0a-a911-d794077c4603,Blaise,Cochard,,
8aafc135-1257-4093-ab9f-d7984fdaec4d,Theresa,Chua,,
a6bd9000-227a-4005-b8d2-d7abba052dd0,Giuseppe,Porcellini,"Associate Professor, Director of the Orthopedic Residency Program - University of Modena and Reggio EmiliaDirector of Orthopedics and Traumatology - Sassuolo Hospital",https://files.abstractsonline.com/assocphotos/2656/a6bd9000-227a-4005-b8d2-d7abba052dd0.profile.png
cf1cff16-72df-4c34-a8fc-d7aea43604e4,Nitin,Jain,,
67a84473-ee95-43eb-b8e4-d7b0b5f45032,Ryan,Gilbert,,
f03286b0-cac8-4258-b717-d7bbc5191dad,Bryan,Santos,,
9ace2085-2616-4fe4-b9c2-d7bf69723dc5,Maximiliano,Gonzalez,,
241c7815-4a48-4a65-9d74-d7d3f6805d73,Shigeto,Nakagawa,,
14d30ab6-2963-4e67-8b0f-d7d75591651f,Patrick,Rooney,,
43d8c352-86b6-4c75-891e-d7d8a8c9af81,Mariano,Menendez,,
6a18c4c9-870e-4791-b239-d7e7a719acb8,Mohammad,Aboalata,,
e0c8e0fc-1d5e-4fdd-bbb0-d801605058b0,Mark,Baratz MD,,
be48e1fa-d1bf-4bf2-bfd5-d801dad45a32,Corina,Salas Damiani,,
44187e96-7442-4098-82cd-d8072d202cd9,Daniel,Moya,,https://files.abstractsonline.com/assocphotos/2656/44187e96-7442-4098-82cd-d8072d202cd9.profile.png
8f147f26-ea7b-40b7-bcb1-d80878266e96,Cory,Mayfield,,
362b754b-17da-482d-b7cc-d8095d843755,PraiseGod,Bright-Agindotan,,
a7cc5448-a91d-4fed-a1e8-d80f378a3a94,Aseel,Dib,"PGY-5 orthopedic surgery resident at Atrium Health/OrthoCarolina in Charlotte, North Carolina, with a planned fellowship focus in shoulder and elbow surgery at Columbia. ",https://files.abstractsonline.com/assocphotos/2656/a7cc5448-a91d-4fed-a1e8-d80f378a3a94.profile.jpg
30d8dd59-df0b-481b-afc8-d811214f497e,Imad,Qasim,,
e4509117-9cbd-45ef-a8f7-d828d76282bd,Allyson,Sandago,,
66cd1a89-ff28-43f9-9909-d8420a88cc82,Nata,Parnes,,
c035ee57-6cf9-4e34-b7a9-d85aeab5d524,Abdelkader,Shekhbihi,,
5e3c107c-3dfa-4250-9348-d86880626d5e,Joshua,Eskew,,
d35859a5-c4a1-4297-a452-d8996f8856c2,Elton,Edwards,,
1ab74a99-2933-4869-b8ad-d89df3043637,Luke,Gilliland,,
913df272-a028-4dc9-afca-d8a442095079,Andrew,Park,,
ae2232a6-5938-4fe3-b20b-d8aa00c90d19,Link,Lyke,,
409ade9c-0d2a-4be1-8dd6-d8b0a7d3d26f,Naoko,Araya,,
f5ed1537-c1c1-414d-8ed2-d8bf3ecca082,Bugra,Güllü,,
9f05cc37-e3cf-40bb-be02-d8d6c46f4554,Jordan,Larson,,
0f508c57-f64e-495c-8ff6-d8d9d7617bf1,Jacob,Garland,,
2ebc4440-b0d3-473a-96ac-d8e4c9a4e5bc,Jehad,AlSamhori,,
61b3bb01-60c9-4d3b-8fe5-d8e7280350ec,Ala,HAWA,,
2a041fcc-4fce-4b83-8df8-d8ead3c751fe,Ryan,Tomlinson,,
3690e4cb-d300-4b50-93aa-d8f61d4bb426,Pearce,McCarty,,
4663009d-62f9-47f5-89f9-d8fb655cd90f,Eui Hwan,Cho,,
88f9c678-1bc2-4fd1-87e7-d909d58bba52,Elijah,Barnard,,
d2bc7b33-d72d-4423-8e92-d915f3c45087,Emilie,Cheung,,https://files.abstractsonline.com/assocphotos/2656/d2bc7b33-d72d-4423-8e92-d915f3c45087.profile.png
bd312489-d67a-4f28-9df8-d91e5138b5c2,Roger,Emery,,
3a492804-ff1c-4156-a54e-d93b8eb49e40,Fatumastar,Adan,,
cc5985d1-478c-4c8a-ac06-d9516efaa221,Seong Hun,Kim,,
6e3f42be-7c8b-4648-a6b9-d95633d40997,Luis Fernando,Sanchez Trimmer,,
6aab44b3-e633-440d-9e17-d96725a48b13,Aboubacar,Wague,,
0d9504c6-d066-4f6c-b5c8-d96cd288afef,Avianna,Arapovic,,
a9530728-8fcd-4b05-95fb-d97062df5666,Ahmed,Mohamed,,
d05303ad-671d-4af6-8425-d9857eb6b1b4,John,Eskander,,
f15ce345-eb0c-4ce1-bb54-d98c5acb28fa,Henry,Pulido González,,
9793ad4c-4e7e-41ca-a6d7-d99158f39f48,Mauricio,Largacha,,
c55f4a52-e2ad-417b-a2e0-d992c7b0b9c9,Alexa,McCloskey,,
fec1e606-e351-4bde-ba07-d9ac9d41d680,Jihun,Kim,,
15433b55-a1aa-48ea-b8f9-d9c14b1e2013,Maite,olavarria,,
2b90a087-8f4b-4db8-833a-d9cf84adbacc,Rodrigo,Saad Berreta,,
2890ae25-facb-42bf-80a2-d9cfe35ab05f,C,Choe,,
50ee65ad-2de2-4f2d-b85c-d9f26028cda5,Jamie,Sergeant,,
03268cfb-54f3-4455-af37-d9f7c52b3230,David,Savin,,
e3019d2d-ff02-47ce-81a3-da01d9809801,Samantha,Strelzer,,
56d2eda4-857b-40a7-aef3-da12f60bffe1,Zoë,Walsh,,
aa6e9913-8d2b-4826-9647-da39788aeffd,Luc,Bedard,,
7c26a907-9af9-44cc-b8dc-da441a842e65,Francisco,Cruz Lopez,,
2b27995c-8256-468c-bd73-da46ba5078d9,Leandro,Ribeiro,,
8399c1fb-5a6a-45d1-b16f-da4eeb2d75bb,jieun,kwon,,
406b62cb-9457-447e-a75e-da52cc0cdf86,Brian,Wolf,,
5841a0f4-ba34-4a2c-af00-da97b5e5ec69,Philipp,Vetter,,
b691cc2a-5ec9-48b9-a768-da9a5de2b0e9,Mohammad,Sobhi,,
8d911016-4b3c-4e64-a1a0-dae8de6f6d70,Alan,Daniels,,
c46c18b5-0372-4ff6-9188-daed36e32c1e,S.R. Sundararajan,Sundararajan,,
30af00ef-a192-4ad3-8602-daf88dcd265b,Amon,Ferry,,
f8a23bd9-a6ad-42ee-85f7-db14d59f35f3,Valeria,Vismara,"Orthopedic Surgeon, graduated at University of Milan. Currently Shoulder and Elbow fellow at HULC, Canada.",https://files.abstractsonline.com/assocphotos/2656/f8a23bd9-a6ad-42ee-85f7-db14d59f35f3.profile.jpg
c27c34e6-7885-4ba1-b712-db3d74274351,Jeff,Sodl,,
7cefec15-e00e-45cf-97e6-db3f1ca29629,Torre,Soderlund,,
e30d1df2-3461-4894-816e-db6f22070a2f,Michael,Torchia,,
1fa1d28a-f43b-4154-9c7b-db759cf1aeae,Jay,Keener,Jay Keener is the Sam and Marilyn Fox Distinguished Professor and Chief of the Shoulder/Elbow Service at Washington University in St Louis,
9f79c42a-0fa0-4b6a-a87e-db81740ba2be,Philippe,Buechler,,
91450d3a-db6e-47ea-8d5d-db927876614d,Agustin,Laclote,,
caf8d93a-602a-4ddf-a4d3-db9436c17103,Nicholas,DeMario,,
17220163-84a1-4639-a7ba-db9887c8a25c,Nathan,Kirzner,,
9ab0f976-e9f1-45ae-83c9-dba7fa82733d,Amit,Jain,,
62dcfe8f-3781-4c13-a08e-dbaf813ba86e,Dimitrios,Oreopoulos,"MD Candidate at McMaster University Michael G. DeGroote School of Medicine, Class of 2028",
dbb7cc0b-f9d5-427d-aece-dbb34ab8bf87,Aare,Märtson,,
a38110a0-5837-4a4b-aa8b-dbb5dbfab0e8,Simone,Gantz,,
f03c4c06-2c8e-444e-a898-dbca99463c19,Abdullah,Haidar,,
af130039-477d-46aa-82b5-dbd62effc450,Ben,Hughes,"Ben graduated from the University of Brighton, UK in 2005. After gaining experience as a general musculoskeletal physiotherapist, he joined the Royal National Orthopaedic Hospital in 2013 and developed a specialist interest in the upper limb working in the Shoulder, Elbow and Peripheral Nerve Injury Unit.Ben is currently an Advanced Physiotherapy Practitioner at Wrightington, Wigan & Leigh NHS Foundation Trust where he continues to provide assessment and rehabilitation for complex upper limb conditions, working alongside his orthopaedic colleagues. Ben has lectured nationally on upper limb rehabilitation and is currently undertaking a pre-doctoral research fellowship with the NIHR alongside his clinical work.",https://files.abstractsonline.com/assocphotos/2656/af130039-477d-46aa-82b5-dbd62effc450.profile.JPG
7caa4a54-b80d-4bef-9a3e-dc003a798bab,Marcus,Allen,,
f1a19116-fbc9-4edc-9b38-dc0204d578c2,James,Satalich,,https://files.abstractsonline.com/assocphotos/2656/f1a19116-fbc9-4edc-9b38-dc0204d578c2.profile.jpg
21fac496-3506-4860-88bf-dc0c2b2c2dfc,Mitsunobu,Abe,,
50b58f9a-0c8f-43fd-93d5-dc0e1076fe9d,Alexandre,Sonnard,,
a0e60813-c6e9-4c67-a1e4-dc0f259305f6,Shingo,Maesako,,
1cbb1504-82f4-48b2-ade8-dc0f4dc53378,Ryota,Kojima,,
f88ad6fc-c820-441b-955c-dc14732da30e,Yaw,Boachie-Adjei,,
3515aa5f-fe71-4488-81ca-dc2be550f316,Justin,DesLaurier,,
e1d28d56-c864-469c-874e-dc3fec6d5c87,Matteo,Petit,,
bc7d78ab-0385-44fc-8032-dc436909ec38,Carlos,Castillo Rodriguez,,
71f4169b-4614-47ac-b17b-dc5c4c81931e,Ausberto,Velasquez Garcia,,
0076ad07-a6c1-4825-8695-dc623cadb5d9,Katarina,Sim,,
76d19076-28d8-4250-b681-dc6f4be0b8d6,Bryan,Crook,,
65f297bf-4cc7-40db-b2c2-dca4f65fe9b5,Rodrigo,Liendo,,
b862cc6e-039e-40a4-b4b6-dca7e019e65e,Cayla,Kalani,,
8b01b096-1974-47e9-a6c1-dcb3c831c294,Inger N.,Sierevelt,,
06670980-3b4d-4798-b71f-dcb6b1052c44,LaMontagne,Maria,,
a7ae73a7-2ef1-44a0-81cb-dcb7a336cacb,David,Back,,
2251b790-86f9-4a60-afd7-dcbbe5095c25,Nic,Buckley,,
18a1987d-02b6-4ab7-9236-dcc0ab818006,Mohamad,Fares,,
85b818ab-bb25-4b19-8ce0-dcdc2acb9181,Thomas,Gagliardi,,
24705724-dc6a-426d-a576-dcdece1f9c8c,Brian,Cunningham,,
46369d04-a320-406f-b991-dce4c9606e00,Agnieszka,Halm-Pozniak,,
c7c6df13-fff8-4798-a5e7-dcf47ed603e5,Radhakrishna,Kantanavar,,
f19abd1f-ef80-4726-a857-dcfe99917a36,Margo,Dirckx,"I originally trained as an orthopaedic surgeon in Antwerp, Belgium. I've completed fellowships in London and Brighton, and in 2019 permanently moved to the UK.I am currently a consultant in Barnsley Hospital since 2022.I have a special interest in complex elbow trauma, next to a busy shoulder & elbow practice. ",https://files.abstractsonline.com/assocphotos/2656/f19abd1f-ef80-4726-a857-dcfe99917a36.profile.jpg
51b4e2f0-48df-4984-a3e4-dd309f80e75b,Noemi,Zaffaroni,,
e700fb8b-8016-4e11-8f53-dd3617525e6a,Aman,Chopra,,
a1ba3bf8-1c4b-4d5b-9ed8-dd5c41b93480,Mitchell,Johnson,,
73faba7d-4b7b-42a5-8665-dd5e35c79918,Nicholas,Morriss,,
ff97d38f-e7b0-4fbf-b2f0-dd63cdaad20e,Ryan,McNassor,,
c268e3b0-fd73-43f8-9e1e-dd672de75545,Anthony,Prentice,,
e40089ad-144f-452e-bd3d-dd734f846634,Torrealba,Jose,,
5fa31b59-cb7f-4610-aee0-dd9881bd435b,Chong,Zhang,,
81f9bc38-343f-45c6-9c7c-ddd05dff8612,Francisco,Fernández,,
2aed9dea-d5a8-431a-add6-dddf4128fbe8,Thomas,Evely,,
43f511fe-2d49-4b68-9195-dde216b9dbcb,Heath,Henninger,,
4c59bab2-f390-4152-bbc2-ddf5fb8bfd14,Jean Marc,Glasson,,
7448d926-522f-4931-af5f-ddfa42b6f3a1,Paul,Favorito,"Dr. Favorito is the Division Chief of the Shoulder and Upper Extremity Service at The Christ Hospital in Cincinnati, Ohio USA. He also serves as a co-director at the ASES accredited Cincinnati Shoulder and Elbow fellowship.A native of Buffalo, NY, he  completed an orthopedic surgery residency at the State University of New York at Buffalo.  In 1999, he moved to Cincinnati, Ohio where he completed a sports medicine fellowship at Wellington Orthopaedic and Sports Medicine and the University of Cincinnati.  Dr. Favorito’s practice is limited to the treatment of all shoulder disorders.  He has a special interest in the diagnosis and treatment of rotator cuff disorders, proximal humerus fractures, shoulder replacements and bone loss associated with glenohumeral instability and arthritis.",https://files.abstractsonline.com/assocphotos/2656/7448d926-522f-4931-af5f-ddfa42b6f3a1.profile.jpg
9398ed1c-9754-490a-b891-ddfa70e3bc39,Ryan,Lohre,,
c63237f0-356d-4419-940e-de078a7031ae,Stephen,Daniels,,
257e2565-940c-4f12-90d5-de343da83249,William,ElNemer,,
a8e34838-d6fe-4202-a7d2-de3d58d801c5,Hubert,Laprus,,
82122b99-6df3-4bc6-9d07-de3e14990d86,Nethra,Raju,,
7591af03-7da8-4fce-be42-de44423e5747,Nathan,Varady,,
8284742e-839c-40a8-8d3d-de4961397a97,Meredith,Stadnyk,,
1320b844-6857-4a9d-af9e-de50a6563497,Nadia,Leamy,,
1ab8c635-f820-499d-ab20-de55fabbf8d0,Pedro,Rodrigues,,
3a7641ba-79d2-4077-a881-de6ca150da24,Hannah,Parks,,
cadeb087-c8ae-4f10-86bc-de81414386cb,Alex,Abouharb,,
82d44114-9a97-4cb6-8ce2-de8363b3361e,Adam,Lencer,,
4cf5fd42-2148-444f-b077-de85079f054d,Ryan,Thacher,,
b0a4edd5-3df1-4e98-b9eb-de975d6d0d02,Gabriel,Onor,,
b54d0414-c212-46bb-9791-de9d09a2b339,Joshua,Wiener,,
032a6c28-16a6-4418-8c92-de9d2611ff5d,Shawn,Gee,,
c04e6155-779e-4831-8566-deafeb6d9805,Denise,Bion,,
dc71842e-cb20-496e-a16b-deb1d1ca7a24,Yutaka,Mifune,,
06c98151-760d-44cf-bed5-deb8f1b9bfa9,Jessica,Grimm,,
ee9caafe-3d6c-47d7-a960-debd8469af56,Nicholas,Stekas,,
eb51b879-e366-43f7-aba4-dec13eea8587,Andrew,McBride,,https://files.abstractsonline.com/assocphotos/2656/eb51b879-e366-43f7-aba4-dec13eea8587.profile.jpeg
daea2f9c-a624-465f-8e49-dec24112ef35,Hoel,Letissier,,
8e8dad91-d86f-4ee8-a982-ded19717e78f,Danny,Goel,,
ffcc8a3e-e26e-4c3b-80c6-dedec6c45f03,Test 2,Mok,,
a04ca55e-685e-478f-9f97-def14cbf6cc3,Devin,Morrow,,
2e157c6f-3536-41f6-b6f4-df190ee8a579,Ada,Ayechu,,
f0cd443c-9efa-4cb6-b654-df224466920a,Claudio,Moraga,,
d4317767-1aad-47eb-9346-df357b608bc5,Wagner,Martins,,
a6f833e5-3a53-4e5b-9d8a-df4c44e8f06d,Mehrshad,Keivan,,
399523a6-28e5-4c05-a5b3-df4e0f0268cd,Andreas,Voss,"Professor Andreas Voss is a German orthopaedic surgeon specialising in shoulder and elbow surgery with a strong emphasis on sports-related pathology, arthroscopy, and regenerative joint therapy. He trained in orthopaedic sports medicine at the Technical University of Munich and completed further training in trauma surgery at the University Hospital of Regensburg, with an additional Sports Medicine Research Fellowship at the University of Connecticut (USA) focused on shoulder research and surgery. He serves as a Professor and senior surgeon with the sporthopaedicum group (Regensburg & Straubing) and the University Hospital of Regensburg, combining clinical practice, research, and education. Prof. Voss holds memberships and active roles in key professional societies including ISAKOS, ESSKA, AGA (Arthroscopy & Joint Surgery), and the German Association for Shoulder and Elbow Surgery (DVSE), and is often invited as faculty at international orthopaedic conferences. His work includes advanced arthroscopic and reconstructive techniques for shoulder and elbow conditions, as well as glenohumeral instability, rotator cuff repair, and cartilage-preserving approaches, alongside involvement in teaching and student orthopaedic education programmes. He has received several research awards and grants, reflecting his active contribution to shoulder–elbow clinical science and training.",https://files.abstractsonline.com/assocphotos/2656/399523a6-28e5-4c05-a5b3-df4e0f0268cd.profile.jpg
f8439aeb-dc55-42d1-a2bc-df54c53a60c8,DOHYUNG,LIM,,
a88e6847-611a-41a0-8a4a-df54e3907be9,Nicholas,Frappa,,
f7a112fd-86b2-445b-95d3-df5a00de185a,Aaron,Chen,,
f36d2389-aaba-4df2-9b17-df6dad95a9fd,david,gallinet,,
5d430962-6074-4151-babc-df7d0bd3e4a4,Jad,Lawand,,
d005ff20-dfac-473b-b6e1-df9702ad6032,PATRICK,LAM,,
3d25df9d-adee-4d3d-881f-dfacb4fd2382,Francisco,Ruiz,,
39205fb7-4f74-40f0-bbc5-dfb15fe01e86,Andrew,George,,
e17dd740-17a6-4ad5-9150-dfb396d05b14,Brandon,Yuan,,
46ff7e13-239d-44e0-b573-dfc8a8055dc3,Kathleen,Smith,,
3a9ef302-130a-4541-bf3b-dff07ab9549b,Damon,Briggs,,
431fee57-5e7d-4cad-82f9-dff25369711e,Dodzi,Motchon,,
37ba65cd-6a03-4644-b94e-e0072c572d7a,Jeffrey,Lynch,"Dr. Jeffrey Lynch is a fellowship-trained orthopaedic shoulder and elbow surgeon who specializes in complex arthroscopic and open surgeries of the upper extremity.Dr. Lynch was born and raised in Sewell, NJ. After attending high school at St. Joseph’s Prep in Philadelphia, PA, he completed his undergraduate studies in Biology at The Johns Hopkins University where he played four years of NCAA baseball serving as team captain. Upon graduation, he attended the Rowan University School of Osteopathic Medicine in Stratford, NJ.Dr. Lynch completed his residency in orthopaedic surgery at the Jefferson Health New Jersey Division, where he received training in all aspects of orthopaedic surgery including arthroplasty, arthroscopy, fracture care surgery as well as the non-operative management of many orthopaedic conditions. While in residency, Dr. Lynch served as the research chief resident overseeing one of the most productive research residencies nationwide.Following residency, Dr. Lynch completed a fellowship in shoulder and elbow surgery at The Cleveland Clinic Foundation in Cleveland, OH, training under world experts in the treatment of all conditions related to the shoulder and elbow. In Cleveland, Dr. Lynch gained an extensive knowledge in routine and complex shoulder replacement procedures, rotator cuff and labral repair, and muscle tendon transfers as well as elbow arthroscopy, arthroplasty and ligamentous procedures such as biceps repairs and Tommy John Surgery. Dr. Lynch has a particular interest in revision shoulder replacement and periprosthetic fracture management.Dr. Lynch is active in education and producing research to move the field of orthopaedics forward. Throughout his training, he has authored more than a dozen peer-reviewed journal articles and presented his research at local, regional and national orthopaedic and sub-specialty conferences, receiving numerous awards for his work. He is a candidate member of the American Shoulder and Elbow Society (ASES), a member of the Mid-Atlantic Shoulder and Elbow Society (MASES) and the prestigious Phoenix Society.In his free time, Dr. Lynch enjoys cooking, distance running, golf, watching and attending Philadelphia sporting events, and spending time with his wife, Stephanie, and their growing family.",https://files.abstractsonline.com/assocphotos/2656/37ba65cd-6a03-4644-b94e-e0072c572d7a.profile.png
6787cf31-94ea-4f36-a18d-e00ee9489344,Chen,ZHANG,,
818d375a-9f54-4ff5-b1c5-e00f8517a2a6,Yutung,Lan,,
94acd5cd-aa64-4b0a-af73-e01b1a87c6e5,François,Marquis,,
dd4b0d99-94f3-40b7-8a5c-e022c97b274f,Fernando Luiz Affonso,Fonseca,,
f695243d-ca15-4898-8c64-e0258580cfbc,Bryan,Perkins,,
6bff6f6e-77cd-44e1-8de8-e0304a4f931d,Derrick,Guo,,https://files.abstractsonline.com/assocphotos/2656/6bff6f6e-77cd-44e1-8de8-e0304a4f931d.profile.jpg
fe73c497-ee1b-4e8e-86b9-e037cbe579ea,Karim Tarek Naim,Sharobim,,
161096fb-0255-4655-8370-e09be7b3bea0,Robert,Hartzler,,
8cc9642a-2c58-45e5-a50b-e0afea520fff,Ysa,Le,,
8a4e275a-126b-44cc-bfb6-e0b13f874c96,Yong Girl,Rhee,,
8178e82b-ee6a-4733-9a4e-e0b7255d56ce,Joseph,Liu,,
c502450a-4ce4-49cb-bc0a-e0c0afca2445,Meghan,Tiernan,,
b7f17dda-fc1d-4d25-ae4d-e0c81b4357d9,Winston,Jin,,
58835ea9-50f2-4556-b67e-e0ce655252cb,Lars,Müller,,
6ea8e89c-9055-4d92-8a1a-e0de25d7583d,Rachel,Patel,,
13c51324-316f-405b-9f81-e0e446f9d7df,Nishant,Kurien,,
b773b95f-dccb-42e1-b936-e0f180d9d42d,Alexander,Hahn,,
baafbea2-d1a8-4aef-bc9f-e1318b43c6e7,Christian,Freitag,,
2d263c01-d2cb-4872-94ba-e133e4dc3f3c,Kathleen,Derwin,,
553e35ac-5137-4505-9ad0-e1420cafa8e6,John,Kuhn,,
63b59adb-3007-4b14-be51-e16a7db45a35,Morgan,Dillon,,
46d6f456-c351-45b0-87e2-e16ea31c91c1,Ty,Pollock,,
0f49c392-7793-4d75-86e7-e170a1739fa9,Richard,Walker,,
31d438aa-51c8-4288-a96c-e18a95b5143d,Yong Tae,Kim,"Assistant Professor, Department of Orthopaedic Surgery, Hallym University Dongtan Sacred Heart Hospital, KoreaVisiting Professor, Orthopaedic Technologies & Biomechanics Lab, Department of Mechanical Engineering, University of Victoria, Canada",https://files.abstractsonline.com/assocphotos/2656/31d438aa-51c8-4288-a96c-e18a95b5143d.profile.jpg
dae08449-30e2-472e-b111-e1a3d691ecae,Maurits,Olthof,,
dfbbbb47-d48c-45aa-81e0-e1ab621722b5,Johnathan,Kent,,
59fe7873-cb3c-4399-86fb-e1adfcb91657,Lea,McDaniel,,
5b280ee6-db1a-47de-b992-e1be6d52309c,Marco T.,Di Stefano,,
24bb6bd7-fbef-48a7-899a-e1d3f02ef101,Pietro,Randelli,,
a5b697f5-7e4a-4604-a7eb-e1d5dfb14b16,ruchita,dholakia,,
2c779de8-1379-4040-a27f-e1ee58f0413b,marion,grare,,
612b98f6-348b-46b3-9143-e20a45d3bcfb,Hideaki,Nagamot,,
ac2a68ae-2c4d-412a-b27c-e20f8b2f3cbd,Michael,Kuenzler,,
5f54e052-4474-4094-b5f1-e211ba10a07b,Nathan,Orvets,,
68b1d6e7-bce6-4f45-a817-e212022ca772,Muhammed,Nazeer,,
149f8dc7-de4c-45a8-a41e-e21779c847af,Carson,Wells,,
9f4c60c7-938c-4fa4-8251-e22cca5fed0b,Arnaud,Godeneche,,
60244891-a902-4c77-bbc4-e231246e06af,Karen,Padilla,,
bb43c875-a5f8-43c6-8d78-e23de181c69f,Daisuke,Momma,,
9ca1665e-199e-4b0a-b354-e2466e0f5701,Edward,Testa,,
6668df32-85a6-4851-8a27-e24cb58be7fc,Katie,Anderson,,
1fc65933-109b-4858-b877-e25c922bf464,Nicholas,Pulos,,
2f1e792a-cb54-4fae-99ec-e279474586a9,Andrew,Choo,,
98364f54-89db-4993-92a8-e28a08a4d13a,Maxwell,Campbell,,
59d258c9-80ba-414a-8235-e29c1ad91b02,Petra,Graham,,
c490bfc6-527f-4db5-8662-e2a523e8e09f,Saeed,Althani,,
78805d34-150a-435f-88b3-e2d4d8ddb62a,Yu-Seok,Kim,,
ba50d8c6-f26e-4aeb-aa30-e2dc16f6afcd,Katie,McIlquham,,
6ef4d607-93b6-45f7-98f1-e2e7992801cf,JuanJose,Lecaros,,
daa7a0d1-88a7-47b9-a6f2-e2e8e27bd63c,Ryo,Ishii,,
7e26a9bf-66ed-425e-9e27-e2ec4cbf4d54,Alex,Schmucker,,
4837c83c-33c2-41ce-8a92-e2f2111db55f,Elizabeth,Powell,,
cbda9fda-a1bc-4bac-a789-e2fb9a507a66,Logan,Good,,
87578b26-91a9-458d-a03b-e310d038182e,Hean Wu,Kang,,
4a50eab0-5e71-4f9d-a02c-e312628d7437,Carlos,Mariosa,,
9e6303c8-71aa-444d-8be7-e318fe82c6b8,Hafiz,Kassam,,
d19e26a6-2deb-4f97-a7cf-e325e4e5d57a,Sarah,Harris,,
c3309661-ed67-4658-916e-e33ce5f99288,Hidetomi,Terai,,
2c8345d7-6077-4b26-bc74-e33ffc986245,Danielle,Dagher,,
c4573042-1d9d-42a2-ab3d-e3606740891c,Denis,Garnier,,
a6fb954a-676e-4833-acea-e36641a50516,cara,Arrasmith,,
cc6b0920-5f3a-4c1c-b646-e37139f49ea0,Joseph,King,,
211d0e6b-a7f0-4dab-8f02-e3766bbef222,Steven,Goldberg,Orthopedic Surgeon,https://files.abstractsonline.com/assocphotos/2656/211d0e6b-a7f0-4dab-8f02-e3766bbef222.profile.png
63652b17-af15-4902-a927-e37734bda837,Marco,Spoliti,,
b70f29f5-dd6e-40ca-a3a6-e3d26274d38d,benjamin,Ma,,
63a400c7-019e-4143-a3fe-e3d5377f3d33,Michel,Van den Bekerom,,
ace7a4d3-b9f9-4eb9-83c7-e3d9e99f1189,VICTOR,PACHECO,Orthopedic Surgeon sub-specialized in Shoulder and elbow surgery. Latin Orthopedic in Middle East,
de3d9e3f-6ccf-4bfa-95fc-e3e425fbe329,Sujit,Jos,"Dr. Sujit Jos is an Orthopaedic Surgeon specializing in complex primary and revision arthroscopic procedures of the shoulder and knee, as well as joint replacement surgery. He leads the postgraduate MS (Orthopaedics) training program and serves as Course Director for a one-year Fellowship in Arthroscopy and Sports Medicine, accredited by ISAKOS and the European Journal of Orthopaedic Surgery & Traumatology.He has authored multiple peer-reviewed publications and serves as a reviewer for several indexed journals, including the Journal of Clinical Orthopaedics and Traumatology, Indian Journal of Orthopaedics, and Knee Surgery Sports Traumatology Arthroscopy. He has presented extensively at both national and international conferences.Dr. Sujit delivered the prestigious KG Gopalakrishnan Memorial Oration at the Kerala Orthopaedic Association Annual Conference 2025 and is an AO (Switzerland) accredited trainer in orthopaedic trauma and sports surgery.He is recognized for several pioneering contributions:Among the first surgeons in India (4th overall) to perform arthroscopic Latarjet, and the first in South IndiaDeveloped and promoted a metal-free Latarjet techniqueFirst in Kerala to perform Regeneten collagen patch augmentation for rotator cuff repairFirst in Kerala to perform Direct Anterior Approach (DAA) total hip replacementIntroduced the arthroscopic subacromial balloon (InSpace) procedure in KeralaHis work focuses on advancing minimally invasive, biologic, and bone-preserving techniques, particularly in shoulder surgery.He is the Editor-in-Chief of the Coastland International Orthopaedic Journal, the official publication of the Cochin Orthopaedic Society.Professional LeadershipExecutive Committee Member, Shoulder and Elbow Society of India (2024–25)Vice President, Association of Arthroscopic Surgeons of Kerala (2025–26)Vice President, Shoulder and Elbow Society of Kerala (2024–25)Secretary, Association of Arthroscopic Surgeons of Kerala (2022–24)IT Secretary, Kerala Orthopaedic AssociationSecretary, Cochin Orthopaedic Society (2021–23)Treasurer, Cochin Orthopaedic Society (2019–21)President of Rotary Club of Cochin Global, which is one of the largest rotary clubs in the city of Kochi for the year 2024-25. ",https://files.abstractsonline.com/assocphotos/2656/de3d9e3f-6ccf-4bfa-95fc-e3e425fbe329.profile.JPG
dc7916af-d756-4ffa-bfa5-e3e567a57435,Conrado,Torres,,
dc100d0a-b57b-4b01-93b1-e3fbaa9583bc,Thomas,Wright,"NAME:Thomas W. Wright, M.D.ADDRESS:Mailing address: University of Florida Orthopaedics and Sports Medicine InstitutePO Box 112727Gainesville, Florida 32611-2727 (352) 273-7375, Fax: (352) 273-7388Clinic: University of Florida Orthopaedics and Sports Medicine Institute3450 Hull Road Gainesville, Florida 32611-2727 (352) 273-7375, Fax: (352) 273-7388Birthdate:April 6, 1957Birthplace:West Palm Beach, FloridaMarital Status:Married - Tammy H. WrightChildren- Dylan T. Wright, born: March 22, 1993.                 Logan T. Wright, born: September 1, 1996.EDUCATION:Emory UniversityBiology, BS, 1979University of Florida: MD, 1983PROFESSIONAL TRAINING:Internship, General SurgeryUniversity of Florida1983 - 1984          Residency, Orthopedic SurgeryUniversity of Florida1984 - 1989              Appointment, Clinical Instructor University of Florida1988 – 1989Fellowship, Hand and Upper Extremity SurgeryMayo Clinic - Rochester, Minnesota1989 – 1990BOARD CERTIFICATION:American Board of Orthopaedic Surgery, 1992-Recertified 2011 Certificate of Added Qualification in Hand Surgery, 1993-Recertified 2001-Recertified 2011-Recertified 2021EMPLOYMENT:Assistant Professor Orthopaedic SurgeryDivision of Hand and Upper Extremity SurgeryUniversity of Florida1990-95Associate Professor Orthopaedic SurgeryDivision of Hand and Upper Extremity Surgery University of Florida 1995 – 2003Professor Orthopaedic SurgeryDivision of Hand and Upper Extremity Surgery University of Florida2004 – CurrentAffiliate ProfessorCollege of Public Health and Health Professions, Rehabilitation Science2010 - Current",https://files.abstractsonline.com/assocphotos/2656/dc100d0a-b57b-4b01-93b1-e3fbaa9583bc.profile.webp
728a35c7-a23b-4ce6-be54-e407025e3b20,Seyedeh Zahra,Mousavi,,
426f46b1-8b16-4465-ad95-e408b3b07187,Jarret,Woodmass,,
568209d7-0160-4eb0-83c3-e410162c57dd,Rupert,Stanborough,,
16625dc1-06a6-46bf-a4b3-e416edc4791b,Juan,Valles,,
243c84ee-ef55-4b14-81c2-e427826b8248,Tomoya,Manaka,,
0e95e363-1ac4-48ec-976f-e4418c74d71d,Stanley,Liu,,
5d50bab7-c036-4535-8b3e-e4505638ac09,Yoneda,Masahiro,,
0d003c04-aa1d-4b93-8904-e4588a17b04e,Auch,Eli,,
1b754152-e6de-4bb4-ad96-e46e8f769cc2,Muhammad,Abbas,,
a9220a40-9882-4699-aaa4-e47a9e9fae79,Grant,Garrigues,"Dr. Garrigues is shoulder and elbow specialist in the sports medicine division of orthopaedic surgery, Midwest Orthopaedics at Rush in Chicago, Illinois, USA.  He received his undergraduate and medical degrees from Harvard, a research degree from MIT, completed his orthopaedic residency at Duke University, and a shoulder and elbow fellowship at The Rothman Institute.  He was the Head of Shoulder Reconstruction and Co-Director of the Sports Medicine and Shoulder Surgery Fellowship at Duke for a decade before being recruited to Rush. Currently, he is co-team physician for the Chicago White Sox (Major League Baseball) and formerly also of the Chicago Bulls (National Basketball Association). Dr. Garrigues has been honored with multiple awards, including the 2017 ASES European traveling fellowship, a prestigious 2018 OREF grant, an ASES research grant, an NIH R01 grant, and the 2025 Charles S. Neer Award for outstanding clinical science in shoulder surgery.  He has authored over 300 publications, multiple textbooks, and was the Co-Chair of the International Consensus on Periprosthetic Joint Infection Shoulder Task-force.  Additionally, he has been involved in the design of multiple, successful, FDA-approved shoulder replacement systems. ",https://files.abstractsonline.com/assocphotos/2656/a9220a40-9882-4699-aaa4-e47a9e9fae79.profile.jpg
9d2305f6-f21c-4eb9-b016-e47ef8de53bb,Sumit,Raniga,"Associate Professor Sumit Raniga is an award winning, internationally recognised subspecialist orthopaedic shoulder and elbow surgeon. Director of the Macquarie University Translational Orthopaedic Research Lab. Fellow of the Royal Australasian College of Surgeons (FRACS) and a subspecialist orthopaedic shoulder and elbow surgeon with three years of dedicated clinical and research fellowships in world renowned centres of excellence. Mentored by preeminent Professors’ Matthias Zumstein (Bern, Switzerland), George Athwal (Ontario, Canada), Graham King (Ontario, Canada), and Des Bokor (Sydney, Australia). Author of numerous peer reviewed research publications and textbook chapters. The first and only Fellow of the Royal Australian College of Surgeons to be awarded the prestigious Charles S. Neer Award for research in the field of shoulder surgery by the American Shoulder and Elbow Society (ASES) in 2016. Inaugural recipient of the prestigious Shoulder and Elbow Society of Australia's (SESA) North American Travelling Fellowship Award for 2024. An outstanding communicator who is trained to provide the highest standard of evidence-based management and surgical treatment of simple and complex shoulder and elbow problems with compassion and empathy.",https://files.abstractsonline.com/assocphotos/2656/9d2305f6-f21c-4eb9-b016-e47ef8de53bb.profile.jpeg
215447da-0e09-45a5-aad5-e483d4b2367d,Chunyan,Jiang,,
f430cb3d-afdf-4ce7-8cff-e48825b17fdc,Eva,Lehtonen,,
7cb80f87-9339-46f9-93e1-e48c0bcc4dbf,Bradford,Parsons,,
66879b17-7ff2-433e-8d25-e48f5b61e9c8,Pip,Divall,,
9fa8f45e-32e5-404b-ac69-e490eab71a63,Fraser,Harrold,,
fa095571-0a19-4bd4-94ec-e4adde5a7ae8,Artzner,Christoph,,
e63bc7f3-643e-4ae2-9e03-e4b3ed43078f,DANIEL ,DE TOLEDO,• Master of Science from the University of São Paulo (USP)• Shoulder and Elbow Surgery: Orthopedic Hospital of Belo Horizonte• Orthopedics and Traumatology: Base Hospital of the Federal District• Medicine: Higher School of Health Sciences of the Federal District,
2977ec39-556e-4ba5-8040-e4bf312f297b,Lindsey,Kahan,,
92067cbd-c888-41b4-8e5c-e4d4b10d7d62,Carolyn,Henein,"Carolyn Henein, MS, is a medical student at the University of Texas Medical Branch John Sealy School of Medicine. She previously earned a master’s degree in Materials Chemistry from UC Santa Barbara and a bachelor’s degree in Chemistry Honors from the University of Texas. Her current research focuses on hand and upper-extremity surgery, orthopaedic outcomes, and peripheral nerve pathology.",https://files.abstractsonline.com/assocphotos/2656/92067cbd-c888-41b4-8e5c-e4d4b10d7d62.profile.jpg
35a879ec-aedf-47b9-ac9a-e4db17f1ebad,Nicolás,González,,
cbb336fc-ca0c-4070-a47e-e4fcd259e5d2,Nora,Tillmanns,,
52f9dd62-7eb9-4c78-84b7-e50230c51a5e,Matthew,Koff,,
54923eb1-1c21-4062-8a85-e507d4948515,Susan,Sulzer,"-Residency Program in Orthopedic and Trauma Surgery at the “Universidad de Chile” (University of Chile), Santiago - Chile (2012-2015).-Fellowship Program in Shoulder and Elbow Surgery at the “Universidad de Chile” (San José Hospital and Teaching Hospital University of Chile), Santiago - Chile (2016-2017). -Fellowship Program in Shoulder Surgery at “Deutsches Gelenkzentrum, ATOS Klinik Heidelberg”, Heidelberg - Germany (2017-2018). Currently acting as:-Head of the Shoulder Surgery Division,  Orthopedics  and Traumatology Department , Hospital San José. Santiago -Staff  member - Shoulder Surgery División, Orthopedics  and Traumatology Department, Hospital del Trabajador. Santiago -Staff  member - Shoulder Surgery División, Orthopedics  and Traumatology Department, Clínica las Condes. Santiago -Adjunct Professor - Orthopedics  and Traumatology Department, Universidad de Chile. Santiago.",https://files.abstractsonline.com/assocphotos/2656/54923eb1-1c21-4062-8a85-e507d4948515.profile.JPG
f69b3d59-3f0e-430c-a188-e512a1500ecb,William,Kibler,,
b866dd21-f981-4c4b-9169-e514988df6e4,Atahan,Durbas,,
2ecd945e-1894-43bc-9cb2-e535517800e9,Carlos Ruben,Baca Dominguez,,
0fc66672-9486-402b-831d-e538310d21ae,Evan,Meeks,,
c315f7dc-2f29-4e46-97cf-e53c08430541,Jubin,Payandeh,,
f06a1b67-2435-466d-88c1-e53d3e4520f1,Jakob,Schanda,"Jakob E. Schanda, MD PhD is an orthopedic and trauma surgeon, mainly focussing on shoulder surgery. His primary field of research consists in rotator cuff repair and biological augmentation techniques.",https://files.abstractsonline.com/assocphotos/2656/f06a1b67-2435-466d-88c1-e53d3e4520f1.profile.JPG
ea1bbba3-2ac6-4676-87ee-e54f1bc6138c,Alexander,Bouterse,,
81ce3a2f-5baf-43e7-a47a-e551e7241202,Nicolás,García,,
319a0391-35ab-4a10-a138-e55ca6e7fb9c,Yoshihiro,Kai,,
ca939134-b744-40dd-94c8-e56b28128786,Alison,Armstrong,,
756b9680-f312-40a3-bada-e585f111a423,Ryuhei,Furukawa,,
e07df3a0-127a-4e39-8124-e59f1355dd5e,Dylan,Asire,,
d4f9ba52-3d0b-4c33-87b4-e5a0bb1cfc3d,Kyleen,Jan,,
7ba47911-c8b5-4a1c-a06e-e5bcf43a2ffd,Sebastian,Klich,,
65339142-44a3-4390-81ff-e5c102162b52,Bill,Mcdonald,,
fd829f7d-0016-4039-a7c9-e5c7e6ba882d,Kira,Smith,,
bb708a76-4ed8-4c26-b8ca-e5cd2e386b9f,Todd,DeFor,,
e1bbb0d0-4193-49dd-bd33-e5d0906a68d2,Ulunay,KANATLI,,
98da9792-404a-4480-a717-e5e64003de81,Danil,Chernov,,
682ee99c-41f6-433c-b1f8-e5ec898e10a0,Sophia,Schramm,,
5130411f-1f49-4ea5-861d-e614b6ccae2a,Sudesh,Sivarasu,,
a46c56f3-792d-43eb-97b0-e61836c1c34b,Chea Tze,Ong,,
40a22629-fade-4cb0-9a6a-e61997c4ba8b,Fernando,Hiramuro-Shoji,"Medical School, University of Guadalajara, Orthopedic Training, Hospital Civil de Guadalajara, Mexican Board Certified, 2001, Founder Shoulder Clinic, Hospital Civil de Guadalajara ""Fray Antonio Alcalde"" 2001, Past President Mexican Shoulder and Elbow Surgeons society 2013-2014, Chief of the Arthoscopy and Sports Medicine Department Hospital Civil de Guadalajara ""Fray Antonio Alcalde"",",
07ec2a77-6330-493d-af22-e6199844a466,Jacob,Binoy,,
3eb211ca-6206-4b2f-9a93-e62ba67459d6,Hailey,Ninness,,
a4de1846-ea90-495a-a66c-e635662bfb86,Norimasa,Takahashi,,
44f0cb01-762b-4d7d-8408-e651d4e05b29,Dylan,Moran,,
f8838dd2-1a6e-4241-bf7e-e65714a9a37d,Su-Jau,Yang,,
fc342bf3-a127-4db5-a1f4-e65c73f7da6a,Loukas,Koyonos,,
48df79ca-af0e-4a5f-a63f-e65d5758775f,Jungmin,Jo,"Resident in the Department of Orthopedic Surgery at Pusan National University Hospital, Busan, South Korea",https://files.abstractsonline.com/assocphotos/2656/48df79ca-af0e-4a5f-a63f-e65d5758775f.profile.jpg
83bc98bd-678b-4b45-95a2-e679f8a95a33,Andrew,Metcalfe,,
8b29720e-acf3-41d8-8245-e67ff7dcce14,Firdavs,Kurbanov,,
96fff6a4-4060-436f-9ad2-e6d4138fc515,Gia,Rodriguez,,
8d951050-3e20-4589-897c-e6d9e470ccf2,Kerri,Bell,,
5b83b343-ac43-4973-b5f4-e6e4ddc8b281,Paul,Shupe,,
347142aa-d10b-4e6c-a44d-e6e702bff918,Ibrahim,Kaya,,
07fd2865-e933-4157-a1f8-e6eb5a706a2d,Eyad,Mansour,,
566e0eab-312b-496e-a360-e6fb837c38bb,Jose Maria,Martinez,,
48329d46-78b6-476f-a7d8-e6fc7e9bd05a,Elizabeth,Chan,,
7c7f4586-0752-4736-999b-e72fc42cf7fd,Garrett,Mitchell,,
2ffe4ace-891b-40b8-9651-e73019a9ef2d,Asheesh,Bedi,,
925627cd-6d16-4239-ad6e-e732a8df9372,Kenta,Takatsuji,,
3e10d006-2f84-4591-a6fe-e7394b2514ea,Aparna,Viswanath,"I am a consultant trauma and orthopaedic surgeon with a specialist interest in shoulder and elbows. Having completed my training from the East of England deanery in 2018, I pursued advanced international and national fellowships before starting my practice. I have been a consultant at a major trauma centre in Middlesbrough, United Kingdom for 5 years and have a high volume arthroplasty practice with have a heavy trauma based practice. I am a member of the British Elbow and Shoulder Society and currently sit on council as the Equity, Diversity and Inclusion representative. I am deeply invested in fostering an environment where surgeons are evaluated solely on merit, and where theatre designs, instrumentation and specialty organisations allow access and equitable opportunities for all surgeons.",
b5b1f3c7-8f97-4b9d-ab31-e73a8e1b81e8,Hye Jin,Yoo,,
1baf8343-a0eb-48d0-948f-e751663f2036,Kaitlyn,Christmas,,
99bd40ca-3275-4afe-83e6-e756f1b57afa,Roberto,Álvarez Montero,,
1bfe8572-ad52-4f3b-99d1-e75f9ff0a965,SEUNGMIN,JEONG,,
a14c86d8-4407-43b9-a21e-e7bbafff98ad,Hiroyuki,Kitagawa,,
1d4c653d-7a8b-4623-8db5-e7c70846f538,Fabiano,Ribeiro,,
84d59a6a-2e00-4208-b789-e7cc7a868c28,Hamed,Zaribafzadeh,,
e9a541ec-dbe9-43f3-a65e-e7d99624d69c,Aravind,Desai,,
f2a4b117-a1b7-40a2-9865-e7fa75f437ab,Brendan,Kelly,,
00fd28a5-e8ef-4fae-92c1-e8087b0ac885,Akin,Adio,,
785526ee-2b37-4456-9741-e8169aa9826a,Darren,Nin,,
af7d4512-cec3-4be5-b302-e81a960d9d8f,David,Ackland,,
06e76674-8928-4f0e-b964-e81ad2fb8347,Garrett,Berger,,
b553ecb4-2f61-44ad-8f09-e81fb59787c8,Kristine,Italia,"Kristine Italia is an Orthopaedic Surgeon sub-specialising in shoulder surgery. She currently practises at the St. Luke’s Medical Center in Manila, Philippines. Dr Italia has been highly involved with research projects with the Queensland Unit for Advanced Shoulder Research (QUASR) and Shoulder Surgery Queensland Research Institute (SSQRI) in Brisbane, Australia.",https://files.abstractsonline.com/assocphotos/2656/b553ecb4-2f61-44ad-8f09-e81fb59787c8.profile.png
ef89b681-20e9-4e2c-9de0-e824f5ad5e92,Marguerite,Mullen,,
6b23ed38-b03a-409f-a245-e82d11cfcab7,Kevin,Sun,,
f4d6a902-bd79-48f2-95d2-e833e383374a,Jae-Man,Kwak,,
66a41ed7-1606-4a6e-9ade-e834aa291c74,Sofian,Nachwati,,
2dee9974-dee4-4ab3-b8d5-e862cb26ea06,Kevin,Kruse,,
23142d01-e2b9-4261-91c5-e88857480eba,Ville,Mattila,,
ec78482b-0cd9-4818-adef-e8a358e19183,Mark,Ehrensberger,,
7ad094d3-f1f8-4919-9158-e8a7d568828d,Juan,Aguilar,,https://files.abstractsonline.com/assocphotos/2656/7ad094d3-f1f8-4919-9158-e8a7d568828d.profile.jpg
47ca3d2f-8653-413d-9230-e8aeebc6ca63,Guilherme,Baldo,,
d76339a0-f6f9-437a-9e53-e8b7bfe935ad,Catherine,Guest,,
65c2ea24-4b2b-436a-b4ba-e8bc622392d1,Aaron,Sciascia,,
9e5faa20-f719-4696-9de1-e8c12c809681,Sara,Kiani,,
2fa9a348-9522-46ab-8ee3-e8c4466f7dd5,Grégoire,CIAIS,,
8b57be55-e1f1-4e39-820c-e902bb65b3c1,Valentina,Ramirez,"Michael Deegan is a current resident physician at Madigan Army Medical Center at Joint Base Lewis McChord in Washington state, He is passionate about sports medicine and shoulder instability in particular. ",https://files.abstractsonline.com/assocphotos/2656/8b57be55-e1f1-4e39-820c-e902bb65b3c1.profile.jpg
3aa6fb53-6ee4-4be8-b174-e912fce0c7f8,Alicia,Harrison,,
373bf21e-3484-4c66-97b4-e91fc247a436,Natalie,Rumbaugh,,
2847072f-dc05-4134-9cba-e925c9d548ab,Seokho,Hong,,
acdcf6f0-8d20-4011-9701-e93037e36f01,Thomas,Stringfellow,,
8fea2933-5b57-4c6b-8723-e93ccb884197,Frances,Cuomo,"Frances Cuomo, MD, serves as Chief of the Shoulder and Elbow Service, Program Director of the Shoulder and Elbow Fellowship, and co-director of the Montefiore Upper Extremity and Brachial Plexus Institute at Montefiore Medical Center Albert Einstein School of Medicine in New York, USA.  After performing a shoulder and elbow fellowship with Dr. Charles S. Neer, ll, at Columbia Presbyterian Medical Center, Dr. Cuomo went on to pursue a career in advanced shoulder reconstruction with research concentrated in the areas of fracture care, instability, and rotator cuff pathology. The first female orthopaedic surgeon to be elected to the American Shoulder and Elbow Surgeons, its first woman president, and the first woman ever to serve as president of any subspecialty society in the American Academy of Orthopaedic Surgeons, Frances Cuomo, MD, is a recipient of this year’s IBSES inaugural Distinguished Contribution Award at the ICSES 2026.",https://files.abstractsonline.com/assocphotos/2656/8fea2933-5b57-4c6b-8723-e93ccb884197.profile.jpg
16e1f3de-afba-4254-8298-e93ed54e85aa,Abderrahim,Rafaoui,,
7d858dba-6043-4442-b1c4-e953381421da,Andreas,Mueller,,
e3a62d2e-00dd-494e-926a-e96ac34db9ba,Necati,"Eravsar,",,
cb2c2f7c-3de0-45d1-ba5c-e99ce731e81a,Gregory,Bain,"Foundation Secretary of Global Elbow Network  (2024 -26)President of Shoulder and Elbow Society of Australia (2004 -06)Inarguable Chair of Elbow, wrist and Hand COmmitee, ISAKOS (2015 - 19)",
83e000b1-c818-4c91-bfc2-e9aad356d018,Nicola,Archetti Neto,,
b70b186d-7126-4e65-834a-e9afeb1f3bf0,Janos,Tomka,,
83533ea7-432d-42b7-81bc-e9b1bb76b8a0,Troy,Amen,,
98b68f5f-5567-46af-8a54-e9c98f962a66,Cathy,Winter,"Cathy Winter is the Founder and Principal of Winter Leadership LLC, an executive coaching and leadership advisory practice. She brings over 30 years of experience in executive coaching, assessment, and leadership/team development.",https://files.abstractsonline.com/assocphotos/2656/98b68f5f-5567-46af-8a54-e9c98f962a66.profile.jpg
54710266-460e-450c-a629-e9e212c1619f,Sharrieff,Shah,,
56009399-2f62-482b-a1c3-ea005211e5c8,Alonso,Gatica,,
19a7a1fb-f6f4-4728-9125-ea17fbc0bf30,George,Panagopoulos,,
30727e34-88ab-478d-9825-ea2c483d00cc,Juha,Paloneva,,
2e111227-5948-4092-b6e3-ea34b07c6cc4,Maarouf,Saad,,
a48ee551-a206-47a1-b1bc-ea3d8569d8de,Sergii,Poltaretski,,
b39a20c6-90f0-4367-9496-ea473946a952,Caio,Antonialli,,
0976be73-d09c-473a-ad32-ea4a9c94ae78,Pedro,Bezerra,,
9e89c075-9a47-43e0-b485-ea4c6945aa26,Taylor,Manes,,
ee59a01d-f480-4797-80e0-ea58d7c036e0,Ishii,Ryo,,
381eb509-708b-474d-9e4a-ea65c4b7aeff,Pedro,Godinho,,
41c27066-ce7b-4995-af58-ea7d31178723,Maarouf,Saad,,
bc388c15-977f-49d4-8340-ea89619563f4,Taechang,Hong,,
11159448-103f-48ec-8368-ea96f1ca1122,Mehmet,Kapicioglu,,
e0aa66ba-df27-45da-93cf-eac242aec197,Ananth,Srinivasan,,
6e599ccf-2b49-42b9-ac4c-eacc7afe46a6,Michael,Bullen,,
83d95eba-381a-4d99-8c90-ead1c1c76265,Michael,Lapner,,
90de23f8-7872-45ba-acd4-ead3cd27987a,Philipp,Kriechling,,
2d60ce66-f7ad-4866-a25a-eaf568479a92,Jeong Woo,Kim,,https://files.abstractsonline.com/assocphotos/2656/2d60ce66-f7ad-4866-a25a-eaf568479a92.profile.jpg
b70761b7-2675-4466-8f53-eb0d71ba52a4,Luis,Pires,"Sholuder and Elbow Surgeon since 2009Orthopedic consultant for the Generali/Tranquilidade Insurance company since 2009Orthopedic surgeon at the Shoulder and Elbow Unit of Hospital da Luz since 2009Director of the Orthopedics Unit at Hospital de Marinha from 2009 to 2012Director of the Shoulder Unit at Hospital Beatriz Ângelo since 2024Director of the Central Workplace Accident Unit at Torres Lisboa of Generali/Tranquilidade since 2025300 Shoulder and Elbow surgerys per year  ( Trauma, Arthroplasty and Artroscopic )",https://files.abstractsonline.com/assocphotos/2656/b70761b7-2675-4466-8f53-eb0d71ba52a4.profile.jpg
d297ab43-5416-458f-856a-eb47fe72afca,Lucas,Vieira,,
136bcf4f-0f80-4f73-8a4f-eb54bc28bde3,Arakua,Welbeck,,
a7ce132d-38b1-46ae-9064-eb5f43a95b5c,Joaquin,Sanchez-Sotelo,"Dr. Sanchez-Sotelo practices as Consultant in the Department of Orthopedic Surgery at Mayo Clinic. He is also appointed as Professor at Mayo College of Medicine. He serves as Division Chair of Shoulder and Elbow Surgery, and Medical Director for both Communications and Marketing as well as Artificial Intelligence for the Department of Orthopedic Surgery. He has been presented the Mayo Clinic Teacher of the Year Award on two separate occasions and has received other awards in the past, including the Mark B. Coventry, Melvin Post, MidAmerica Orthopedic Association, Knee Society, ISOLS 2019, ICSES 2019, AAOS Achievement’s Awards, Course Director for Best Mayo Clinic Course (2017 and 2021), Digital Educator of the Year at Mayo Clinic 2021, ASES Morrey Award in 2024 and 2025, and the Pauwels Medal in 2024. Dr. Joaquin Sanchez-Sotelo MD PhD was born in Madrid, Spain. He graduated as Medical Doctor from Universidad Autonoma de Madrid, and obtained the #1 position in the Spanish National Exam for Medical Graduates. Dr. Sanchez-Sotelo completed his Residency in Orthopedic Surgery at Hospital Universitario La Paz and his PhD Program at Universidad Autonoma de Madrid. He was then selected for a fellowship position at Mayo Clinic and completed a two-year program in adult reconstruction.Dr. Sanchez-Sotelo has published over 500 articles in the peer-reviewed literature in addition to over 50 book chapters. He is co-editor of the most widely read textbook on elbow surgery, “The Elbow and Its Disorders”. Dr. Sanchez-Sotelo has also published Mayo Clinic Principles of Shoulder Surgery. He is actively involved in the design of implants for joint replacement, shoulder sports medicine, and fracture fixation. Dr. Sanchez-Sotelo serves as course co-director for the Mayo Clinic Annual Elbow Course “Teach the teachers”, the AO of NorthAmerica Sports Course on Shoulder Tendon Transfers and Complex Rotator Cuff Tears, and the International Advanced Course on Elbow Surgery (IACES). He has presented his research in numerous occasions at national and international meetings.Dr. Sanchez-Sotelo is member of multiple professional societies. In the past, Dr. Sanchez-Sotelo served as Board Member at large for the American Shoulder and Elbow Surgeons (ASES), and he was also selected as the 41st  ASES President. Dr. Sanchez-Sotelo also serves as Associate Editor for the Journal of Shoulder and Elbow Surgery (JSES), and Deputy Editor for the Journal of Bone and Joint Surgery Am; he has served as associated editor for the Journal of Orthopedic Trauma (JOT). He was selected as Presidential Guest Speaker for the European Society of Shoulder and Elbow Surgery (SECEC), and Rockwood Lecturer for the 2023 International Congress of Shoulder and Elbow Surgery. Dr. Sanchez-Sotelo will also serve as Co-Chair for the 2026 International Congress of Shoulder and Elbow Surgery (ICSES).Dr. Sanchez-Sotelo has developed a special interest in complex reconstructive surgery of the shoulder and elbow joints, as well as in basic science research related to the genetic and molecular basis of orthopedic conditions, particularly joint stiffness, as well as the biomechanics of shoulder and elbow injuries and implants and the application of artificial intelligence to shoulder and elbow surgery. Other interest outside orthopedic surgery include music, cooking, ballroom dancing, travelling and reading.",https://files.abstractsonline.com/assocphotos/2656/a7ce132d-38b1-46ae-9064-eb5f43a95b5c.profile.jpg
7629683c-99cd-4297-b0b8-eb7e5e391a81,Madeline,Rieker,,
9d57f658-562e-40b5-aec4-eb9bad22c37b,Brett,Owens,,
5b999d6a-34d4-44b5-94d3-eb9df5962abe,Xavier,Ferrer,,
f72c9c74-9d49-483a-b252-ebb1a89e5291,Noboru,Taniguchi,,
7e727808-b6cc-4285-b6f4-ebb4635bb364,Pooyan,Abbasi,,
abbc02bf-99ef-414f-9e3e-ebbf3902277f,Lori,Lai,,
e02715ec-b0e3-4e06-abee-ebef27130bd4,Jay,Levin,,
397f5beb-4e31-47b0-8457-ebf4ddac8af2,Hayato,Ryoki,,
735eeb30-10ce-4597-b56f-ec41f99adce1,Jennifer,Eurich,,
80c1efcb-f53f-47b4-9521-ec443ecfd0db,Sang Yun,Oh,,
566bc756-41ee-4916-8864-ec49c75ccd59,Caio,Tabet,,
126c67ed-4692-4494-a6fd-ec62c7c455b1,Shorash,Kawa Shaheen,,
e3475f3a-6283-4eb1-a3f2-ec8a19769a5d,Aaron,Chamberlain,,
b3afd21d-d339-4917-863f-eca1f77d37cf,Kohei,Uekama,"Kohei Uekama, MD, is an orthopedic surgery resident and PhD candidate at Kagoshima University Graduate School of Medical and Dental Sciences, Japan. His research focuses on shoulder biomechanics, cuff tear arthropathy, and translational animal models investigating joint degeneration.",https://files.abstractsonline.com/assocphotos/2656/b3afd21d-d339-4917-863f-eca1f77d37cf.profile.jpeg
c867b8ed-d460-48b9-a01b-ecc314b3c880,Maria,Valencia Mora,Actual position: Shoulder and Elbow Surgery Unit in H. U. Fundación Jiménez Díaz Madrid (Spain) Chair of the Research and Development Committee of SECEC ( European Society of Shoulder and Elbow Surgery)Chair of the Education Committee of SECHC ( Spanish Society of Shoulder and Elbow Surgery)Associate Editor for JSES International ,https://files.abstractsonline.com/assocphotos/2656/c867b8ed-d460-48b9-a01b-ecc314b3c880.profile.png
4e2790fa-881b-48dd-9d24-ecc65e91dfdd,Stephen,Boyd,,
ad7e1a6c-7dad-4bca-8299-ed06592be487,Armen,Voskeridijan,,
ea54cf75-ed52-4915-8c54-ed09193be11e,Thomas,Stanila,,
d8346e40-85c9-4bf7-b580-ed099fd1c6b5,Nunzio,Lassandro,,
940a79c5-0684-476a-8403-ed0a4ca357b2,Jean-Gabriel,DELVAQUE,,
fa758c50-013f-4674-8027-ed1f624d3f09,Fenja,Frimark,,
f8b1f5ed-207d-4e74-9ef9-ed24a47da2f5,Christian,Schmidt II,,
92b1fb3f-bfcd-4ff7-b244-ed3a213dda4a,Elisabeth,Rimkus,,
a3befac0-a823-43a2-9d65-ed4513738443,Jocelyn,Wittstein,,
3413cd36-c33c-485b-a7a8-ed6063a0e9c4,Rafael,Lazarini,,
6d328de6-68d7-4eac-a553-ed6c0a6f41d9,Rory,Byrne,,
8052c905-7f38-42be-8329-ed6cc8adc4f3,Yunus Emre,Ozdemir,,
e1855626-6ebb-4078-8601-ed7a9ff38bf3,Alan,Kop,,
71e5c904-2b7f-40eb-9b0e-ed907ef9895e,Eric,Cohen,,
cfd53d87-30a3-499b-82cc-eda03b03b60c,Mohammad,Daher,,
528bd04d-d611-4215-a962-eda62559303d,Michael,Wolf-Vollenbröker,,
ba66c14d-6a43-4f68-9df8-eda73ad4d1d0,Anthony,Bull,,
0880b021-1279-4482-b4ad-edb9fc474fde,Peter ,Lapner,,https://files.abstractsonline.com/assocphotos/2656/0880b021-1279-4482-b4ad-edb9fc474fde.profile.jpg
87030ea2-e985-4138-b73a-edc25b33bc50,Hiroshi,Yasuda,Hiroshi Yasuda is a registered radiologic technologist at the Osaka Shoulder Center,
fd6b58b6-9774-4ff7-ab04-ede706a998df,Andrea,Zagarella,,
f5c6b3aa-82e5-4e57-a71b-edfd5da468d6,Rodrigo David,Callapina Sumaran,,
d99cecc0-c3d8-4074-9d7b-ee48de952e70,Nikola,Susic,,
33055ac8-de24-4a86-b404-ee6c2ef00a8f,Andrea,Chan,,
bd082ff3-c511-41c1-bb81-ee8c46130f82,Fenglong,Li,,
186a004b-401f-473d-85e0-eea5bb5c6464,Elsa,Diaw,,
4aec50c8-50e3-4f08-82f6-eed3b52caeb9,Andrea,Amura,,
c4a8f581-45ee-4479-bbc0-eed9ef20329a,Daniel,Epstein,,
0321d7ec-c92c-4991-82d0-ef08eecc4928,Cole,Morrissette,,
ba6182e5-66ea-4718-946d-ef0bd2ecafb5,James,Gregory,,
201f07f2-307a-42f0-8c30-ef1a3ea93ba8,Christian,Heinrichs,,
2d7aefd2-4538-4302-bf15-ef2506af7239,Abdelsalam,Eid,,https://files.abstractsonline.com/assocphotos/2656/2d7aefd2-4538-4302-bf15-ef2506af7239.profile.jpg
f10b0b85-69be-4384-870a-ef29d9743738,Connor,Donley,,
3a2b7d70-0c3a-480e-b115-ef484fd9d03c,Caroline,Nunes,,
da9bad8e-0710-4fca-b51b-ef50842af9dd,Seung-Ho Ben,Bae,,
05b01432-fa2b-4f54-aceb-ef600f5602ac,PABLO,CAÑETE,,
16e27ef1-28b3-4046-add4-efa4b61a4ded,Peter,MacDonald,,
697db3c8-ca73-4bae-9ba9-efaad872c0d7,Kutalmis,Albayrak,,
3e444c40-5547-4817-b9c7-efc19f92d7ad,Frank,Gohlke,"1973-1979 Study of Human Medicine at the University of WürzburgMilitary Service:1980-1981 German Air ForceThesis:15.12.1981 Department of Internal Medicine, University of Würzburg, Thesis: „Interactions between Saline uptake and autonomous nerve system in different forms of experimental hypertension“(magna cum laude)1983: Resident at the Department of Ortho¬paedics, University of Würzburg, König-Ludwig-Haus (Head: Prof. Dr. A. Rütt)1.10.1983 - 31.3.1984: Fellowship in Trauma Surgery in UKH Linz, Austria (Primarius Dr. R. Streli).1984 Resident at the Department of Ortho¬paedics, University of Würzburg, König-Ludwig-Haus  (Chairman: Prof. Dr. J. Eulert)1.1.1988 Senior Surgeon (Oberarzt) Department of Orthopaedics, König-Ludwig-Haus1.9.1988 Head of the Unit for Rheumatoid Surgery in the Department of Orthopaedics, University of Würzburg, König-Ludwig-Haus (KLH)1.4.1990 Head of the Clinic for Shoulder and Elbow Surgery in the KLH19.12.1994 PhD qualification at the University of Würzburg,Associate Professor for Orthopaedic SurgeryPostdoctoral Thesis: “Capsulo-ligamenteous protection of the glenohumeral joint and its surgical repair –an anatomical and biomechanical study.”2002 Clinical Professor of Orthopaedics of the University of Würzburg2010 Head of the Clinic for Shoulder&Elbow Surgery, Rhoen Clinic Bad Neustadt and member of the faculty of the University of Würzburg as Associate ProfessorInternational Scientific Societies•1989 Ordinary Member of the European Society for Shoulder and Elbow Surgery (SECEC); Research and Development Committee 1994-1998, National Delegate of  Germany  1996-2002, since 2004 Executive Committee and Treasurer of the Society,since 2013 President Elect and again EXCOM Member), 9/2014-9/2016 President of SECEC, Past President SECEC•2009 Corresponding member of ASES (American Shoulder & Elbow Society)•2020 Honorary membership of the Argentinian Shoulder SocietyNational Scientific Societies•Founding member of the DVSE (German Society for Shoulder and Elbow Surgery):First Congress President 1994, 1994-2006 Member of the Executive Committee and Vice-President, Honorary Member 2024•DGOU (German Society for Orthopaedic Surgery and Traumatology)Journals •Reviewer  “Journal of Shoulder and Elbow Surgery” (JSES) since 6/1994)•Regional European Editor JSES (since 1/2001)•European Co-Editor JSES (since 10/2004)•International Deputy Editor JSES (2009-2013)•Scientific Board and Co-Editor “Orthopade” (2006)Awards•1992 “Aesculap-Research Award” of the Research Society of German Orthopaedic Surgeons•1994 Didier-Patte-Price of SECEC (European Society for Surgery of the Shoulder and Elbow) in Barcelona•1995 Poster-Price of the International Society for Shoulder Surgery (ICSS) in Helsinki•1998 Poster-Price of DGOT (German Association for Orthopaedic Surgery)•2001 „Perthes-Award“ of DVSE (German Association for Surgery of the Shoulder and Elbow)•2002 „Arthur-Vick-Award“ of ARO (Association of Rheumatoid Surgery)•2009 Poster Award (Basic Science Session) DGOOC Annaual Meeting•2010 Poster Award for Basic science AGA-SFA, “Injektion von Stammzellen für die Therapie der fettig infiltrierten Rotatorenmanschette”•2013  VSOU Award in Baden-Baden: Die knöcherne Integration von Hemi-Resurfacing Implantaten der Schulter•2014 Poster prize AE Berlin, Bone integration in Hemi-Resurfacing Shoulder Prosthesis (""Oberflächenprothesen führen auch an der Schulter zu einem Stress-Shielding und Verlust von Knochensubstanz"")•2019 Neer Lecture: „The glenoid in shoulder arthroplasty – still the weak link?“, 14th. ICSES (International Congress for Shoulder and Elbow Surgery) Buenos Aires•2023 OBEX-Award of the DVSE for the most cited/ downloaded paper in 2022: “Revision of reverse shoulder arthroplasty – a point of no return”•2024 ICSES Congress in Rome, “Pioneer of Shoulder Surgery”",https://files.abstractsonline.com/assocphotos/2656/3e444c40-5547-4817-b9c7-efc19f92d7ad.profile.JPG
d379493a-aa00-4d01-a490-efc9174664c4,Alireza,Gholipour,,
36a30520-df8b-4548-9b5b-efcf87442ad4,David,Ensor,"David Ensor is a senior orthopaedic trainee on the Royal London Rotation, UK. He has an background in data science and machine learning and interest in upper limb surgery. ",
c077fa19-dbba-42ac-a531-efd12a0d7ff9,Subba,Shankar,,
68229baf-2da4-453c-a87f-efd7f99be526,Henrique,Schaffhausser,,
9b4406c9-a87c-40f9-aea9-efe773de2f9d,Ayako,Ogura,,
cc615343-761a-4514-95de-eff162dc5520,Michael,Ade-Conde,,
bf46a72a-3e7e-4071-9fc7-f018d41dce95,Valquiria,Quinelato,,
3f78eb1a-04c0-4c41-a9db-f01a9acaee71,Brandon,Portnoff,,
e16a571e-03ce-4ed3-b0c7-f0445497f546,Umar,Jawad,,
b4a1b792-17e8-4ea8-aaa7-f04cef9c8a39,Rajiv,Reddy,,
5a0d3531-852f-4f2b-bf04-f06188b41fef,Nicholas,Operti,,
b1ad3147-a6dc-46f8-814c-f06ec96af463,Rafael,Brigatto,,
b566073b-7109-4890-8c80-f07090ecc874,Juan,Ameztoy Gallego,,
4a8f1a15-d7c5-45d9-b95f-f07ce102ed49,Alyssa,Henriquez,,
459167a3-9287-4e45-8cc1-f082df690723,Matthew T.,Provencher,,
32a6f346-2a80-49f4-ab51-f093387633d0,Warren,Leigh,,
fffac8e9-a0f9-4339-a767-f0a335ef28b2,Jesus,Amaya,,
3909ba7a-b2d0-4f6b-9385-f0a707e6dc2f,Danielle,Wilbur,,
07eb880a-eed0-4c71-8e48-f0aa95727261,Samir,Kaveeshwar,,
4bf3ff9f-4703-43a9-8771-f0ac23aa46de,Deshaun,Holdipp,,
770a73ec-b148-4353-81e5-f0ac4869e93e,Lasun,Oladeji,,
89135cd5-5324-48e8-a270-f0d7250a1285,Ujash,Sheth,,
41bc7574-8153-4e2a-be40-f0e13d2faee3,Diane,Nam,"Diane Nam, MSc MD FRCSC, is Professor at the University of Toronto. She is an orthopaedic trauma surgeon at Sunnybrook Health Sciences Centre with subspecialty expertise in polytraumatic conditions of the upper limb and complex reconstruction. She is the Upper Extremity Trauma Fellowship Director and a clinician scientist at the Sunnybrook Research Institute investigating the molecular and cellular mechanisms in bone regeneration focusing on translational research.",https://files.abstractsonline.com/assocphotos/2656/41bc7574-8153-4e2a-be40-f0e13d2faee3.profile.jpeg
5b5ae5e8-fa0d-4bfd-b6cb-f0f2f289b73e,Antti,Launonen,,https://files.abstractsonline.com/assocphotos/2656/5b5ae5e8-fa0d-4bfd-b6cb-f0f2f289b73e.profile.jpg
9cd9b284-82b2-45e3-a928-f0f74f30bf78,Fabio,Matsunaga,,
08ac57ff-ed6b-4c7c-a884-f11ad9ccf597,John,Paulik,,
cd83ddc5-8cb4-4de0-a161-f141979a6a8b,Paul,Greenfield,,
b577fdb7-efe3-46fb-805a-f147664359b3,Gaayen Ravii,Sahgal,,
09d01b6c-8e33-47c9-991f-f14af5074ff0,Robert,Lucas,,
d6201399-8100-496b-b7f8-f15d125bd02d,James,Murray,,
4cdf00ce-e854-49f9-9be0-f16991f023a1,Felipe,Gonzalez,,
b2f074d5-cd56-4c58-ab2c-f17ba300718d,Houcine,Bagga,,
747bfd8a-59b9-4e37-a6eb-f199146c422c,Semih,Yaş,,
e8e548a7-b3b1-4dbe-8480-f19e7a7bf43e,Victor,Cardona-Perez,,
fe63e670-8238-4ab4-b51c-f1b50839612d,Alexander,Weber,,
3495f8e2-a5a9-4b38-b06e-f1b99f18ddbf,Stephen,LeBreton,,
ad7c0a54-e24c-49aa-a99a-f1bdd5734440,Jarod,Carol,,
3fc92cdc-bf3e-4073-ab64-f1d40d6057db,Larissa,Eckl,,
cccdc6d9-36ca-4677-9de6-f1da78d42827,Christian,Jørgensen,,
4cab621d-aac5-4351-bad7-f1e1dcd9ffc3,Aghdas,Movassaghi,,
b51ff245-775c-41d3-a491-f1e61bb53b26,Francisco,Jimenez-Villarejo,,
42d408a4-40dd-4b7d-b1c1-f1e8e1db64ce,Armand,Hatzidakis,,
6f2bdef5-b479-4b34-b538-f1f8bc470562,Heedong,Lee,,https://files.abstractsonline.com/assocphotos/2656/6f2bdef5-b479-4b34-b538-f1f8bc470562.profile.png
1a046ed3-3859-4ed2-9b0a-f1fa96e127dc,Jie,Ma,,
7a1e1ce0-53d7-4701-b0c0-f1fc3dd60d6e,Clay,Rahaman,,
e703009c-0724-4e93-9155-f204c9f0849c,Kyle,Obana,Columbia Orthopedic Surgery Resident,
baa38d99-c0a1-42bb-be3d-f222d3d7636a,Gabriel,Furey,,
b24ee551-2164-4216-a4dc-f228ff25a2f1,Hannah,Tetreault,,
fc595303-668f-4c3a-ab3d-f2327253fb55,Wame,Waggenspack Jr,,
11ecd8cb-d4ea-47a1-b9e4-f242bc7f1483,Travis,Falconer,,
3f993dc5-089c-4904-86cb-f24439364166,Samuel,Harmsen,,
7be63951-68f7-471c-b243-f25430ff9fd7,Patrick,St. Pierre,Shoulder surgeon specializing in rotator cuff repair and reverse shoulder arthroplasty,
e5c32839-9ccf-4391-aa28-f26c2d07a6aa,Neel,Bhardwaj,,
889c04dd-d099-4a23-b5ce-f27c13c8fe21,Michael,O'Brien,"Dr. Michael O’Brien is a Professor of Clinical Orthopaedics at Tulane University, and the Residency Program Director for the Tulane Orthopaedic Surgery Residency Program. He joined the Tulane Department of Orthopaedics in 2009, after completing his Orthopaedic Surgery residency at the University of Maryland in Baltimore, MD, and Shoulder & Elbow fellowship at the Rothman Institute at Thomas Jefferson University in Philadelphia, PA.He is an Active Member of the American Shoulder & Elbow Surgeons (ASES), the Arthroscopy Association of North America (AANA), the American Orthopaedic Society for Sports Medicine (AOSSM), and the Association of Clinical Elbow and Shoulder Surgeons (ACESS). He serves on the Board of Directors for AANA and the Southern Orthopaedic Association. He is a team physician for Tulane University athletics and Brother Martin high school in New Orleans. He treats all conditions in the shoulder and elbow. He lectures and teaches courses nationally and internationally and has published numerous articles on shoulder and elbow topics. He lives in New Orleans with his wife and two daughters.",https://files.abstractsonline.com/assocphotos/2656/889c04dd-d099-4a23-b5ce-f27c13c8fe21.profile.jpg
8e09a383-7aa9-4c35-a31e-f2831b2480b2,Ankur,Narain,,
3a495957-0472-4e9e-a549-f2837514a9e6,Harry,Beale,,
f618b059-bcdb-4bf2-9ea9-f2a071470402,Young Ki,Min,,
71e2139d-a1f3-4d52-b86a-f2a68aa969df,Adil,Shahzad Ahmed,,
96b35096-e68c-4c2e-8fc9-f2ba9b3afbea,Frank,Cordasco,Past President ASESChair Board of Trustees JSES,https://files.abstractsonline.com/assocphotos/2656/96b35096-e68c-4c2e-8fc9-f2ba9b3afbea.profile.jpg
0a1ad3cb-b405-4574-96ac-f2c2ae4b477f,Ankur,Khanna,,
4596e4db-c8ad-46e6-b006-f2edabc35363,Pascal,Boileau,,https://files.abstractsonline.com/assocphotos/2656/4596e4db-c8ad-46e6-b006-f2edabc35363.profile.jpg
8f33d513-c916-44ee-8bb0-f2f3c039a302,Yuji,Shibayama,,
3ab0039c-c338-4deb-8220-f2fb19c887f9,Pranav,Shejul,,
be489693-e85e-448a-b513-f312ac18834b,Manas,Gajjela,,
c085a822-772f-4754-8fa5-f3393ac757cb,Rudi,Moroder,,
de83b7fc-07bc-4cac-bf4d-f358548c8a14,Vidhur,Polam,,
f8735802-afc0-4398-91c0-f37b0980444b,Allie,Lam,,
ad74da14-0382-4cae-9817-f39b59b6d5f2,Ahmet,OKUTAN,,
ddc9d0c5-ceeb-4861-9f21-f39c6744ff18,Hunter,Stocker-Downing,,
50b437d2-5c51-4c22-869e-f3b71ea969a7,Erick,Marigi,,
4619aee5-9586-4459-af69-f3bb86130d89,Andrew,Barcenas,,
1c67e608-150e-4549-8da0-f3c623c69cb2,Carl,Cirino,,
7d178f76-d807-4e8a-9b8c-f3cda185d1c8,Patrick,Minski,,
b771a39f-5089-4b8f-ada4-f3d01ce2dafc,Freek,Hollman,,
c9d72bb1-41ec-4272-9754-f3ebcea937b7,Mustafa,Saffi,"I am a New Zealand Trained Orthopaedic Surgeon. I qualified in 2024. I have completed fellowships in Shoulder and Elbow Surgery in London Ontario at the Roth Mcfarlane Hand and Upper Limb Centre as well as at the Sydney Shoulder Research Institute. I currently practise in Auckland, New Zealand. ",
7d685d64-1dee-4573-bde7-f3fbeffa7d86,Bradely,Lauck,,
c398aab1-4980-41d8-ba1a-f40237af3e8f,Rachel,Schilkowsky,,
e6cef709-5d28-49f1-b6ba-f415ab67e083,Makena,Mbogori,,
becbe9b0-542b-4c82-982b-f41982740449,Jessica,Schmerler,,
cd17996f-8182-4347-b5b7-f429be86ab04,Michael,Deegan,,https://files.abstractsonline.com/assocphotos/2656/cd17996f-8182-4347-b5b7-f429be86ab04.profile.jpg
236da954-bd63-4d99-85fb-f42d51de6c17,Nicolas,Gerber,,
6adb259a-5e06-496c-81b7-f4428a5c9825,Hugo,Houdelette,,
8e236a2f-e4f1-4a81-a638-f44e2a949b5e,Emilio,Calvo,"Emilio Calvo is the Director of the Department of Orthopedic Surgery and Traumatology and Professor of Orthopedics at the Fundación Jimenez Diaz, a teaching hospital affiliated to the Autónoma University of Madrid (Spain). He is also the director of the Shoulder and Elbow Felloship Program. After terminating his residency, he completed a fellowship in Sports Medicine at Beth Israel Medical Center in New York. Currently, and since 1998, he is in charge of the Shoulder and Elbow Reconstructive Surgery Unit. During his tenure, new and innovated techniques have been introduced, like complex prosthetic procedures and arthroscopic Latarjet or arthroscopic treatment of proximal humeral malunions. In addition, a number of research projects in shoulder surgery have been initiated and developed. The main topics his research is focused to are shoulder instability, rotator cuff tear repair, shoulder arthroplasty, and reconstruction of complex proximal fractures and their complications. Numerous communications to national and international meetings have been presented, more than 40 books and book chapters, and more than 150 publications in peer-reviewed journals have been published. He has also been part of the faculty of prestigious shoulder meetings in Europe and America.Emilio Calvo is also an active member of national and international scientific societies, like the European Society for Surgery of the Shoulder and Elbow (ESSSE), the American Shoulder and Elbow Surgeons (ASES), the European Society for Sports, Knee and Arthroscopy (ESSKA), and the International Society of Arthroscopy, Knee Surgery and Orthopaedic Sports Medicine (ISAKOS). He has been President of the European Society for Surgery of the Shoulder and Elbow (ESSSE) and is currently the Past Deputy Chair of the Shoulder Committee of the International Society of Arthroscopy, Knee Surgery and Orthopaedic Sports Medicine (ISAKOS). He has been the President of the 22nd Meeting of the European Society for Surgery of the Shoulder and Elbow, and the President of the 2013 European Society for Surgery of the Shoulder and Elbow Closed Meeting hold in Madrid on September 2009 and 2013. ",https://files.abstractsonline.com/assocphotos/2656/8e236a2f-e4f1-4a81-a638-f44e2a949b5e.profile.jpeg
8e593333-0d4a-41b1-b59e-f4501740d46a,Gavin,Ward,"Gavin H. Ward received his Bachelor of Arts in Chemistry from Vanderbilt University in 2020 and earned his Doctor of Medicine degree with Distinction in Research from St. George’s University School of Medicine in 2026. He completed a one-year Orthopaedic Sports Medicine Research Fellowship at Mayo Clinic from 2024-2025 and is currently an Orthopaedic Spine Surgery Research Fellow at Emory University for 2026-2027. Since 2023, he has also conducted research on musculoskeletal injuries in astronauts in collaboration with  Space Medicine Operations, NASA Johnson Space Center.",https://files.abstractsonline.com/assocphotos/2656/8e593333-0d4a-41b1-b59e-f4501740d46a.profile.png
d3c10191-e7f8-425b-ac6d-f453a6a4a1e6,Kevin,Tetsworth,,
98bbaaf4-3d9f-4cb4-8c06-f455c26470e9,Adam,Mozes,,
0c47f4bf-3d5b-4765-b9e6-f4574cb141b3,Sean,Clark,,
38f07941-9cc7-4328-9225-f4680bc3b1f9,Fiona,Ashton,,
f1bc16f8-a37a-48d1-9a60-f4726863d4d6,Ciaran,McDonald,,
320bcac3-2be7-4a27-8a24-f47f475fcd91,Maristella Francesca,Saccomanno,"Maristella F. Saccomanno, MD, PhD currently works at the Sports Traumatology and Joint Surgery Unit, Fondazione Policlinico Universitario A. Gemelli IRCCS, Rome, Italy.Her clinical practice and research activities are mainly focused on shoulder, with a particular interest in arthroscopic and reconstructive procedures.She graduated with honors in Medicine and Surgery in 2008 from the Università Cattolica del Sacro Cuore in Rome, where she subsequently continued her postgraduate training. She completed her residency in Orthopaedics and Traumatology in 2014 and earned her PhD in 2017. Her training was primarily focused on sports traumatology, with a particular interest in knee and shoulder surgery, under the guidance of Prof. Giuseppe Milano.During the final year of her residency, she completed a research fellowship and clinical observership at Rush University Medical Center in Chicago, Illinois, where she had the opportunity to work alongside and observe Prof. Anthony Romeo, Nikhil N. Verma, Brian Cole, and Gregory Nicholson.In 2015, she was selected for the European Arthroscopy Fellowship (EAF).In 2022, she was selected for the ESSKA-AOSSM Travelling Fellowship. During the same year, she also had the opportunity to further develop her training in shoulder surgery with Dr. Philippe Collin, SECEC Past-President.In 2024, she was awarded the prestigious SECEC-ASES Travelling Fellowship, a highly selective international fellowship jointly promoted by the European Society for Surgery of the Shoulder and the Elbow (SECEC) and the American Shoulder and Elbow Surgeons (ASES), further strengthening her international experience and collaboration in the field of shoulder and elbow surgery.From December 2020 to April 2025, she worked at Spedali Civili di Brescia, where she combined clinical, research, and academic activities. In November 2024, she obtained the academic qualification of Associate Professor of Orthopaedics and Traumatology.She is actively involved in several national and international scientific societies, including the European Society for Surgery of the Shoulder and the Elbow (SECEC), the American Shoulder and Elbow Surgeons (ASES), the International Society of Arthroscopy, Knee Surgery and Orthopaedic Sports Medicine (ISAKOS), the European Society of Sports Traumatology, Knee Surgery and Arthroscopy (ESSKA), the European Shoulder Associates (ESA), the Italian Society of Knee Surgery, Arthroscopy, Sports Traumatology and Orthopaedic Technologies (SIAGASCOT), the Italian Society of Orthopaedics and Traumatology (SIOT), and the Italian Society of Shoulder and Elbow Surgery (SICSEG).Within her scientific society activities, she currently serves as Head of the Upper Limb Macroarea of SIAGASCOT and as Treasurer of the European Society for Surgery of the Shoulder and the Elbow (SECEC).",https://files.abstractsonline.com/assocphotos/2656/320bcac3-2be7-4a27-8a24-f47f475fcd91.profile.HEIC
b711a4fb-cd4e-4d79-a3f5-f49849185a48,Samy,Bouaicha,,
8a97b4f3-3374-4135-8901-f4a635951fa0,Christian,Tavera,,
051e7e5c-1654-4972-9521-f4ae16732548,Andrew,Duckworth,,
e2aaa08d-eb45-41f5-9dec-f4c1c0b4ffcc,Edward,Smitaman,,
99aedfba-f6ef-407e-9e84-f4c60549598a,Anastasia,Whitson,,
2d436473-1e30-474f-951d-f4d271bde18c,Christophe,Charoussset,,
a74f40fb-7b9a-4ecf-a28f-f4ded3ad2c61,Grace,Chen,,
5e440dd1-af9c-4051-b86f-f4e658e49589,Giuseppe,Bonsignore,,
6328324c-f850-45de-88ac-f4f7830b530d,Dean,Sotereanos,,
1f97b053-1ca3-44ca-b1cd-f50b217083ca,Sarthak,Chakravarty,Hi! I am a medical student at NSU KPCOM interested in pursuing Orthopedic surgery as a career. I am excited to present my groups research and am looking forward to some amazing discussions at the conference.,https://files.abstractsonline.com/assocphotos/2656/1f97b053-1ca3-44ca-b1cd-f50b217083ca.profile.jpeg
03f0d7c3-7c9a-4e23-ace5-f523e8e03383,Jorge,Vargas,,
0fd6b930-358f-416b-979c-f54df4070dc9,Gabriella,Ode,,
1f50b539-c58b-48d4-a68a-f55897f62618,Remi ,Ben-Davies,,
4948dbb0-4245-4f98-9d22-f56dcd70d083,Lorenzo,Menarbin,,
d328b6bd-4168-4d82-9482-f57ae1d04147,Laura,Moore,,
7c15f573-af0f-44cd-89d5-f584d4588f69,Jagwant,Singh,"Mr. Jagwant Singh is a fellowship-trained shoulder and elbow surgeon and holds clinical appointment at the Lewisham and Greenwich NHS Trust, London UK . Alongside his clinical practice, he is actively involved in medical education and clinical research, serving as an honorary nenior lecturer at King’s College London.Jagwant contributes to the development of surgical standards and education through his work with the European Society for Surgery of the Shoulder and the Elbow (SECEC). He is an elected member of the SECEC Executive Council, Chair of the SECEC Healthcare Delivery Committee, and serves as an examiner for the SECEC European Board Exams. He is also an elected member of the American Shoulder and Elbow Surgeons (ASES).His  academic contributions have been recognized with the John Charnley Gold Medal, Freeman Prize and the British Shoulder and Elbow Society (BESS) North American Travelling Fellowship.",https://files.abstractsonline.com/assocphotos/2656/7c15f573-af0f-44cd-89d5-f584d4588f69.profile.jpg
c8ddf9e2-63c3-468c-b05b-f5871055822b,Frederick,Matsen III,"Frederick MatsenProfessor, Orthopaedics and Sports Medicine, University of Washington02/05/1944INSTITUTION /CITY/STATEDEGREE(S)YEAR(S)FIELD(S) OF STUDYUniversity of Texas, Austin, TexasBA1964ChemistryBaylor University  College of Medicine, Houston TexasMD1968MedicineJohns Hopkins, Baltimore, MarylandInternship1969SurgeryUniversity of Washington, Seattle, WashingtonResidency1974OrthopaedicsI have been on faculty here at the University of Washington Department of Orthopaedics since 1974. I started the Shoulder and Elbow Service and the Shoulder and Elbow Fellowship, both of which are thriving today. I was a founding member and past president of the American Shoulder and Elbow Surgeons. I am the holder of the Douglas T. Harryman Endowed chair for shoulder research.  My particular interest has been and remains shoulder arthroplasty. My 25 most recent publications are listed belowChecketts, J. X., et al. (2026). ""Does postoperative glenoid component retroversion following anatomic total shoulder arthroplasty affect clinical outcomes? A systematic review and meta-analysis."" J Shoulder Elbow Surg 35(4): 1103-1116.Collins, A., et al. (2025). ""Are high cutibacterium bacterial loads at the time of revision shoulder arthroplasty associated with more severe clinical signs or symptoms or increased risk of recurrent periprosthetic joint infection?"" Int Orthop 49(3): 705-711.Collins, A. P., et al. (2025). ""Factors associated with higher inpatient hospitalization costs and improvements in shoulder-specific patient-reported outcomes following revision shoulder arthroplasty."" Shoulder Elbow: 17585732251404026.Collins, A. P., et al. (2025). ""Does Cutibacterium skin load impact the outcomes of primary shoulder arthroplasty?"" J Shoulder Elbow Surg 34(9): 2138-2145.Collins, A. P., et al. (2026). ""Which shoulder functions correlate with patient satisfaction after primary shoulder arthroplasty?"" J Shoulder Elbow Surg 35(1): 19-27.Collins, A. P., et al. (2025). ""Is glenoid medialization after hemiarthroplasty with concentric glenoid reaming associated with the presence of Cutibacterium at revision surgery?"" Int Orthop 49(12): 2859-2866.Collins, A. P., et al. (2026). ""Characterizing glenoid wear after hemiarthroplasty with concentric glenoid reaming: a study of 113 arthroplasties at a mean of 6.7 years of follow-up."" J Shoulder Elbow Surg 35(4): 995-100Crutcher, W. L., et al. (2024). ""Does adding hydrogen peroxide to chlorhexidine gluconate increase the effectiveness of skin preparation in reducing cutaneous Cutibacterium levels? A randomized controlled trial."" J Shoulder Elbow Surg 33(9): 1905-1908.Crutcher, W. L., et al. (2025). ""An accelerated deep learning model can accurately identify clinically important humeral and scapular landmarks on plain radiographs obtained before and after anatomic arthroplasty."" Int Orthop 49(2): 455-460.Hachadorian, M., et al. (2025). ""Assessing glenoid orientation on the axillary view: a novel technique using the posterolateral acromion-to-coracoid line."" Int Orthop 49(11): 2661-2670.Hsu, J. E., et al. (2024). ""2023 Neer Award for Basic Science: Genetics of Cutibacterium acnes in revision shoulder arthroplasty: a large-scale bacterial whole-genome sequencing study."" J Shoulder Elbow Surg 33(11): 2400-2410.Levins, J. G., et al. (2024). ""Anatomic shoulder arthroplasty: the correlation between patient resilience, mental health, and outcome."" J Shoulder Elbow Surg 33(6S): S9-S15.Matsen Iii, F. (2025). ""Avoiding overstuffing: the kinematic total shoulder arthroplasty."" Int Orthop 49(12): 2845-2849.Menendez, M. E., et al. (2026). ""Surgeon variation in the use of pre-operative imaging, 3D-based planning, and enabling technologies in shoulder arthroplasty."" J Shoulder Elb Arthroplast 10(1-2): 100009.Menendez, M. E., et al. (2026). ""Clinical Faceoff: What Is the Role of Robotics in Reverse Shoulder Arthroplasty?"" Clin Orthop Relat Res 484(4): 646-650.Menendez, M. E., et al. (2026). ""Modeling surgeon belief updating under bias: a Bayesian simulation in shoulder arthroplasty."" JSES Int 10(1): 101399.Menendez, M. E., et al. (2026). ""Is robotic-assisted reverse shoulder arthroplasty economically justified? A break-even analysis."" J Shoulder Elbow Surg.Mills, Z. D., et al. (2024). ""Anatomic Total Shoulder: Predictors of Excellent Outcomes at Five Years after Arthroplasty."" Int Orthop 48(5): 1277-1283.Quinlan, N. J., et al. (2025). ""Do we need to reconsider how we gauge success after anatomic total shoulder arthroplasty? A study of thresholds optimized for patient satisfaction using the Simple Shoulder Test."" J Shoulder Elbow Surg 34(8): e694-e701.Sharareh, B., et al. (2024). ""Minimum 10-year follow-up of anatomic total shoulder arthroplasty and ream-and-run arthroplasty for primary glenohumeral osteoarthritis."" J Shoulder Elbow Surg 33(6): 1276-1284.Sheth, M., et al. (2026). ""How much does radiographic projection affect the measurement of glenoid inclination?"" Int Orthop 50(3): 619-624.Sheth, M. M., et al. (2025). ""What is the clinical importance of radiographic changes around the humeral component in anatomic shoulder arthroplasty? A minimum 4-year follow-up study."" J Shoulder Elbow Surg 34(8): 1877-1885.Sheth, M. M., et al. (2025). ""Can computer vision / artificial intelligence locate key reference points and make clinically relevant measurements on axillary radiographs?"" Int Orthop 49(1): 135-141.Sheth, M. M., et al. (2025). ""Anatomic total shoulder arthroplasty for posteriorly eccentric and concentric osteoarthritis: a comparison at a minimum 5-year follow-up."" J Shoulder Elbow Surg 34(2): 473-483.Sheth, M. M., et al. (2025). ""Baseplate version in reverse shoulder arthroplasty: does excessive retroversion or anteversion affect functional activities of daily living?"" Int Orthop 49(5): 1119-1125.",https://files.abstractsonline.com/assocphotos/2656/c8ddf9e2-63c3-468c-b05b-f5871055822b.profile.jpg
c0cc9333-6488-4a63-b39e-f59969be297f,Ashma,Krishan,,
fafd2d35-83f9-477a-9e4c-f59c683bd18f,Okihiro,Onishi,,
57b4ec9c-8593-4f8f-b801-f59ece576e9c,Zaid,Hamoodi,,
002db24a-ceb3-49b4-a6fb-f5c9d911b0ee,VERONICA,GARCI CALVO,,
b56764e1-676a-4112-b172-f5d3ddb6e254,Andrew,McCaskie,,
feaf0aac-4768-4562-aa39-f5dcc92d4e84,Jun-Hyuk,Lim,,
d24ebc2c-9f4a-47ea-a0a5-f5e286a90c8d,Hassan,Farooq,,
6118752c-740d-4819-a7f2-f5ec5304a82e,Matthew,Eisenberg,,
15403871-bb61-4146-af32-f5f0ef3bf6e3,Jacob,LaMonaca,,
8f80b8f5-dfff-49a3-af00-f5f3ae118180,Girardi,Dino,,
8a7c7af4-3eae-4f04-9ffa-f5f6caea79dd,Kai,Thomas,,
b77d5766-d6ab-42c8-91f1-f6063e589e3c,Luis,Suarez,,
ded6f9de-9b95-4753-a92a-f61d64d889ff,Allyson,Pfeil,,
1a40972b-415b-4dd7-8632-f6200204fa5b,Maggie,Coats-Thomas,,
72b7b464-a807-4e65-933c-f657c6111a8e,Masahiko,Ikeuchi,,
8e3cf91e-9a3c-48e6-9c21-f65dd6abb3a2,Dan,Zhang,,
4747e0f6-7e7c-470c-9772-f675851e2721,Fernando,Andrade-Silva,,
88e6285c-be5a-4885-8f31-f67cfae1db2c,Omar,Mostafa,Trauma and Orthopaedic Resident,
a5429397-6377-4f03-a6ae-f6845a22bad3,Gabriel,Gonçalves,,
1520d02e-e5b0-4f89-80e7-f68995c20416,Habib,Syed,,
bf36171e-bc5a-4f8b-bf2f-f69200e1ef53,Joshua,Yazditabar,,
a62a6696-4db6-4763-b12f-f694a9f817dd,Betlem,Fargues,,
262c6a16-521e-4746-a624-f69cd4ad77b8,Michael Giacinto,Young,,
9a0be687-89f5-47a4-b311-f6a30b55d876,Robert,Hotchkiss,,
186ef83f-813c-44ae-8a99-f6aae48a5da5,Madu N. Soares,Filho,,
b0cbe1ac-268d-4bc0-8442-f6d04a5f072b,Mohammed,Jomaa,,
2d2d31cc-f306-429d-8ffe-f71147d23e05,Katsunori,Inagaki,,
3fcee133-8420-47a3-8391-f72bba3dc608,Mara,Warnhoff,,
ad57e9ee-4ac8-405f-842d-f754c5709d94,Masahide,Fujita,,
bfc1fa7b-21e0-4a45-a6c5-f75aed5a712d,Joohee,Choi,,
5d61bb3a-b533-45d0-812e-f75fa129f592,Evan,Hasson,,
719af22b-eaa5-4e3d-adde-f77b604ac105,Derek,van Deurzen,,
97a86ae2-721c-49d0-aaec-f7862635d285,Shavinthi,Wadanamby,,
04aa8840-bf9c-4aa3-959f-f7985420945f,Alexandra,Oswald,,
9f60cd48-9c43-44be-b52f-f79e336d09ac,Shamtej,Singh Rana,,
75fe8c52-1ec1-482f-92ea-f7a10b7d4c9f,Doohyung,Lee,,
6fa6c65e-9e5a-411b-93f1-f7b0de2d4557,Woojin,Yu,,
af9b5731-c57a-40a7-8623-f7b75e8a0c8d,Bobby,Yow,,
ec4b0d38-12d6-441c-83be-f7fb90e98558,Sarav,Shah,"Dr. Shah is a double board-certified Orthopaedic Surgeon who has led in many capacities at New England Baptist Hospital in Boston, MA USA. He currently serves as chief of the division of Sports Medicine and Program director of the NEBH Sports Medicine Fellowship. He has helped strengthen its position as a premier fellowship in the field. Additionally, he assisted in forming the ASES accredited Shoulder/Elbow fellowship for which he also serves as co-fellowship director. In his time at NEBH, he has helped the service to make advancements in multidisciplinary clinical care, research and innovation, education, and medical staff development.Dr. Shah graduated from Drexel University College of Medicine in Philadelphia, PA USA. He completed his orthopedic surgery residency at Hofstra Northwell School of Medicine in New Hyde Park, NY USA. He completed his orthopedic sports medicine fellowship at New England Baptist Hospital, and a second fellowship in shoulder/elbow arthroscopic and reconstructive surgery at Hospital for Special Surgery in New York, NY USA.A recipient of multiple national honors for excellence in research and teaching, Dr. Shah has authored more than 50 scientific peer-reviewed publications, chapters, review articles and books and has received numerous research and educational grants. He also serves on the editorial board for one of the top sports medicine journals while holding leadership roles at the national sports medicine society level. Dr. Shah’s goals include researching novel surgical techniques, exploring racial disparities and how they relate to surgical outcomes, and levering relationships with professional and college athletes to build a sports program that can impact entire communities.",https://files.abstractsonline.com/assocphotos/2656/ec4b0d38-12d6-441c-83be-f7fb90e98558.profile.jpg
9333d94c-72e6-426d-be33-f802c402dd1b,Min-Shik,Chung,,
d78a9dc6-1e0e-47b8-997b-f815d3e94760,Joseph,Tanenbaum,,
c57f27df-d2fb-48d2-8860-f8168888b64c,Alessandro,Marinelli,,
68c733a8-85dd-40e8-91c3-f828c5c81fae,Barros,Alejandro,,
61a846e6-4eb8-4852-9e1a-f83881c82510,Josh,Taylor,,
f9b2d5c2-8ce7-4c01-b61f-f867f4894fa3,Yoshiyasu,Uchiyama,,
94e0c301-d61b-495d-92a9-f88a92f4d424,Pablo,Vargas,,
8c2c8f89-3dd9-48d7-a5ae-f897020d10aa,Giacomo,Delle Rose,,
c381c481-dbd2-4318-80bb-f8b4f285d189,Benajamin,Levy,,
5fc5a8ae-5ca3-457d-9c93-f8b966ebca2b,MASAO,NISHIWAKI,,
6f3dac46-357e-42d1-a78a-f8bf5a9b91f6,Adam,Alessio,,
4f406957-69dd-4c82-9366-f8dc3151f3aa,Arthur,Perry,,
35cef3d8-8d57-4ab8-b6e3-f8dd25500eb8,Juliet,Rowe,,
1cb46870-84a3-4994-b43f-f8ed3ef895a6,Reyhan,Meetheen,,
97eeb895-6047-4517-8159-f8eea294a3f7,Melissa,Wright,"Dr. Melissa A. Wright is a shoulder and elbow surgeon at Atrium Health Wake Forest Baptist Hospital and an Associate Professor of orthopedic surgery at Wake Forest University School of Medicine. She obtained her medical degree from Washington University in St. Louis and then also completed her orthopedic surgery residency at Washington University in St. Louis. Following residency, she completed a fellowship in shoulder and elbow surgery at MedStar Union Memorial Hospital in Baltimore, Maryland. Dr. Wright is an associate member of the American Shoulder and Elbow Surgeons and serves as an associate editor for the Journal of Shoulder and Elbow Surgery. ",https://files.abstractsonline.com/assocphotos/2656/97eeb895-6047-4517-8159-f8eea294a3f7.profile.jpg
ef53ba65-bc5a-43fe-9e50-f8f966b5edef,Neil ,Thomas,,
fa4908f3-9380-4fd1-9d2c-f90a6574c4f7,Autreen,Golzar,,
adf8e03c-8a09-411e-9bee-f923dc5f4ffa,James,MacLeod,,
17192bc6-9b37-4c08-9f21-f941bb234e35,Mònica,Salomó-Domènech,,
6ccad728-80ce-4d42-99bb-f949ee630534,Moon Sup,LIM,,
59a6f333-8855-429a-a2f0-f97202b8a649,Ian,Hutchinson,,
f1c91b16-9d36-4edc-bc91-f98c7dbf22c7,Laurent,Audigé,,
aaa993b3-273c-4306-933b-f9a1e885729e,Mehmet,Chodza,,
432d66e6-fdfd-42bb-aad8-f9a95e603bd9,Joshua,Wiener,,
2a782f57-d9a9-4a4f-8a5c-f9aac73774f1,Felix,Düppers,,
6e4b6900-a6e0-4888-a017-f9c4041dc220,Nishat,Labiba,,
ae824587-978a-428b-b01a-f9d8f255528e,Theodore,Dowd,,
ec6d9061-48da-495a-94f9-f9f6b74310aa,Darren,Young Shing,,
6dc59a9f-19b8-4367-8842-fa0d64943606,Gregory,Spangenberg,,
4cb3e2d5-0dce-41f9-8ab9-fa12ab3c70c8,Anneluuk,Lindenhovius,,
a0467359-4c4f-4025-9313-fa14b0f204e0,Zachary,Blashinsky,,
c719c6cf-5dd6-4edf-85b1-fa28571e6924,Christopher,Dussik,,
63bf5f52-9780-4a0f-8845-fa324e37837f,Aida,Chubbs,,
8343bd6c-01df-4073-9509-fa32e04852b1,Jeroen,Grigioni,,
b3773193-8344-4fe5-95a7-fa4196cd03ed,Diego,Ubilla,,
37affb62-0f87-427a-9fdf-fa4d9fe3ef7d,Siddhant,Thakur,,
16dbe065-ae1a-4c38-bdbb-fa64a77b7334,Austin,Smith,,
6f86d66c-64e8-4af1-ad34-fa87cc5f6dd7,Raghavendraswami,Thete,,
8105d655-4109-4b47-a786-fa91bd46dea9,Anna,Williams,,
87f2d0a2-4c46-4ae3-a8ea-fa9906bc83dc,Eiko,Hashimoto,,
48a95b56-8dd2-4cac-9bf0-fa991a25cc08,Alexander,Acuña,,
dd19e796-2268-4645-bfd5-faa1de928e81,Ulrich,Hansen,,
95026325-2dbd-4682-9e77-faaafec1196f,Kenji,Kanazawa,,
6c3ec9ad-6c64-41af-8876-fac558743228,Zilleruelo,Nicolás,,
a2a5c58b-f764-464f-af3b-faec7e517ed4,Joseph,Torkieh,,
928fba73-6c55-4d67-b615-faeca2628a8b,olivier,rosello,,
e9bdc0f2-27a5-4055-a64d-faefa0daef43,Ion-Andrei,Popescu,,
beb2b5b2-3889-4212-a8a7-faf29c6b6951,victor,mas,,
ea4ae19e-c610-4dc0-b735-fb10b260b916,Osman,Satir,,
682ccf97-3ccc-45dd-ac47-fb3ae51a7757,Shoib ,Mahmood,,
f3a99ed6-bd81-42dd-8f6b-fb48c0a4b250,Márcio,Schiefer,Adjunct Professor of Orthopedics at Federal University of Rio de Janeiro. Shoulder Surgeon at Brazilian National Institute of Trauma and Orthopedics. ,https://files.abstractsonline.com/assocphotos/2656/f3a99ed6-bd81-42dd-8f6b-fb48c0a4b250.profile.jpeg
365aba37-99b5-4b71-b4b3-fb4fd3e0acf0,Erica,Lante,,
7e2da69d-2eb1-4758-92d0-fb6c78b322f6,Xiomara,Ortiz,,
862e2c20-164b-4422-af8d-fb73da5129d8,Lawrence,Vanderham,,
137fc93b-82a4-4d58-8ddb-fb813d2fac76,Jenna,Somberg,"I am a second-year medical student at Loyola University Chicago Stritch School of Medicine, where I am part of the MD/MPH dual-degree program, pursuing a Master of Public Health in Epidemiology in addition to a Doctor of Medicine. I attended the University of Washington in Seattle, where I earned a Bachelor of Science in Biology in 2023. Before medical school, I worked as a research scientist at the University of Washington, where I studied neurodegenerative diseases in the departments of Medical Genetics and Neuropathology. My academic interests include orthopedic surgery, patient outcomes, sports medicine, and public health. I am currently involved in orthopedic research at Loyola and Hines VA, as well as community engagement programs and public health research. ",https://files.abstractsonline.com/assocphotos/2656/137fc93b-82a4-4d58-8ddb-fb813d2fac76.profile.JPEG
fcb7ab80-812c-43eb-99d1-fb81503da214,Pedro,Beredjiklian,,
07ccf16a-f1e4-4fe7-aa10-fb95ede1371f,Yoshifumi,Kudo,,
07ab7973-918f-485e-a56e-fb96e90e522e,Ahmad,Nassar,,
eaecd63a-6e46-424e-bebd-fbbdcaabff9f,Nafisa,Zilani,,
d98ff28a-a5c4-4424-b7c1-fbcb2366d22c,Hyun Gon,Kim,,
0ae4098f-4fc4-40ac-a7f5-fbe09339302d,Allison,Rao,,
b65f1078-f6d5-474b-bba4-fbf0d7aa9fb9,Oke,Anakwenze,,
29b0c63a-d33e-45f2-9e75-fbfe79ccae1c,Silvia,Soule,,
481a00f9-dfc9-41f2-a62d-fc018ddecab3,James,Johnson,,
e22210b0-d582-4e33-862b-fc01ecacf65c,Stephen,Bale,,
fdd291e7-e0d2-4eaa-8a08-fc100cf656e0,Mara,Warnhoff,,
bff3cd13-55ab-4505-8844-fc242c1e4e13,Alison,Toth,,
15e3d5b1-71f9-4de4-a537-fc294778d3c9,Jessica,Hanley,,
9ac64b8b-3600-42d8-bba6-fc3edbbd5709,Asma,Mechakra,,
815f3d37-5fa5-470a-8ae9-fc428710cc53,Asimina,Lazaridou,,
d2c318c8-cf3e-4fa2-9d71-fc4bf6807e5d,Emily,Jimenez,,
d26debe8-f71f-46d3-97a9-fc4d7f5cd85b,Brenton,Douglass,,
a3c3afd9-3ac7-4dc0-9327-fc5b5c22633a,Noriyuki,Kida,,
aea0713d-2108-441f-89fa-fc5f36fce3aa,Tyra,Kimbler,,
aaa1dd69-0cb7-4d0a-937b-fc605f5153c0,Tristan,Elias,,
e0673151-2ae2-4aef-992e-fc61390da1d4,Jun Woo,Park,,
849bb0d2-e15a-48e8-ad7f-fc7a2d8e58bc,Khalid,Alkhelaifi,,
8cbed809-926a-405c-aead-fc7f4d93d0b3,Antonio,Barlange,,
3d074033-46c9-4926-b31e-fc82dfb0aba5,Treeza,Antony,,
1a9e0b28-b418-43f2-8ebf-fc88d63cd85c,Felipe,Toro,,
085e9012-6697-4a09-bcc9-fc98712c76c3,Christoph,Schulz,,
3d26cd21-202f-4aeb-8483-fc9aaf0cc1ec,Cathy,Shemo,,
3209f543-607b-42dd-88fa-fca50b0fb56c,David,Gamble,,
227143c4-d9d6-4c6d-aa88-fcb9284ea4a7,chi hoon,jun,,
50dd1f63-94b4-492a-953e-fcc0d855e291,William,Yang,,
47958edd-7d8c-4184-91a8-fcd0026ff128,Sabri Baran,Başaran,,
2441635f-4d7f-46b5-95a9-fd0ca410ca88,C. Lowry,Barnes,,
bee466cc-6bd0-4091-8c65-fd0e5ac6fc3a,Joern,Steinbeck,,
e8dda53e-cee9-406c-b4ed-fd132dde864b,Alex,Malone,,
c44525a6-b133-4333-8266-fd158ea46fc0,Gaura,Saini,,
a0c45fbc-e4d6-42f3-9048-fd18ba18372c,Michael,Osmun,,
c4ceb0df-6a04-48a5-be48-fd21ffc1da65,Dan,McMahon,,
3e8eb288-0bc1-44f2-9ab1-fd338de1d0e6,murat,birinci,,
bfb2bcfc-fbb9-4e96-b3bb-fd45a8834406,Joshua,Scheiderer,,
d2bc2728-4d46-4bd1-9ab8-fd578c326d69,Evan,O'Donnell,,
280530d3-dfd5-4890-9449-fd62ad82a9da,Dan,Maunder,,
605f35ba-89c6-4f8b-9017-fd753de13814,Fernando,Santana,"Dr. Fernando Santana is an orthopaedic surgeon specializing in shoulder and elbow surgery in Barcelona, Spain. He has been a member of the Shoulder and Elbow Unit at Hospital del Mar since 2009 and also practices at Move Trauma and Move Traumatología in Barcelona.He received his MD from the University of Málaga, completed his residency in Orthopaedic Surgery and Traumatology at Institut Universitari Dexeus in Barcelona, and obtained his PhD from the Universitat Autònoma de Barcelona.His clinical practice focuses on arthroscopic and open surgery for complex shoulder and elbow conditions, with particular interests in shoulder arthroplasty, rotator cuff disorders, instability, and proximal humeral fractures. His research focuses on clinical outcomes, evidence-based treatment, and innovation in shoulder surgery.Dr. Santana has authored more than 30 peer-reviewed scientific publications and has been an examiner for the European Board of Orthopaedics and Traumatology (EBOT) since 2016. He served as President of the Spanish Shoulder and Elbow Society (SECHC) from 2024 to 2026 and is actively involved in international education, research, and scientific meetings in shoulder and elbow surgery.",https://files.abstractsonline.com/assocphotos/2656/605f35ba-89c6-4f8b-9017-fd753de13814.profile.jpeg
723441c8-34f1-45b0-ba08-fd8786f8ca16,Jeffrey,Pike,"Dr. Jeffrey Pike is an orthopaedic surgeon with subspecialty training in wrist, elbow, and shoulder surgery- adult and pediatric. He is a Clinical Professor in the Department of Orthopaedics at the University of British Columbia, and on active medical staff at St. Paul’s Hospital and BC Children's Hospital.Dr. Pike completed both his medical degree and orthopedic surgery residency at the University of British Columbia.   He subsequently completed a Master of Public Health degree at Harvard University and two clinical fellowships in upper extremity surgery at the Hand and Upper Limb Center in London, Ontario and Washington University in St. Louis.  Most recently he completed an MBA in Health Care and Life Sciences at the Rotman School, University of Toronto.",https://files.abstractsonline.com/assocphotos/2656/723441c8-34f1-45b0-ba08-fd8786f8ca16.profile.jpg
1a7e497b-ff87-4cce-83e0-fd93837ee341,SANG DON,SHIM,,
4d77a577-9537-49bf-9b25-fdbaa29b0959,Asma,Salhi,,
e54d2612-efe2-4151-b41d-fdc081f02b19,Teppo,Jarvinen,,
b18ea8d1-cccd-46d8-959a-fdc23f6d3be2,Savannah,Lee,,
41b1de9e-6c33-4831-93d6-fdc34c0b3b0b,Robert,Hotchkiss,,
e49c674d-b6b9-4c91-a881-fdc6d96572c0,Andreas,Seekamp,,
76da1269-d14b-486e-bbff-fdc83ba10cbf,Joey,Pipicelli,"Joey Pipicelli is a Hand Therapist at the Roth | McFarlane Hand and Upper Limb Centre in London, Ontario, Canada. He is the Coordinator of the Chinchalkar Hand Therapy Fellowship, a lecturer at Western University, and the current President of the Canadian Society of Hand Therapists. Joey is dedicated to advancing hand therapy through clinical practice, education, mentorship, and interdisciplinary training of future healthcare professionals.",https://files.abstractsonline.com/assocphotos/2656/76da1269-d14b-486e-bbff-fdc83ba10cbf.profile.jpeg
35c5cd67-f571-44ae-a74c-fddbfdc57fb4,Ronald Man Yeung,Wong,,
527ae069-d765-4e34-8ad5-fdfe787c1cc8,Alessandro,Bensa,,
63e716da-66be-4b8a-b56b-fe095d19df5e,Juan,Cosme-Labarthe,,
b94d0825-7b4d-4aa7-b8fd-fe128f4c39b3,Bjorn,Salomonsson,,
a51df35c-28d4-4ca6-b87a-fe2c688052fc,Jennifer,Jezequel,,
7ab039ef-d99a-486d-96e6-fe3eed513026,Jair,Dias Jr,,
a06201db-2668-4d10-8219-fe5842cb0b13,Philipp,Moroder,,https://files.abstractsonline.com/assocphotos/2656/a06201db-2668-4d10-8219-fe5842cb0b13.profile.jpg
1294bae0-143f-4a65-9396-fe75fb765dd9,Nilo,Carbone,,
04c76229-a540-4f1e-9a20-fe8038e7c3be,J. Alex,Albright,,
256a412f-7d49-47df-b472-feb55313b951,Leonardo,Cavinatto,,
480a9433-a77d-4c0a-bf82-febb9fe4759b,Joshua,Polster,,
f4ab484e-9f24-44b6-9750-fec735eefc80,mirko,Blättler,,
bbf1299b-0a5a-4c78-9244-fecc6b7bb83d,Julie,Bishop,"Dr. Bishop is currently a full professor and chief of the division of shoulder surgery in the department of orthopaedics, at The Ohio State University Wexner Medical Center.  She is the academic vice chair of the department of orthopaedics as well as the vice chair for finance and compensation.  She is also the director of Clinical Operations at the Jameson Crane Sports Medicine Institute.  Dr Bishop attended Cornell University for undergraduate training and then Cornell University Medical College, graduating with her medical degree and honors in research.  She completed her internship and residency at George Washington University.   Dr. Bishop went on to do fellowships at both Mount Sinai Medical Center (shoulder surgery) and the University of Pittsburgh (visiting sports medicine fellowship).  She is a member of the MOON shoulder consortium and active in many multicenter research trials as well.  She is an active member of AOSSM, AOA, AAOS, and is the 2nd VP of MAOA and currently serves on the executive committee of ASES as the secretary/treasurer.  ",https://files.abstractsonline.com/assocphotos/2656/bbf1299b-0a5a-4c78-9244-fecc6b7bb83d.profile.jpg
b6966c8a-24cc-4b3b-90a3-fed824c63a04,Conor,McCarthy,,
c1443108-872c-4a10-8061-fedd2b2ec4d0,Abigail,Bass,,
3788e14d-6836-4d2b-919d-feead0ea55aa,Cameron,Vauclin,,
8ea4bb53-7729-41f0-86f0-feebcde38b7c,Yusuke,Kobayashi,,
27063faf-076c-40f7-9895-fef0a9978b8e,Claudio,Calvo,,
6b5ebd75-c944-4108-808f-ff29d993325e,Robert,Henke,,
6a3249e7-d6e5-4c8e-a7e3-ff2ed108caf9,Joan,Miquel,,https://files.abstractsonline.com/assocphotos/2656/6a3249e7-d6e5-4c8e-a7e3-ff2ed108caf9.profile.jpeg
67aa2a09-87c2-4186-a846-ff331dfbb891,Augustus,Mazzocca,,https://files.abstractsonline.com/assocphotos/2656/67aa2a09-87c2-4186-a846-ff331dfbb891.profile.jpg
c406c026-5d8e-483c-87db-ff39590aff2f,Paul,Cagle,,
9ec57dd2-7340-4792-90c2-ff3b24633051,Raheyma,Siddiqui,,
6bb55470-d2b6-451d-ae01-ff47bc329354,Nadia,Gill,,
f3582716-e4e7-4a07-be4d-ff64bae667b0,Mohanad,Alebbini,,
5b3eab64-46e1-469d-8874-ff79adb603c3,Gurneet,Chhabda,,
ac6bcd2f-51d3-4e72-a731-ff8a1501289d,Sebastian,Mueller,,
ee7d7f80-5574-4faa-a730-ff8b80b7b190,Peter,Reilly,,
b942f7ff-246a-4eb7-98d1-ff8f32f5ec0e,Kun-Hui,CHEN,,
a1cd8e81-5c22-4cbb-bdd5-ffb2b114514b,Guilherme Henrique,Lima,,
51e8a453-d0d4-481f-923b-ffbb9db361c8,IREM,ERDOGDU,,
9efe9306-26ed-48de-aa10-ffbbbf477e9f,Tae,Ki-Sik,,
b7fce1e4-c410-463e-935a-ffcfd352b11c,Evan,Lederman,,
3d5546c1-a603-46cd-a64b-ffdf746810a6,Benjamin,Sears,,
003665b8-24a3-4a82-9b16-ffe5f295ea83,Kasia,Wegrzyn,,
c5e18f24-353a-4481-b8d6-fff1b86b5a24,Salem,Althuwaykh,,
